category,tool_name,tool_description,api_description,api_endpoint,hash_id
Food,Worldwide Recipes,"Over 2 MILLION recipes, nutrition, ingredients, users and reviews worldwide.",Get detail of recipe,https://worldwide-recipes1.p.rapidapi.com/api/detail,167fc042b59a982a15435b73868e5747
Food,Worldwide Recipes,"Over 2 MILLION recipes, nutrition, ingredients, users and reviews worldwide.",Get recipes by author,https://worldwide-recipes1.p.rapidapi.com/api/recipes-by-author,d8c4f1e706a85fd52ada9a5f7751ec71
Food,Worldwide Recipes,"Over 2 MILLION recipes, nutrition, ingredients, users and reviews worldwide.",Get reviews,https://worldwide-recipes1.p.rapidapi.com/api/review,47f3a387852eb74dbcb62be915f82408
Food,Worldwide Recipes,"Over 2 MILLION recipes, nutrition, ingredients, users and reviews worldwide.",Get more recipe from author,https://worldwide-recipes1.p.rapidapi.com/api/more-from-author,67ef2bfb05661d58711f443f61f1b094
Food,Worldwide Recipes,"Over 2 MILLION recipes, nutrition, ingredients, users and reviews worldwide.",Get related recipes,https://worldwide-recipes1.p.rapidapi.com/api/related,bf26971d805b29329f343f1d65ffc068
Food,Worldwide Recipes,"Over 2 MILLION recipes, nutrition, ingredients, users and reviews worldwide.",Search Recipe,https://worldwide-recipes1.p.rapidapi.com/api/search,8ad2beccd20f7d1c917dea250848e31f
Food,Worldwide Recipes,"Over 2 MILLION recipes, nutrition, ingredients, users and reviews worldwide.",Explore Recipes,https://worldwide-recipes1.p.rapidapi.com/api/explore,9aaca9c9c24f1fb28a00b8a9b5404cd0
Food,Worldwide Recipes,"Over 2 MILLION recipes, nutrition, ingredients, users and reviews worldwide.",Get Suggestions,https://worldwide-recipes1.p.rapidapi.com/api/suggestions,3cb1ff4b15bd051c0d1101d8df585e16
Food,The Cocktail DB,"Cocktail recipes with high-quality images stored on AWS S3 for fast accessibility. Easy to use!
Category: Food","This endpoint responds with a list of cocktails that includes their names and images, as well as their IDs, which must be provided in the ""Detailed Cocktail Recipe by ID"" endpoint to receive the detailed cocktail recipe.",https://the-cocktail-db3.p.rapidapi.com/,ea256ecc46596d90c930d349e4fbe8af
Food,The Cocktail DB,"Cocktail recipes with high-quality images stored on AWS S3 for fast accessibility. Easy to use!
Category: Food",Get Cocktail by ID,https://the-cocktail-db3.p.rapidapi.com/45,29bb1887173febf3b1bb5e4475497c03
Food,Burgers Hub,"This api returns kinds of burgers with there name, image, price, ingeridients etc",Get **Bugers** by searching there **Name**,https://burgers-hub.p.rapidapi.com/find-burger/?search=chicken,194624ddec0e9f207b2979730a9bbbe3
Food,Burgers Hub,"This api returns kinds of burgers with there name, image, price, ingeridients etc",Get specific **Burger**  by there **ID**,https://burgers-hub.p.rapidapi.com/burgers/1,2ead7de12da7582b25ddfde100ea85a8
Food,Burgers Hub,"This api returns kinds of burgers with there name, image, price, ingeridients etc",This endpoint returns all the burgers,https://burgers-hub.p.rapidapi.com/burgers,136ba731a58cb25330df68bcaf1577d2
Food,The Fork The Spoon,This API helps to query the best restaurant and meal around the world to create a traveling site/application such as thefork.com,Get all available information of specific restaurant,https://the-fork-the-spoon.p.rapidapi.com/restaurants/get-info,94a5f8ad8c6fa165a45eba028e99521b
Food,The Fork The Spoon,This API helps to query the best restaurant and meal around the world to create a traveling site/application such as thefork.com,Get suggestion by term or phrase,https://the-fork-the-spoon.p.rapidapi.com/restaurants/auto-complete,b815952ad3665ff2c541f562717021b4
Food,The Fork The Spoon,This API helps to query the best restaurant and meal around the world to create a traveling site/application such as thefork.com,Get suggestion by term or phrase,https://the-fork-the-spoon.p.rapidapi.com/locations/auto-complete,2566681e649dec68bd4a397f458acf10
Food,The Fork The Spoon,This API helps to query the best restaurant and meal around the world to create a traveling site/application such as thefork.com,Get menu of specific restaurant,https://the-fork-the-spoon.p.rapidapi.com/sale-type-menu/list,02d7c2893dd8495164b59c9130a6aeef
Food,The Fork The Spoon,This API helps to query the best restaurant and meal around the world to create a traveling site/application such as thefork.com,Get review stat of specific restaurant,https://the-fork-the-spoon.p.rapidapi.com/reviews/get-stat,452f2fba4251b9c8d71b91fbf657d478
Food,The Fork The Spoon,This API helps to query the best restaurant and meal around the world to create a traveling site/application such as thefork.com,List reviews of specific restaurant by diners,https://the-fork-the-spoon.p.rapidapi.com/reviews/list,a22381e7aa7fddb52a7227ea1c7230c4
Food,The Fork The Spoon,This API helps to query the best restaurant and meal around the world to create a traveling site/application such as thefork.com,List all best reviews of specific restaurant by diners,https://the-fork-the-spoon.p.rapidapi.com/reviews/list-best,79bfa425e033f94e25f4c84008b57681
Food,The Fork The Spoon,This API helps to query the best restaurant and meal around the world to create a traveling site/application such as thefork.com,List reviews of specific restaurant by diners,https://the-fork-the-spoon.p.rapidapi.com/reviews/v2/list,f896b2433088113f9a6f1d355f52b103
Food,The Fork The Spoon,This API helps to query the best restaurant and meal around the world to create a traveling site/application such as thefork.com,List all available food reported by other diners,https://the-fork-the-spoon.p.rapidapi.com/food-report/list,7be140586f8a245bfabdfbc0e91a8e19
Food,The Fork The Spoon,This API helps to query the best restaurant and meal around the world to create a traveling site/application such as thefork.com,List all available sale type of specific restaurant,https://the-fork-the-spoon.p.rapidapi.com/sale-type/list,786d13d8bdbb09f82a21c35d4601cf68
Food,The Fork The Spoon,This API helps to query the best restaurant and meal around the world to create a traveling site/application such as thefork.com,List restaurants with options and filters,https://the-fork-the-spoon.p.rapidapi.com/restaurants/v2/list,de301f95dc8a8d7690607fbea17b57dd
Food,The Fork The Spoon,This API helps to query the best restaurant and meal around the world to create a traveling site/application such as thefork.com,List relating locations by Google place id,https://the-fork-the-spoon.p.rapidapi.com/locations/list,183a3a6506fec2ab746df1dcb293606d
Food,The Fork The Spoon,This API helps to query the best restaurant and meal around the world to create a traveling site/application such as thefork.com,List relating locations by Google place id,https://the-fork-the-spoon.p.rapidapi.com/locations/v2/list,47bcd313717c4526ecd228f20e306db1
Food,The Fork The Spoon,This API helps to query the best restaurant and meal around the world to create a traveling site/application such as thefork.com,Get suggestion for locations by term or phrase,https://the-fork-the-spoon.p.rapidapi.com/locations/v2/auto-complete,b50cc2d21edf7f9ce49fc6d586428228
Food,The Fork The Spoon,This API helps to query the best restaurant and meal around the world to create a traveling site/application such as thefork.com,Get all available information of specific restaurant,https://the-fork-the-spoon.p.rapidapi.com/restaurants/v2/get-info,0589f1bc13965067dc7a69e8db221ed5
Food,The Fork The Spoon,This API helps to query the best restaurant and meal around the world to create a traveling site/application such as thefork.com,List restaurants with options and filters,https://the-fork-the-spoon.p.rapidapi.com/restaurants/list,defc95b85ee9bc5b43282ab5a5319273
Food,The Fork The Spoon,This API helps to query the best restaurant and meal around the world to create a traveling site/application such as thefork.com,Get suggestion for restaurants by term or phrase,https://the-fork-the-spoon.p.rapidapi.com/restaurants/v2/auto-complete,54f536b286426dcf310003833b4a47aa
Food,KFC Chickens,Provides you KFC dishes,Search Chicken Dishes by their **ID**,https://kfc-chickens.p.rapidapi.com/chickens/2,f2078d410fb24e9eef406fde1fdf3279
Food,KFC Chickens,Provides you KFC dishes,This Endpoint returns all the chicken dishes,https://kfc-chickens.p.rapidapi.com/chickens,5ef2211cd86ff6642d06ac7ecdeab034
Food,The Vegan Recipes DB,"Vegan Food Recipes with high-quality images stored on AWS S3 for fast accessibility. Easy to use!
Category: Food",Food Recipe by ID,https://the-vegan-recipes-db.p.rapidapi.com/45,a5bab7f1ca671eddd74c1433d6dc5a5f
Food,The Vegan Recipes DB,"Vegan Food Recipes with high-quality images stored on AWS S3 for fast accessibility. Easy to use!
Category: Food","This endpoint responds with a list of vegan foods that includes their names and images, as well as their IDs, which must be provided in the ""Detailed Food Recipe by ID"" endpoint to receive the detailed recipe.",https://the-vegan-recipes-db.p.rapidapi.com/,d008de9329c8ffde4553b23bb5d38a87
Food,Cocktails,The cocktail API with over 300 Cocktails! Get Cocktail and the ingredients. Get a random one or search!,Get a random cocktail with all ingredients,https://cocktails3.p.rapidapi.com/random,ef522dcf6eecc204a0df0dd844652434
Food,Cocktails,The cocktail API with over 300 Cocktails! Get Cocktail and the ingredients. Get a random one or search!,Get a random nonalcoholic cocktail with all ingredients,https://cocktails3.p.rapidapi.com/random/nonalcoholic,64338ae4daba4aae86f9d7068708e76a
Food,Cocktails,The cocktail API with over 300 Cocktails! Get Cocktail and the ingredients. Get a random one or search!,Get cocktails by its ingredients,https://cocktails3.p.rapidapi.com/search/byingredient/Gin,289497b1b6c6c259fd140c6e2d8a368b
Food,Cocktails,The cocktail API with over 300 Cocktails! Get Cocktail and the ingredients. Get a random one or search!,Search Cocktail by name,https://cocktails3.p.rapidapi.com/search/byname/Vodka Martini,b7974a6aebc10a59cef044c38514867e
Food,Fast Food Restaurants USA - TOP 50 Chains,"
Our Fast Food Restaurants API provides you with a comprehensive database of the most popular fast food chains, allowing you to access vital information about their locations, hours and web presence.

Sign up now to get access!",GET all City names,https://fast-food-restaurants-usa-top-50-chains.p.rapidapi.com/restaurants-top/all-city,79c78ce3fc269c1ebe663ee6e2684980
Food,Fast Food Restaurants USA - TOP 50 Chains,"
Our Fast Food Restaurants API provides you with a comprehensive database of the most popular fast food chains, allowing you to access vital information about their locations, hours and web presence.

Sign up now to get access!",GET all {State} names,https://fast-food-restaurants-usa-top-50-chains.p.rapidapi.com/restaurants-top/all-state,2e671cc344d21ff48c06f543454f5bc1
Food,Fast Food Restaurants USA - TOP 50 Chains,"
Our Fast Food Restaurants API provides you with a comprehensive database of the most popular fast food chains, allowing you to access vital information about their locations, hours and web presence.

Sign up now to get access!",Get all {Chain} names,https://fast-food-restaurants-usa-top-50-chains.p.rapidapi.com/restaurants-top/get-all-restaurant-names,adc85e5a4446bbe015a524ce461f0f4e
Food,Fast Food Restaurants USA - TOP 50 Chains,"
Our Fast Food Restaurants API provides you with a comprehensive database of the most popular fast food chains, allowing you to access vital information about their locations, hours and web presence.

Sign up now to get access!",**10 results per request. Use page number for Pagination.**,https://fast-food-restaurants-usa-top-50-chains.p.rapidapi.com/restaurants-top/Subway/location/state/MI/city/West Bloomfield/0,6c2565a9320fef635d6336f8ae3821a4
Food,Fast Food Restaurants USA - TOP 50 Chains,"
Our Fast Food Restaurants API provides you with a comprehensive database of the most popular fast food chains, allowing you to access vital information about their locations, hours and web presence.

Sign up now to get access!",**10 results per request. Use page number for Pagination.**,https://fast-food-restaurants-usa-top-50-chains.p.rapidapi.com/restaurants-top/kfc/location/0,f5b016ee911b1bc82af8f40ebe9fba0c
Food,Fast Food Restaurants USA - TOP 50 Chains,"
Our Fast Food Restaurants API provides you with a comprehensive database of the most popular fast food chains, allowing you to access vital information about their locations, hours and web presence.

Sign up now to get access!",**10 results per request. Use page number for Pagination.**,https://fast-food-restaurants-usa-top-50-chains.p.rapidapi.com/restaurants-top/Subway/location/state/AZ/0,63497b501e3d28b764bfc10613ffb441
Food,Fast Food Restaurants USA - TOP 50 Chains,"
Our Fast Food Restaurants API provides you with a comprehensive database of the most popular fast food chains, allowing you to access vital information about their locations, hours and web presence.

Sign up now to get access!",Get Restaurant {Logo} by {Chain} Name,https://fast-food-restaurants-usa-top-50-chains.p.rapidapi.com/restaurants-top/Pizza Hut/media,cd5949377b4213d0f2c59abfff3573b2
Food,Food Nutrional Data,Access thousands of food ingredients and their nutritional information,Search a food item and get all its nutritional information,https://food-nutrional-data.p.rapidapi.com/milk,0fb07eb4ea658ca274549b8e9cdb63d7
Food,Recipe Finder,"This recipe API allows users to search for recipes by ingredient. It returns a JSON response with the matching recipes, including the name, list of ingredients, and instructions.","This API endpoint allows users to retrieve a random icecream recipe that contains a specific ingredient. Users can make a GET request to the endpoint with the name of the ingredient as a query parameter, and the API will return a JSON response with the given recipe, including the name, list of ingredients, and instructions.",https://recipe-finder3.p.rapidapi.com/icecream/recipes,39acd8a78f188d7c71540c3df6725f0b
Food,Recipe Finder,"This recipe API allows users to search for recipes by ingredient. It returns a JSON response with the matching recipes, including the name, list of ingredients, and instructions.","This API endpoint allows users to retrieve a random cake recipe that contains a specific ingredient. Users can make a GET request to the endpoint with the name of the ingredient as a query parameter, and the API will return a JSON response with the given recipe, including the name, list of ingredients, and instructions.",https://recipe-finder3.p.rapidapi.com/cake/recipes,adbc104aef68d6e7f10e2258ea0dd853
Food,Recipe Finder,"This recipe API allows users to search for recipes by ingredient. It returns a JSON response with the matching recipes, including the name, list of ingredients, and instructions.","This API endpoint allows users to retrieve a random pastry recipe that contains a specific ingredient. Users can make a GET request to the endpoint with the name of the ingredient as a query parameter, and the API will return a JSON response with the given recipe, including the name, list of ingredients, and instructions.",https://recipe-finder3.p.rapidapi.com/pastry/recipes,3abf24a900eb200b6db8fe7e75cdca49
Food,Recipe Finder,"This recipe API allows users to search for recipes by ingredient. It returns a JSON response with the matching recipes, including the name, list of ingredients, and instructions.","This API endpoint allows users to retrieve a random side dish recipe that contains a specific ingredient. Users can make a GET request to the endpoint with the name of the ingredient as a query parameter, and the API will return a JSON response with the given recipe, including the name, list of ingredients, and instructions.",https://recipe-finder3.p.rapidapi.com/side-dish/recipes,2bc72367b517876d73a49102a2be0b83
Food,Recipe Finder,"This recipe API allows users to search for recipes by ingredient. It returns a JSON response with the matching recipes, including the name, list of ingredients, and instructions.","This API endpoint allows users to retrieve a random salad recipe that contains a specific ingredient. Users can make a GET request to the endpoint with the name of the ingredient as a query parameter, and the API will return a JSON response with the given recipe, including the name, list of ingredients, and instructions.",https://recipe-finder3.p.rapidapi.com/salad/recipes,ac1b44f2d96d975dafd276323bf289e7
Food,Recipe Finder,"This recipe API allows users to search for recipes by ingredient. It returns a JSON response with the matching recipes, including the name, list of ingredients, and instructions.","This API endpoint allows users to retrieve a random breakfast  recipe that contains a specific ingredient. Users can make a GET request to the endpoint with the name of the ingredient as a query parameter, and the API will return a JSON response with the given recipe, including the name, list of ingredients, and instructions.",https://recipe-finder3.p.rapidapi.com/breakfast/recipes,879f55a51e3b992f390a436a6288c035
Food,Recipe Finder,"This recipe API allows users to search for recipes by ingredient. It returns a JSON response with the matching recipes, including the name, list of ingredients, and instructions.","This API endpoint allows users to retrieve a random dinner  recipe that contains a specific ingredient. Users can make a GET request to the endpoint with the name of the ingredient as a query parameter, and the API will return a JSON response with the given recipe, including the name, list of ingredients, and instructions.",https://recipe-finder3.p.rapidapi.com/dinner/recipes,503e350ed1e1c44f449ac843ce870d31
Food,Recipe Finder,"This recipe API allows users to search for recipes by ingredient. It returns a JSON response with the matching recipes, including the name, list of ingredients, and instructions.","This API endpoint allows users to retrieve a random mediterranean  recipe that contains a specific ingredient. Users can make a GET request to the endpoint with the name of the ingredient as a query parameter, and the API will return a JSON response with the given recipe, including the name, list of ingredients, and instructions.",https://recipe-finder3.p.rapidapi.com/mediterranean/recipes,6cab2569b40f413dc9980db9817d0152
Food,Recipe Finder,"This recipe API allows users to search for recipes by ingredient. It returns a JSON response with the matching recipes, including the name, list of ingredients, and instructions.","This API endpoint allows users to retrieve a random appetizer  recipe that contains a specific ingredient. Users can make a GET request to the endpoint with the name of the ingredient as a query parameter, and the API will return a JSON response with the given recipe, including the name, list of ingredients, and instructions.",https://recipe-finder3.p.rapidapi.com/appetizer/recipes,b279335534ca785c4d29a6fc5aa0aec4
Food,Recipe Finder,"This recipe API allows users to search for recipes by ingredient. It returns a JSON response with the matching recipes, including the name, list of ingredients, and instructions.","This API endpoint allows users to retrieve a random lunch  recipe that contains a specific ingredient. Users can make a GET request to the endpoint with the name of the ingredient as a query parameter, and the API will return a JSON response with the given recipe, including the name, list of ingredients, and instructions.",https://recipe-finder3.p.rapidapi.com/lunch/recipes,45304fdab2b1797337a0be8c77daa043
Food,Recipe Finder,"This recipe API allows users to search for recipes by ingredient. It returns a JSON response with the matching recipes, including the name, list of ingredients, and instructions.","This API endpoint allows users to retrieve a random diet recipe that contains a specific ingredient. Users can make a GET request to the endpoint with the name of the ingredient as a query parameter, and the API will return a JSON response with the given recipe, including the name, list of ingredients, and instructions.",https://recipe-finder3.p.rapidapi.com/diet/recipes,95407b6c00e1a24719b75afce4e2e747
Food,Tasty,"API to query data about recipe, plan, ingredients, etc... as on official site",List recipes by option filters or name,https://tasty.p.rapidapi.com/recipes/list,4a2b1837592278339db88f695a7c7fc1
Food,Tasty,"API to query data about recipe, plan, ingredients, etc... as on official site",This endpoint is used to load tips (reviews),https://tasty.p.rapidapi.com/tips/list,ee25b595fd606ac8d8b0c0a7c4d2bae8
Food,Tasty,"API to query data about recipe, plan, ingredients, etc... as on official site","Get  more information of recipe if available, such as : ingredients, nutrition info, preparation, etc...",https://tasty.p.rapidapi.com/recipes/detail,9c0e5547a75e85f97d258513a0909438
Food,Tasty,"API to query data about recipe, plan, ingredients, etc... as on official site","List latest feeds about new food, recipes,etc...",https://tasty.p.rapidapi.com/feeds/list,be5476c2b09f2ebf38e3653c7bc6a9c7
Food,Tasty,"API to query data about recipe, plan, ingredients, etc... as on official site",List supported tags name for filtering in recipes/list API,https://tasty.p.rapidapi.com/tags/list,5108d04d528c45fc30eb7f667bc16a79
Food,Tasty,"API to query data about recipe, plan, ingredients, etc... as on official site",List similar recipes by specific recipe id,https://tasty.p.rapidapi.com/recipes/list-similarities,fe4bac3c2f590dfbc104da166d63a988
Food,Tasty,"API to query data about recipe, plan, ingredients, etc... as on official site",Get auto complete suggestions by name or ingredients,https://tasty.p.rapidapi.com/recipes/auto-complete,821ba649aa13563ea1bc309902a76ed5
Food,Tasty,"API to query data about recipe, plan, ingredients, etc... as on official site","Get  more information of recipe if available, such as : ingredients, nutrition info, preparation, etc... This endpoint returns 404 status code, it means there is no more information to obtain.
* .../recipes/list already returns ingredients, nutrition info, preparation, etc...",https://tasty.p.rapidapi.com/recipes/get-more-info,50a24c8b741b2ec10fbc317e5b2f04d7
Food,The Mexican Food DB,"Mexican Food Recipes with high-quality images stored on AWS S3 for fast accessibility. Easy to use!
Category: Food",Mexican Food Recipe by ID,https://the-mexican-food-db.p.rapidapi.com/4,228cbe913a02aa9a5c6d7f2827da74a0
Food,The Mexican Food DB,"Mexican Food Recipes with high-quality images stored on AWS S3 for fast accessibility. Easy to use!
Category: Food","This endpoint responds with a list of mexican foods that includes their names and images, as well as their IDs, which must be provided in the ""Detailed Food Recipe by ID"" endpoint to receive the detailed recipe.",https://the-mexican-food-db.p.rapidapi.com/,d9344b891216f132812c20f4f649e57b
Food,Low Carb Recipes,Highly flexible search over thousands of low-carb/keto recipes with rich nutrients information.,Search for recipes that match provided criterions,https://low-carb-recipes.p.rapidapi.com/search,5f603b986ffd8bebd1e7677fe65cc529
Food,Low Carb Recipes,Highly flexible search over thousands of low-carb/keto recipes with rich nutrients information.,Get a random recipe,https://low-carb-recipes.p.rapidapi.com/random,df44d921ec6680ce13a17a3192d54905
Food,Low Carb Recipes,Highly flexible search over thousands of low-carb/keto recipes with rich nutrients information.,Get details of the specified recipe,https://low-carb-recipes.p.rapidapi.com/recipes/2807982c-986a-4def-9e3a-153a3066af7a,063cac2fe042603373ff09bdea4228de
Food,Yummly,"API to query data about recipe, plan, ingredients, etc... as on official site",List feeds by category,https://yummly2.p.rapidapi.com/feeds/list,d08c531f142daf6aacf4b47de4702ffb
Food,Yummly,"API to query data about recipe, plan, ingredients, etc... as on official site","List reviews, feedback from other users",https://yummly2.p.rapidapi.com/reviews/list,022dcc9965fd17ea093572a77317e29e
Food,Yummly,"API to query data about recipe, plan, ingredients, etc... as on official site",List all categories of recipes,https://yummly2.p.rapidapi.com/categories/list,f5fadf6e6fe8bf64163d61cf63fe77b9
Food,Yummly,"API to query data about recipe, plan, ingredients, etc... as on official site",List similar recipes by name and author,https://yummly2.p.rapidapi.com/feeds/list-similarities,78f613d20988e40f08a8051b61b24ae2
Food,Yummly,"API to query data about recipe, plan, ingredients, etc... as on official site",Search for recipes by name and option filters,https://yummly2.p.rapidapi.com/feeds/search,e031b2cb6480c432c37e1a5a92a9024b
Food,Yummly,"API to query data about recipe, plan, ingredients, etc... as on official site","Get auto complete suggestions by name or ingredients, etc...",https://yummly2.p.rapidapi.com/feeds/auto-complete,4ac0354da9ac43dec8d1aeb5413f6853
Food,Yummly,"API to query data about recipe, plan, ingredients, etc... as on official site",List all tags in which recipes are group together,https://yummly2.p.rapidapi.com/tags/list,57ccd6a7d3b68e5596b4c223573ba6c0
Food,Recipe Search and Diet,"Since we understand the recipe _ ingredients, diets, allergies, nutrition, taste, techniques & more. We can connect your users with the best recipes available for their unique food preferences.


Search over 2 million recipes

- Search our large recipe database. We add new sites and recipes continuously.
- You will also get access to over 5000 top web recipe sources
- Our search algorithm returns the most relevant recipes from the most popular and best recipes sources on the web. We or...","Search 2 million recipes using keywords, 28 nutrients and 40 diet and health filters",https://edamam-recipe-search.p.rapidapi.com/search,c33e9cc39396cd67f8bb9241b8a4ba18
Food,The Birthday Cake DB,"Birthday cake recipes with high-quality images stored on AWS S3 for fast accessibility. Easy to use!
Category: Food",Get Cake Recipe by ID,https://the-birthday-cake-db.p.rapidapi.com/5,76c1c9c2e09a577084e0a2d577f8ea74
Food,The Birthday Cake DB,"Birthday cake recipes with high-quality images stored on AWS S3 for fast accessibility. Easy to use!
Category: Food","This endpoint responds with a list of cakes that includes their names and images, as well as their IDs, which must be provided in the ""Detailed Cake Recipe by ID	
"" endpoint to receive the detailed recipe.",https://the-birthday-cake-db.p.rapidapi.com/,6da73b895f758c7b1fe72a0f92d3e054
Food,Food Nutrition Information,search and find foods with their nutritional information,Retrieves a single food item by an FDC ID.,https://food-nutrition-information.p.rapidapi.com/food/1497465,0161414cbfa03c0c0b4a1917d63e7e2a
Food,Food Nutrition Information,search and find foods with their nutritional information,Search for foods using keywords.,https://food-nutrition-information.p.rapidapi.com/foods/search,0eeabd671c74c69c4498916fdef4cd28
Movies,Movie and TV shows Quotes,This API helps query for Famous Movies and TV shows quotes.,This endpoint will return back quotes by the given actor or actress.,https://movie-and-tv-shows-quotes.p.rapidapi.com/quotes/actor/al_pachino,0e3ae286f87875e0dd14467ceb198908
Movies,Movie and TV shows Quotes,This API helps query for Famous Movies and TV shows quotes.,This endpoint will return a random quote,https://movie-and-tv-shows-quotes.p.rapidapi.com/quotes/random/quote,3664531fe074ab9392dbd61872b75b04
Movies,Movie and TV shows Quotes,This API helps query for Famous Movies and TV shows quotes.,This endpoint will return quotes by given movie or TV show name,https://movie-and-tv-shows-quotes.p.rapidapi.com/quotes/from/the_wizard_of_oz,4bc70227ede2770cd16b0b07e1b39027
Movies,Movie and TV shows Quotes,This API helps query for Famous Movies and TV shows quotes.,This endpoint will return back quotes by the given year,https://movie-and-tv-shows-quotes.p.rapidapi.com/quotes/year/1939,a5a9ccd7cd2569063b101cbeb2d95361
Movies,Movie and TV shows Quotes,This API helps query for Famous Movies and TV shows quotes.,This end point will return back quotes delivered by the given character,https://movie-and-tv-shows-quotes.p.rapidapi.com/quotes/character/dorothy_gale,123d204041a5bd14134cb88cc5648aef
Movies,Movie and TV shows Quotes,This API helps query for Famous Movies and TV shows quotes.,This endpoint will return back individual quotes based on the given ID,https://movie-and-tv-shows-quotes.p.rapidapi.com/quotes/4,3efdaef82ee6c71257071f119499c8fe
Movies,Movie and TV shows Quotes,This API helps query for Famous Movies and TV shows quotes.,This endpoint will return back all the quotes in the API,https://movie-and-tv-shows-quotes.p.rapidapi.com/quotes,8db6189a2913ebf4002e8bbb00af3468
Movies,MoviesDatabase,"MoviesDatabase provides complete and updated data for over 9 million titles ( movies, series and episodes) and 11 million actors / crew and cast members",,https://moviesdatabase.p.rapidapi.com/titles/utils/genres,debad49b96e4bcd6a3e787d436176eeb
Movies,MoviesDatabase,"MoviesDatabase provides complete and updated data for over 9 million titles ( movies, series and episodes) and 11 million actors / crew and cast members",,https://moviesdatabase.p.rapidapi.com/titles/utils/lists,67cf7b1cc09dc945301de54c464358cc
Movies,MoviesDatabase,"MoviesDatabase provides complete and updated data for over 9 million titles ( movies, series and episodes) and 11 million actors / crew and cast members",,https://moviesdatabase.p.rapidapi.com/titles/search/akas/{aka},25833aa9a35683ecb2906656815c9032
Movies,MoviesDatabase,"MoviesDatabase provides complete and updated data for over 9 million titles ( movies, series and episodes) and 11 million actors / crew and cast members",,https://moviesdatabase.p.rapidapi.com/titles/search/keyword/{keyword},46cdcd724568e8f46eb996bc3f4dc8b6
Movies,MoviesDatabase,"MoviesDatabase provides complete and updated data for over 9 million titles ( movies, series and episodes) and 11 million actors / crew and cast members",Search by Title,https://moviesdatabase.p.rapidapi.com/titles/search/title/{title},2d35aff0d6068302e0e0542667d5ea71
Movies,MoviesDatabase,"MoviesDatabase provides complete and updated data for over 9 million titles ( movies, series and episodes) and 11 million actors / crew and cast members",,https://moviesdatabase.p.rapidapi.com/actors/random,21dc4d51c3d03dad0052be55fcd15475
Movies,MoviesDatabase,"MoviesDatabase provides complete and updated data for over 9 million titles ( movies, series and episodes) and 11 million actors / crew and cast members",,https://moviesdatabase.p.rapidapi.com/actors/{id},cf25eaad239e7fd36a8ca74edb2bd2dd
Movies,MoviesDatabase,"MoviesDatabase provides complete and updated data for over 9 million titles ( movies, series and episodes) and 11 million actors / crew and cast members",,https://moviesdatabase.p.rapidapi.com/titles/utils/titleTypes,b21d9685c84689a7e954157d74b459b0
Movies,MoviesDatabase,"MoviesDatabase provides complete and updated data for over 9 million titles ( movies, series and episodes) and 11 million actors / crew and cast members",,https://moviesdatabase.p.rapidapi.com/actors,53cf2f20e41d0d247a27337aa9ceebbe
Movies,MoviesDatabase,"MoviesDatabase provides complete and updated data for over 9 million titles ( movies, series and episodes) and 11 million actors / crew and cast members",,https://moviesdatabase.p.rapidapi.com/titles/series/{seriesId},641b09288695c862a75ea81ec33f91b0
Movies,MoviesDatabase,"MoviesDatabase provides complete and updated data for over 9 million titles ( movies, series and episodes) and 11 million actors / crew and cast members",,https://moviesdatabase.p.rapidapi.com/titles/x/upcoming,4c613eccfeaee3fb72f631a1a77ffdfb
Movies,MoviesDatabase,"MoviesDatabase provides complete and updated data for over 9 million titles ( movies, series and episodes) and 11 million actors / crew and cast members",,https://moviesdatabase.p.rapidapi.com/titles/{id}/ratings,1aa01d9241d6805ddecd6b4a769c6a54
Movies,MoviesDatabase,"MoviesDatabase provides complete and updated data for over 9 million titles ( movies, series and episodes) and 11 million actors / crew and cast members",,https://moviesdatabase.p.rapidapi.com/titles/{id}/crew,c38597359dbbc6b4de193b4874eb7755
Movies,MoviesDatabase,"MoviesDatabase provides complete and updated data for over 9 million titles ( movies, series and episodes) and 11 million actors / crew and cast members",,https://moviesdatabase.p.rapidapi.com/titles/series/{seriesId}/{season},e4563969bc9121b51fdda03d7f0435b1
Movies,MoviesDatabase,"MoviesDatabase provides complete and updated data for over 9 million titles ( movies, series and episodes) and 11 million actors / crew and cast members",,https://moviesdatabase.p.rapidapi.com/titles/episode/{id},47c5229f3fe720aaaa2de80df73854a7
Movies,MoviesDatabase,"MoviesDatabase provides complete and updated data for over 9 million titles ( movies, series and episodes) and 11 million actors / crew and cast members",,https://moviesdatabase.p.rapidapi.com/titles/{id}/main_actors,afc9c024bedd1951ef07c41637c60094
Movies,MoviesDatabase,"MoviesDatabase provides complete and updated data for over 9 million titles ( movies, series and episodes) and 11 million actors / crew and cast members",Titles by ids list,https://moviesdatabase.p.rapidapi.com/titles/x/titles-by-ids,8ca870a18fe715f77770a32d7f6fff9b
Movies,MoviesDatabase,"MoviesDatabase provides complete and updated data for over 9 million titles ( movies, series and episodes) and 11 million actors / crew and cast members",,https://moviesdatabase.p.rapidapi.com/titles/{id}/aka,7f72a913512820c6771ad2e2782090eb
Movies,MoviesDatabase,"MoviesDatabase provides complete and updated data for over 9 million titles ( movies, series and episodes) and 11 million actors / crew and cast members",,https://moviesdatabase.p.rapidapi.com/titles/random,d7a88f945aec3e8874765de5e1a70645
Movies,MoviesDatabase,"MoviesDatabase provides complete and updated data for over 9 million titles ( movies, series and episodes) and 11 million actors / crew and cast members",,https://moviesdatabase.p.rapidapi.com/titles/{id},60c24a447f125936f5c06df8b2876d89
Movies,MoviesDatabase,"MoviesDatabase provides complete and updated data for over 9 million titles ( movies, series and episodes) and 11 million actors / crew and cast members",,https://moviesdatabase.p.rapidapi.com/titles,7ad29518f95702f4917a5c4659ed3256
Movies,MoviesDatabase,"MoviesDatabase provides complete and updated data for over 9 million titles ( movies, series and episodes) and 11 million actors / crew and cast members",,https://moviesdatabase.p.rapidapi.com/titles/seasons/{seriesId},5e8b07f34b6970f8ef0398ad2c0776d7
Movies,Anime DB,"Complete anime data. Ranking, synopsis, genre, search by title. Over 20k data updated everyday","Get List of anime. You can search, sort an specify genre",https://anime-db.p.rapidapi.com/anime,e7e262f25fe9f65764e31ad55d97ca8c
Movies,Anime DB,"Complete anime data. Ranking, synopsis, genre, search by title. Over 20k data updated everyday","Get anime by its corresponding ID.

ID is got from 'Get All' endpoint",https://anime-db.p.rapidapi.com/anime/by-id/1,05c82c53d9b703c78fd5a49c35ca1d22
Movies,Anime DB,"Complete anime data. Ranking, synopsis, genre, search by title. Over 20k data updated everyday",Get Genres,https://anime-db.p.rapidapi.com/genre,820d6671cc541191d73f090073b4204e
Movies,Anime DB,"Complete anime data. Ranking, synopsis, genre, search by title. Over 20k data updated everyday",Get anime by ranking,https://anime-db.p.rapidapi.com/anime/by-ranking/1,1d9f39375ea7684e1d5fe93644d48e63
Movies,Advanced Movie Search,"Search for movies via advanced queries like genre, name, etc. And get all their details",Get list of all available genres,https://advanced-movie-search.p.rapidapi.com/genre/movie/list,2d262660b237c8bc3512fdf111710713
Movies,Advanced Movie Search,"Search for movies via advanced queries like genre, name, etc. And get all their details",Discover movies by Genre,https://advanced-movie-search.p.rapidapi.com/discover/movie,5620fd302d0a849430b5aee2fd95654c
Movies,Advanced Movie Search,"Search for movies via advanced queries like genre, name, etc. And get all their details",Search a movie by query string,https://advanced-movie-search.p.rapidapi.com/search/movie,dfca604a9de960ed6755f4e898e1c015
Movies,Advanced Movie Search,"Search for movies via advanced queries like genre, name, etc. And get all their details",Get detailed response for a movie ID,https://advanced-movie-search.p.rapidapi.com/movies/getdetails,3c7b305c888ba8d9971829ecf3930f61
Music,Genius - Song Lyrics,"Genius - Song Lyrics, Artists, Albums, Knowledge & More API",Song Recommendations,https://genius-song-lyrics1.p.rapidapi.com/song/recommendations/,43e0c79e4b9973d10d943888318604d9
Music,Genius - Song Lyrics,"Genius - Song Lyrics, Artists, Albums, Knowledge & More API",Song Lyrics,https://genius-song-lyrics1.p.rapidapi.com/song/lyrics/,fa865df40d895d9819b066bb4ca07658
Music,Genius - Song Lyrics,"Genius - Song Lyrics, Artists, Albums, Knowledge & More API",Videos,https://genius-song-lyrics1.p.rapidapi.com/videos/,0a4e73aece3c5db063482851e603f32e
Music,Genius - Song Lyrics,"Genius - Song Lyrics, Artists, Albums, Knowledge & More API",User Contributions (unreviewed annotations),https://genius-song-lyrics1.p.rapidapi.com/user/contributions/unreviewed_annotations/,58dfea80348703b440018d0cd46a2492
Music,Genius - Song Lyrics,"Genius - Song Lyrics, Artists, Albums, Knowledge & More API","An annotation is a piece of content about a part of a document. The document may be a song (hosted on Genius) or a web page (hosted anywhere). The part of a document that an annotation is attached to is called a referent.

Annotation data returned from the API includes both the substance of the annotation and the necessary information for displaying it in its original context.",https://genius-song-lyrics1.p.rapidapi.com/annotation/details/,7513974979cafd9c1259a702d21dab94
Music,Genius - Song Lyrics,"Genius - Song Lyrics, Artists, Albums, Knowledge & More API",User Contributions (transcriptions),https://genius-song-lyrics1.p.rapidapi.com/user/contributions/transcriptions/,fb0e82aec7ea51140331f7caa7707c26
Music,Genius - Song Lyrics,"Genius - Song Lyrics, Artists, Albums, Knowledge & More API",User Contributions (suggestions),https://genius-song-lyrics1.p.rapidapi.com/user/contributions/suggestions/,e59a38aae48122f9bc05a3d49f2383b6
Music,Genius - Song Lyrics,"Genius - Song Lyrics, Artists, Albums, Knowledge & More API",User Contributions (q&a),https://genius-song-lyrics1.p.rapidapi.com/user/contributions/questions_and_answers/,282470c94cf4fbe1fd68475c3ee2cfa0
Music,Genius - Song Lyrics,"Genius - Song Lyrics, Artists, Albums, Knowledge & More API",User Contributions (pyongs),https://genius-song-lyrics1.p.rapidapi.com/user/contributions/pyongs/,014faa011c4fe4e9f3120b33a53865a5
Music,Genius - Song Lyrics,"Genius - Song Lyrics, Artists, Albums, Knowledge & More API",User Contributions (articles),https://genius-song-lyrics1.p.rapidapi.com/user/contributions/articles/,ec5ce74782ef5e7b11d3cff11d900375
Music,Genius - Song Lyrics,"Genius - Song Lyrics, Artists, Albums, Knowledge & More API",User Contributions (annotations),https://genius-song-lyrics1.p.rapidapi.com/user/contributions/annotations/,98bc9918e836a1f9f4c482a7ad268105
Music,Genius - Song Lyrics,"Genius - Song Lyrics, Artists, Albums, Knowledge & More API",User Contributions (all),https://genius-song-lyrics1.p.rapidapi.com/user/contributions/,d670f06f6739badbb2381f6b401a9473
Music,Genius - Song Lyrics,"Genius - Song Lyrics, Artists, Albums, Knowledge & More API",User Following,https://genius-song-lyrics1.p.rapidapi.com/user/following/,63400697578ff40dddaf0325313631a2
Music,Genius - Song Lyrics,"Genius - Song Lyrics, Artists, Albums, Knowledge & More API",User Followers,https://genius-song-lyrics1.p.rapidapi.com/user/followers/,ddaef51e7e3c8a06ab738e286e078adc
Music,Genius - Song Lyrics,"Genius - Song Lyrics, Artists, Albums, Knowledge & More API",User Accomplishments,https://genius-song-lyrics1.p.rapidapi.com/user/accomplishments/,1e73a31ce89df2c8fef5e40859a642bc
Music,Genius - Song Lyrics,"Genius - Song Lyrics, Artists, Albums, Knowledge & More API",User Details,https://genius-song-lyrics1.p.rapidapi.com/user/details/,ddb6d594395c1e3d91e8500826edab86
Music,Genius - Song Lyrics,"Genius - Song Lyrics, Artists, Albums, Knowledge & More API",Leaderboard,https://genius-song-lyrics1.p.rapidapi.com/leaderboard/,10e9691cfb9a1c53eb34367d347123eb
Music,Genius - Song Lyrics,"Genius - Song Lyrics, Artists, Albums, Knowledge & More API",Web Page Referents,https://genius-song-lyrics1.p.rapidapi.com/web-page/referents/,6a50832461ec3b65893655cac64005ec
Music,Genius - Song Lyrics,"Genius - Song Lyrics, Artists, Albums, Knowledge & More API",Chart: Albums,https://genius-song-lyrics1.p.rapidapi.com/chart/albums/,3a84e5f72e6b723489e62b9b670b40c6
Music,Genius - Song Lyrics,"Genius - Song Lyrics, Artists, Albums, Knowledge & More API",Chart: Songs,https://genius-song-lyrics1.p.rapidapi.com/chart/songs/,37564b75b4317ac8f30ed08535aa6428
Music,Genius - Song Lyrics,"Genius - Song Lyrics, Artists, Albums, Knowledge & More API",Annotation Versions,https://genius-song-lyrics1.p.rapidapi.com/annotation/versions/,8b1230d7e3ee6a384a64f6664f4c3a55
Music,Genius - Song Lyrics,"Genius - Song Lyrics, Artists, Albums, Knowledge & More API",Album Comments,https://genius-song-lyrics1.p.rapidapi.com/album/comments/,6a8106368b72c4b757af7105fef65026
Music,Genius - Song Lyrics,"Genius - Song Lyrics, Artists, Albums, Knowledge & More API",Artist Leaderboard,https://genius-song-lyrics1.p.rapidapi.com/artist/leaderboard/,cf1c4274a07e480787c8a5c35637a2d2
Music,Genius - Song Lyrics,"Genius - Song Lyrics, Artists, Albums, Knowledge & More API",Artist Activity,https://genius-song-lyrics1.p.rapidapi.com/artist/activity/,55bc671036a19c74fd6b50036037c683
Music,Genius - Song Lyrics,"Genius - Song Lyrics, Artists, Albums, Knowledge & More API","A web page is a single, publicly accessible page to which annotations may be attached. Web pages map 1-to-1 with unique, canonical URLs.

Information about a web page retrieved by the page's full URL (including protocol). The returned data includes Genius's ID for the page, which may be used to look up associated referents with the /referents endpoint.

Data is only available for pages that already have at least one annotation.",https://genius-song-lyrics1.p.rapidapi.com/web-page/lookup/,b397c7920c9c67ad19baa2b8cd060b43
Music,Genius - Song Lyrics,"Genius - Song Lyrics, Artists, Albums, Knowledge & More API","Referents are the sections of a piece of content to which annotations are attached. Each referent is associated with a web page or a song and may have one or more annotations. Referents can be searched by the document they are attached to or by the user that created them.

Referents by content item or user responsible for an included annotation.

You may pass only one of song_id and web_page_id, not both.",https://genius-song-lyrics1.p.rapidapi.com/referents/,54bd49bc6ff61f0eb55561cd063477b9
Music,Genius - Song Lyrics,"Genius - Song Lyrics, Artists, Albums, Knowledge & More API",Album Appearances,https://genius-song-lyrics1.p.rapidapi.com/album/appearances/,9ffc466c34baf4eb58ebc91a638573e3
Music,Genius - Song Lyrics,"Genius - Song Lyrics, Artists, Albums, Knowledge & More API",Documents (songs) for the artist specified.,https://genius-song-lyrics1.p.rapidapi.com/artist/songs/,036f5a37470bc0d37cc1cfe738b9307e
Music,Genius - Song Lyrics,"Genius - Song Lyrics, Artists, Albums, Knowledge & More API",Get artist albums,https://genius-song-lyrics1.p.rapidapi.com/artist/albums/,e78f5578857ce0691745956436404ecc
Music,Genius - Song Lyrics,"Genius - Song Lyrics, Artists, Albums, Knowledge & More API",An artist is how Genius represents the creator of one or more songs (or other documents hosted on Genius). It's usually a musician or group of musicians.,https://genius-song-lyrics1.p.rapidapi.com/artist/details/,39d6338f4e5b58081a8e5a4968022fc7
Music,Genius - Song Lyrics,"Genius - Song Lyrics, Artists, Albums, Knowledge & More API",The search capability covers all content hosted on Genius (all songs).,https://genius-song-lyrics1.p.rapidapi.com/search/,be471d016e797992d031f245c88b84e9
Music,Genius - Song Lyrics,"Genius - Song Lyrics, Artists, Albums, Knowledge & More API",Song Comments,https://genius-song-lyrics1.p.rapidapi.com/song/comments/,a5ab489f5496f2697044ad674a2d54e6
Music,Genius - Song Lyrics,"Genius - Song Lyrics, Artists, Albums, Knowledge & More API","A song is a document hosted on Genius. It's usually music lyrics.

Data for a song includes details about the document itself and information about all the referents that are attached to it, including the text to which they refer.",https://genius-song-lyrics1.p.rapidapi.com/song/details/,5e17beb3ea483687d60f6a9e9e080595
Music,Genius - Song Lyrics,"Genius - Song Lyrics, Artists, Albums, Knowledge & More API",Album Details,https://genius-song-lyrics1.p.rapidapi.com/album/details/,4059281517a0c5be4d269049a59f9d4d
Music,Genius - Song Lyrics,"Genius - Song Lyrics, Artists, Albums, Knowledge & More API",The multi search capability covers all content hosted on Genius (all sections).,https://genius-song-lyrics1.p.rapidapi.com/search/multi/,4c158830b49f5976d1c537b0ae090fc5
Music,Genius - Song Lyrics,"Genius - Song Lyrics, Artists, Albums, Knowledge & More API",Chart: Referents,https://genius-song-lyrics1.p.rapidapi.com/chart/referents/,b12b7bceba6091fc172259866d4bc2ec
Music,Genius - Song Lyrics,"Genius - Song Lyrics, Artists, Albums, Knowledge & More API",Chart: Artists,https://genius-song-lyrics1.p.rapidapi.com/chart/artists/,09ec1807a7b78494e574460824daf9e6
Music,Billboard-API,"Providing the Billboard chart rankings and information on titles, artists, lyrics, images, and more.",Provide the New Zealand Songs chart information,https://billboard-api2.p.rapidapi.com/country-songs-chart/new-zealand,68e330dc5e408885106e7aa5dc8e3cc2
Music,Billboard-API,"Providing the Billboard chart rankings and information on titles, artists, lyrics, images, and more.",Provide the BILLBOARD JAPAN HOT 100 chart information,https://billboard-api2.p.rapidapi.com/billboard-japan-hot-100,34ee12059288ea2393c2b8d39e3e6e2e
Music,Billboard-API,"Providing the Billboard chart rankings and information on titles, artists, lyrics, images, and more.",Provide the U.K. Songs chart information,https://billboard-api2.p.rapidapi.com/country-songs-chart/u-k,64b948c14746d3b930c1819a59472969
Music,Billboard-API,"Providing the Billboard chart rankings and information on titles, artists, lyrics, images, and more.",Provide the Turkey Songs chart information,https://billboard-api2.p.rapidapi.com/country-songs-chart/turkey,3788198b9837036bc1bd925b83eaf7fa
Music,Billboard-API,"Providing the Billboard chart rankings and information on titles, artists, lyrics, images, and more.",Provide the Taiwan Songs chart information,https://billboard-api2.p.rapidapi.com/country-songs-chart/taiwan,7bc28d0bda217caa64b6d44775838715
Music,Billboard-API,"Providing the Billboard chart rankings and information on titles, artists, lyrics, images, and more.",Provide the Switzerland Songs chart information,https://billboard-api2.p.rapidapi.com/country-songs-chart/switzerland,a7296c3e5afb664ed084b319af456b0d
Music,Billboard-API,"Providing the Billboard chart rankings and information on titles, artists, lyrics, images, and more.",Provide the Sweden Songs chart information,https://billboard-api2.p.rapidapi.com/country-songs-chart/sweden,23fa41300e11ae06d4810840fd48963b
Music,Billboard-API,"Providing the Billboard chart rankings and information on titles, artists, lyrics, images, and more.",Provide the Spain Songs chart information,https://billboard-api2.p.rapidapi.com/country-songs-chart/spain,186a8cc25453992f3c22ea5af9e7820a
Music,Billboard-API,"Providing the Billboard chart rankings and information on titles, artists, lyrics, images, and more.",Provide the South Korea Songs chart information,https://billboard-api2.p.rapidapi.com/country-songs-chart/south-korea,7493118c786da9b2068b92c889772d79
Music,Billboard-API,"Providing the Billboard chart rankings and information on titles, artists, lyrics, images, and more.",Provide the South Africa Songs chart information,https://billboard-api2.p.rapidapi.com/country-songs-chart/south-africa,cf2fa4302bc6585982658820c8b11b51
Music,Billboard-API,"Providing the Billboard chart rankings and information on titles, artists, lyrics, images, and more.",Provide the Slovakia Songs chart information,https://billboard-api2.p.rapidapi.com/country-songs-chart/slovakia,87ec7dbee5a837f07a3f3ff9fd8ef666
Music,Billboard-API,"Providing the Billboard chart rankings and information on titles, artists, lyrics, images, and more.",Provide the Singapore Songs chart information,https://billboard-api2.p.rapidapi.com/country-songs-chart/singapore,fa2b70f352a950fc49a09f300d1e2876
Music,Billboard-API,"Providing the Billboard chart rankings and information on titles, artists, lyrics, images, and more.",Provide the Romania Songs chart information,https://billboard-api2.p.rapidapi.com/country-songs-chart/romania,42c32c3b293652780bebc33c63f5d1c9
Music,Billboard-API,"Providing the Billboard chart rankings and information on titles, artists, lyrics, images, and more.",Provide the Portugal Songs chart information,https://billboard-api2.p.rapidapi.com/country-songs-chart/portugal,44786015ccdae1157002b17fd35a8197
Music,Billboard-API,"Providing the Billboard chart rankings and information on titles, artists, lyrics, images, and more.",Provide the Poland Songs chart information,https://billboard-api2.p.rapidapi.com/country-songs-chart/poland,7f4c3d696ee1935ae70c32bc1d6e1e77
Music,Billboard-API,"Providing the Billboard chart rankings and information on titles, artists, lyrics, images, and more.",Provide the Philippines Songs chart information,https://billboard-api2.p.rapidapi.com/country-songs-chart/philippines,577068e497c301b9685948c26048e3ff
Music,Billboard-API,"Providing the Billboard chart rankings and information on titles, artists, lyrics, images, and more.",Provide the Peru Songs chart information,https://billboard-api2.p.rapidapi.com/country-songs-chart/peru,cf3371768a2e79b91bb195cb6070b00c
Music,Billboard-API,"Providing the Billboard chart rankings and information on titles, artists, lyrics, images, and more.",Provide the Norway Songs chart information,https://billboard-api2.p.rapidapi.com/country-songs-chart/norway,ce9c772a279046d1ed23beca46ee6222
Music,Billboard-API,"Providing the Billboard chart rankings and information on titles, artists, lyrics, images, and more.",Provide the Netherlands Songs chart information,https://billboard-api2.p.rapidapi.com/country-songs-chart/netherlands,06ae54f04f53bed3b06fb304d2c8f941
Music,Billboard-API,"Providing the Billboard chart rankings and information on titles, artists, lyrics, images, and more.",Provide the Mexico Songs chart information,https://billboard-api2.p.rapidapi.com/country-songs-chart/mexico,0339076ca0105dc453dcfad8fb79dede
Music,Billboard-API,"Providing the Billboard chart rankings and information on titles, artists, lyrics, images, and more.",Provide the Malaysia Songs chart information,https://billboard-api2.p.rapidapi.com/country-songs-chart/malaysia,41b5964b7be682095879003a3dbbda30
Music,Billboard-API,"Providing the Billboard chart rankings and information on titles, artists, lyrics, images, and more.",Provide the Luxembourg Songs chart information,https://billboard-api2.p.rapidapi.com/country-songs-chart/luxembourg,05e1cc5e9b4bb3d607bd47e4fbe948d5
Music,Billboard-API,"Providing the Billboard chart rankings and information on titles, artists, lyrics, images, and more.",Provide the Ireland Songs chart information,https://billboard-api2.p.rapidapi.com/country-songs-chart/ireland,5f1824e0fa283a7f4fd66803ae4911f6
Music,Billboard-API,"Providing the Billboard chart rankings and information on titles, artists, lyrics, images, and more.",Provide the Indonesia Songs chart information,https://billboard-api2.p.rapidapi.com/country-songs-chart/indonesia,8dc03ab0569d2bbdbd3c6f31a7efe632
Music,Billboard-API,"Providing the Billboard chart rankings and information on titles, artists, lyrics, images, and more.",Provide the India Songs chart information,https://billboard-api2.p.rapidapi.com/country-songs-chart/india,d318ff8e4e2c3630bfaaa724b6aaf188
Music,Billboard-API,"Providing the Billboard chart rankings and information on titles, artists, lyrics, images, and more.",Provide the Iceland Songs chart information,https://billboard-api2.p.rapidapi.com/country-songs-chart/iceland,bdb35c4249879df219a1955e51bed14c
Music,Billboard-API,"Providing the Billboard chart rankings and information on titles, artists, lyrics, images, and more.",Provide the Hungary Songs chart information,https://billboard-api2.p.rapidapi.com/country-songs-chart/hungary,7c38e7ffab00e4220c383735698cfa00
Music,Billboard-API,"Providing the Billboard chart rankings and information on titles, artists, lyrics, images, and more.",Provide the Hong Kong Songs chart information,https://billboard-api2.p.rapidapi.com/country-songs-chart/hong-kong,08b79973146a9170cd7128c35b6d8c8b
Music,Billboard-API,"Providing the Billboard chart rankings and information on titles, artists, lyrics, images, and more.",Provide the Greece Songs chart information,https://billboard-api2.p.rapidapi.com/country-songs-chart/greece,0e9d6d0225a1fd01a8f1e9b9341d7489
Music,Billboard-API,"Providing the Billboard chart rankings and information on titles, artists, lyrics, images, and more.",Provide the Germany Songs chart information,https://billboard-api2.p.rapidapi.com/country-songs-chart/germany,c34e94165261edf84df7b4baa4d32b8e
Music,Billboard-API,"Providing the Billboard chart rankings and information on titles, artists, lyrics, images, and more.",Provide the France Songs chart information,https://billboard-api2.p.rapidapi.com/country-songs-chart/france,613af51726ee4e02844481c99f769afd
Music,Billboard-API,"Providing the Billboard chart rankings and information on titles, artists, lyrics, images, and more.",Provide the Finland Songs chart information,https://billboard-api2.p.rapidapi.com/country-songs-chart/finland,1dc8e50280b333621cd6b6d3f89888d1
Music,Billboard-API,"Providing the Billboard chart rankings and information on titles, artists, lyrics, images, and more.",Provide the Ecuador Songs chart information,https://billboard-api2.p.rapidapi.com/country-songs-chart/ecuador,8f95519cdf8b081ac531ec1cb1d9b1fc
Music,Billboard-API,"Providing the Billboard chart rankings and information on titles, artists, lyrics, images, and more.",Provide the Denmark Songs chart information,https://billboard-api2.p.rapidapi.com/country-songs-chart/denmark,18b8f191e99258e9d4c7f667f651ec53
Music,Billboard-API,"Providing the Billboard chart rankings and information on titles, artists, lyrics, images, and more.",Provide the Czech Republic Songs chart information,https://billboard-api2.p.rapidapi.com/country-songs-chart/czech-republic,31a5f06f361bf0fcb1759955c9c4aae4
Music,Billboard-API,"Providing the Billboard chart rankings and information on titles, artists, lyrics, images, and more.",Provide the Croatia Songs chart information,https://billboard-api2.p.rapidapi.com/country-songs-chart/croatia,4df9c8fd5615064bdd215a9657d24294
Music,Billboard-API,"Providing the Billboard chart rankings and information on titles, artists, lyrics, images, and more.",Provide the Colombia Songs chart information,https://billboard-api2.p.rapidapi.com/country-songs-chart/colombia,aa726bc409db725c1d406d734b60c9e7
Music,Billboard-API,"Providing the Billboard chart rankings and information on titles, artists, lyrics, images, and more.",Provide the Chile Songs chart information,https://billboard-api2.p.rapidapi.com/country-songs-chart/chile,cd903e52dfc93f0c965316403374d20a
Music,Billboard-API,"Providing the Billboard chart rankings and information on titles, artists, lyrics, images, and more.",Provide the Brazil Songs chart information,https://billboard-api2.p.rapidapi.com/country-songs-chart/brazil,d2c525fa22a88899b9ce6edfd9824c94
Music,Billboard-API,"Providing the Billboard chart rankings and information on titles, artists, lyrics, images, and more.",Provide the Bolivia Songs chart information,https://billboard-api2.p.rapidapi.com/country-songs-chart/bolivia,ded086f7f406da1d061b10303baacbe2
Music,Billboard-API,"Providing the Billboard chart rankings and information on titles, artists, lyrics, images, and more.",Provide the Belgium Songs chart information,https://billboard-api2.p.rapidapi.com/country-songs-chart/belgium,c3bd391f9b01614144b67ff18dafb5e7
Music,Billboard-API,"Providing the Billboard chart rankings and information on titles, artists, lyrics, images, and more.",Provide the Austria Songs chart information,https://billboard-api2.p.rapidapi.com/country-songs-chart/austria,dc9d7ba890c898815bb2dc5179395666
Music,Billboard-API,"Providing the Billboard chart rankings and information on titles, artists, lyrics, images, and more.",Provide the Australia Songs chart information,https://billboard-api2.p.rapidapi.com/country-songs-chart/australia,fb1e23ca428cae8fa382b8ff8a9dc5cd
Music,Billboard-API,"Providing the Billboard chart rankings and information on titles, artists, lyrics, images, and more.",Provide the Greatest of All Time Adult Alternative Songs chart information,https://billboard-api2.p.rapidapi.com/goat-chart/greatest-of-all-time-adult-alternative-songs,5d39fe9f47ae6aeea8b9bebe2a9cab34
Music,Billboard-API,"Providing the Billboard chart rankings and information on titles, artists, lyrics, images, and more.",Provide the Greatest of All Time Top R&B/Hip-Hop Artists chart information,https://billboard-api2.p.rapidapi.com/goat-chart/greatest-r-b-hip-hop-artists,5200ea939b3865e74613a90b72acb029
Music,Billboard-API,"Providing the Billboard chart rankings and information on titles, artists, lyrics, images, and more.",Provide the Greatest of All Time Hot Latin Songs Artists chart information,https://billboard-api2.p.rapidapi.com/goat-chart/greatest-hot-latin-songs-artists,71354c681f587d58b178309cdfb7eab9
Music,Billboard-API,"Providing the Billboard chart rankings and information on titles, artists, lyrics, images, and more.",Provide the Greatest of All Time Songs of the Summer chart information,https://billboard-api2.p.rapidapi.com/goat-chart/greatest-of-all-time-songs-of-the-summer,0cb62e5918a230d9ca4d8e9096df2e43
Music,Billboard-API,"Providing the Billboard chart rankings and information on titles, artists, lyrics, images, and more.",Provide the Greatest of All Time Hot 100 Women Artists chart information,https://billboard-api2.p.rapidapi.com/goat-chart/greatest-hot-100-women-artists,442fc46f0f807b294147ab36397fd420
Music,Billboard-API,"Providing the Billboard chart rankings and information on titles, artists, lyrics, images, and more.",Provide the Greatest of All Time Mainstream Rock Artists chart information,https://billboard-api2.p.rapidapi.com/goat-chart/greatest-of-all-time-mainstream-rock-artists,3bf65e873ad41ce48bb1bf4814c7d891
Music,Billboard-API,"Providing the Billboard chart rankings and information on titles, artists, lyrics, images, and more.",Provide the Greatest of All Time Mainstream Rock Songs chart information,https://billboard-api2.p.rapidapi.com/goat-chart/greatest-of-all-time-mainstream-rock-songs,7f37f7ed2ab98bb6339e34a473e4c73e
Music,Billboard-API,"Providing the Billboard chart rankings and information on titles, artists, lyrics, images, and more.",Provide the Greatest of All Time Adult Alternative Artists chart information,https://billboard-api2.p.rapidapi.com/goat-chart/greatest-of-all-time-adult-alternative-artists,6f285df8a7b8605929965a451e262d6d
Music,Billboard-API,"Providing the Billboard chart rankings and information on titles, artists, lyrics, images, and more.",Provide the Greatest of All Time Alternative Artists chart information,https://billboard-api2.p.rapidapi.com/goat-chart/greatest-alternative-artists,996fdd0a48d1555b31cea5f8e1e838a0
Music,Billboard-API,"Providing the Billboard chart rankings and information on titles, artists, lyrics, images, and more.",Provide the Greatest of All Time Alternative Songs chart information,https://billboard-api2.p.rapidapi.com/goat-chart/greatest-alternative-songs,fcbb1da0cd380d6a94ce0008f62b74a9
Music,Billboard-API,"Providing the Billboard chart rankings and information on titles, artists, lyrics, images, and more.",Provide the Greatest of All Time Top R&B/Hip-Hop Albums chart information,https://billboard-api2.p.rapidapi.com/goat-chart/greatest-r-b-hip-hop-albums,df09ba8b4e5bc9ba174851ea74ba44f6
Music,Billboard-API,"Providing the Billboard chart rankings and information on titles, artists, lyrics, images, and more.",Provide the Greatest of All Time Hot R&B/Hip-Hop Songs chart information,https://billboard-api2.p.rapidapi.com/goat-chart/greatest-r-b-hip-hop-songs,2e023d04a0fed4b42081b34f322be3d6
Music,Billboard-API,"Providing the Billboard chart rankings and information on titles, artists, lyrics, images, and more.",Provide the Greatest of All Time Top Dance Club Artists chart information,https://billboard-api2.p.rapidapi.com/goat-chart/greatest-top-dance-club-artists,62cbb8b53a6c48ff5b29a0329572b088
Music,Billboard-API,"Providing the Billboard chart rankings and information on titles, artists, lyrics, images, and more.",Provide the Greatest of All Time Hot Latin Songs chart information,https://billboard-api2.p.rapidapi.com/goat-chart/greatest-hot-latin-songs,7927a8194fb0fe352660574e339bd16d
Music,Billboard-API,"Providing the Billboard chart rankings and information on titles, artists, lyrics, images, and more.",Provide the Greatest of All Time Latin Artists chart information,https://billboard-api2.p.rapidapi.com/goat-chart/greatest-of-all-time-latin-artists,976883928384179bbdd8bdfda7db4399
Music,Billboard-API,"Providing the Billboard chart rankings and information on titles, artists, lyrics, images, and more.",Provide the Greatest of All Time Top Country Artists chart information,https://billboard-api2.p.rapidapi.com/goat-chart/greatest-country-artists,52828fef647f18e6a64c240561397a20
Music,Billboard-API,"Providing the Billboard chart rankings and information on titles, artists, lyrics, images, and more.",Provide the Greatest of All Time Top Country Albums chart information,https://billboard-api2.p.rapidapi.com/goat-chart/greatest-country-albums,45ed5f0f4e57ded37f4bff61a1cdbe61
Music,Billboard-API,"Providing the Billboard chart rankings and information on titles, artists, lyrics, images, and more.",Provide the Greatest of All Time Hot Country Songs chart information,https://billboard-api2.p.rapidapi.com/goat-chart/greatest-country-songs,8b8f1f0d7ace9d08e0b6a8a694c40d67
Music,Billboard-API,"Providing the Billboard chart rankings and information on titles, artists, lyrics, images, and more.",Provide the Greatest of All Time Adult Pop Songs Artists chart information,https://billboard-api2.p.rapidapi.com/goat-chart/greatest-adult-pop-artists,c169ec47a0b3ec6546f026a3cc599aaa
Music,Billboard-API,"Providing the Billboard chart rankings and information on titles, artists, lyrics, images, and more.",Provide the Greatest of All Time Adult Pop Songs chart information,https://billboard-api2.p.rapidapi.com/goat-chart/greatest-adult-pop-songs,9c646358ca19da5b455f9e7339ef3150
Music,Billboard-API,"Providing the Billboard chart rankings and information on titles, artists, lyrics, images, and more.",Provide the Greatest of All Time Pop Songs Artists chart information,https://billboard-api2.p.rapidapi.com/goat-chart/greatest-of-all-time-pop-songs-artists,76be24cd09ea716ba3b013a474dd214e
Music,Billboard-API,"Providing the Billboard chart rankings and information on titles, artists, lyrics, images, and more.",Provide the Greatest of All Time Pop Songs chart information,https://billboard-api2.p.rapidapi.com/goat-chart/greatest-of-all-time-pop-songs,8c919a0888bb54f4b0ee2650811eb047
Music,Billboard-API,"Providing the Billboard chart rankings and information on titles, artists, lyrics, images, and more.",Provide the Greatest of All Time Top Holiday Albums chart information,https://billboard-api2.p.rapidapi.com/goat-chart/greatest-of-all-time-top-holiday-albums,e73330debd06293958f4f9faf75e3306
Music,Billboard-API,"Providing the Billboard chart rankings and information on titles, artists, lyrics, images, and more.",Provide the Greatest of All Time Holiday 100 Songs chart information,https://billboard-api2.p.rapidapi.com/goat-chart/greatest-of-all-time-holiday-100-songs,9767565cb4c79d2ff234b7386e329f5b
Music,Billboard-API,"Providing the Billboard chart rankings and information on titles, artists, lyrics, images, and more.",Provide the Greatest of All Time Songs of the '90s chart information,https://billboard-api2.p.rapidapi.com/goat-chart/greatest-billboards-top-songs-90s,12102e49bf7251f93136b5f995d97ee4
Music,Billboard-API,"Providing the Billboard chart rankings and information on titles, artists, lyrics, images, and more.",Provide the Greatest of All Time Songs of the '80s chart information,https://billboard-api2.p.rapidapi.com/goat-chart/greatest-billboards-top-songs-80s,872715e44f1e3f679059a6d270349c55
Music,Billboard-API,"Providing the Billboard chart rankings and information on titles, artists, lyrics, images, and more.",Provide the Greatest of All Time Billboard 200 Albums by Women chart information,https://billboard-api2.p.rapidapi.com/goat-chart/greatest-billboard-200-albums-by-women,5cc61ebd4e88c1c32d6cd094e8e6305d
Music,Billboard-API,"Providing the Billboard chart rankings and information on titles, artists, lyrics, images, and more.",Provide the Greatest of All Time Hot 100 Songs by Women chart information,https://billboard-api2.p.rapidapi.com/goat-chart/greatest-hot-100-songs-by-women,defedb6928f548d763a79461f2cf415d
Music,Billboard-API,"Providing the Billboard chart rankings and information on titles, artists, lyrics, images, and more.",Provide the Greatest of All Time Billboard 200 Artists chart information,https://billboard-api2.p.rapidapi.com/goat-chart/greatest-billboard-200-artists,5ffcc634c76032c79033871164011eb3
Music,Billboard-API,"Providing the Billboard chart rankings and information on titles, artists, lyrics, images, and more.",Provide the Greatest of All Time Billboard 200 Albums chart information,https://billboard-api2.p.rapidapi.com/goat-chart/greatest-billboard-200-albums,1bbf71dbd65e45f5b20b95b7bbc978b5
Music,Billboard-API,"Providing the Billboard chart rankings and information on titles, artists, lyrics, images, and more.",Provide the Greatest of All Time Hot 100 Artists chart information,https://billboard-api2.p.rapidapi.com/goat-chart/greatest-hot-100-artists,927dbb5a993ef48b212182221d093555
Music,Billboard-API,"Providing the Billboard chart rankings and information on titles, artists, lyrics, images, and more.",Provide the Greatest of All Time Hot 100 Songs chart information,https://billboard-api2.p.rapidapi.com/goat-chart/greatest-hot-100-singles,0b40151e4f72bf0426a48bfa271b2154
Music,Billboard-API,"Providing the Billboard chart rankings and information on titles, artists, lyrics, images, and more.",Provide the Greatest of All Time Artists chart information,https://billboard-api2.p.rapidapi.com/goat-chart/greatest-of-all-time-artists,dd53e75570fc90aa3f16f3195a092e28
Music,Billboard-API,"Providing the Billboard chart rankings and information on titles, artists, lyrics, images, and more.",Provide the HOT TRENDING SONGS POWERED BY TWITTER chart information,https://billboard-api2.p.rapidapi.com/hot-trending-songs-powered-by-twitter,6a43f1d5ff995969adac4867cfbb0293
Music,Billboard-API,"Providing the Billboard chart rankings and information on titles, artists, lyrics, images, and more.",Provide the BILLBOARD U.S. AFROBEATS SONGS chart information,https://billboard-api2.p.rapidapi.com/billboard-us-afrobeats-songs,278c668889b2a333be008e6a985d0f74
Music,Billboard-API,"Providing the Billboard chart rankings and information on titles, artists, lyrics, images, and more.",Provide the ARTIST 100 chart information,https://billboard-api2.p.rapidapi.com/artist-100,30272dbef3687f8ab9c2dcc875bc547d
Music,Billboard-API,"Providing the Billboard chart rankings and information on titles, artists, lyrics, images, and more.",Provide the HOT 100 chart information,https://billboard-api2.p.rapidapi.com/hot-100,fd9576413a543249046e7005e7aa628f
Music,Billboard-API,"Providing the Billboard chart rankings and information on titles, artists, lyrics, images, and more.","Provide the YEAR-END Top Artists - Male chart information

If `year` is not supplied, will default to last year.",https://billboard-api2.p.rapidapi.com/year-end-chart/top-artists-male,076e0b9d83e456ca9fba03df736f7089
Music,Billboard-API,"Providing the Billboard chart rankings and information on titles, artists, lyrics, images, and more.","Provide the YEAR-END Top Artists - Female chart information

If `year` is not supplied, will default to last year.",https://billboard-api2.p.rapidapi.com/year-end-chart/top-artists-female,f6c07e4c3cee7b71870396361839b6fb
Music,Billboard-API,"Providing the Billboard chart rankings and information on titles, artists, lyrics, images, and more.","Provide the YEAR-END Billboard 200 Albums chart information

If `year` is not supplied, will default to last year.",https://billboard-api2.p.rapidapi.com/year-end-chart/top-billboard-200-albums,d11cd920b3353959bb25f0607637c6a6
Music,Billboard-API,"Providing the Billboard chart rankings and information on titles, artists, lyrics, images, and more.","Provide the YEAR-END Top Labels chart information

If `year` is not supplied, will default to last year.",https://billboard-api2.p.rapidapi.com/year-end-chart/labels,26df482797bba27163a9801af4034016
Music,Billboard-API,"Providing the Billboard chart rankings and information on titles, artists, lyrics, images, and more.","Provide the YEAR-END Top New Artists chart information

If `year` is not supplied, will default to last year.",https://billboard-api2.p.rapidapi.com/year-end-chart/top-new-artists,4bf61c93dfeeb256d8d6bd5ae05e67ae
Music,Billboard-API,"Providing the Billboard chart rankings and information on titles, artists, lyrics, images, and more.","Provide the YEAR-END Top Artists - Duo/Group chart information

If `year` is not supplied, will default to last year.",https://billboard-api2.p.rapidapi.com/year-end-chart/top-artists-duo-group,1d77ddd24e8ccb0451e93cb5b4b91721
Music,Billboard-API,"Providing the Billboard chart rankings and information on titles, artists, lyrics, images, and more.","Provide the YEAR-END Billboard Global 200 chart information

If `year` is not supplied, will default to last year.",https://billboard-api2.p.rapidapi.com/year-end-chart/billboard-global-200,9109852bbbd3aa1d305a1331c5a9a8d8
Music,Billboard-API,"Providing the Billboard chart rankings and information on titles, artists, lyrics, images, and more.","Provide the YEAR-END Top Artists chart information

If `year` is not supplied, will default to last year.",https://billboard-api2.p.rapidapi.com/year-end-chart/top-artists,0ac092e2a5ab38bd06873a173af5123d
Music,Billboard-API,"Providing the Billboard chart rankings and information on titles, artists, lyrics, images, and more.","Provide the YEAR-END Hot 100 Songs chart information

If `year` is not supplied, will default to last year.",https://billboard-api2.p.rapidapi.com/year-end-chart/hot-100-songs,1a3865fad10e874aa1b5f9a8938fb9d0
Music,Billboard-API,"Providing the Billboard chart rankings and information on titles, artists, lyrics, images, and more.",Provide the BILLBOARD GLOBAL 200 chart information,https://billboard-api2.p.rapidapi.com/billboard-global-200,2767ad9413fffbdc9b7f230075a35c1a
Music,Billboard-API,"Providing the Billboard chart rankings and information on titles, artists, lyrics, images, and more.",Provide the BILLBOARD 200 chart information,https://billboard-api2.p.rapidapi.com/billboard-200,32e9576049693f426fb0311c407ccefd
Music,Spotify Web,"Spotify Data API for Millions of songs &amp; podcasts, artists, albums, playlists and more.",Get artist or song radio,https://spotify-web2.p.rapidapi.com/seed_to_playlist/,f80c84c0f22853df60f21965fff801b5
Music,Spotify Web,"Spotify Data API for Millions of songs &amp; podcasts, artists, albums, playlists and more.",Get user followers,https://spotify-web2.p.rapidapi.com/user_followers/,6791e1c912e388933db1dc609559f4f1
Music,Spotify Web,"Spotify Data API for Millions of songs &amp; podcasts, artists, albums, playlists and more.",Get user profile,https://spotify-web2.p.rapidapi.com/user_profile/,f5771ad6bb0da087de243f463d56a763
Music,Spotify Web,"Spotify Data API for Millions of songs &amp; podcasts, artists, albums, playlists and more.",Get playlist tracks,https://spotify-web2.p.rapidapi.com/playlist_tracks/,0c01960cdc4826afcccd98dfa51745e0
Music,Spotify Web,"Spotify Data API for Millions of songs &amp; podcasts, artists, albums, playlists and more.",Get playlist,https://spotify-web2.p.rapidapi.com/playlist/,1fb225dc3eb0c3042f5b10164d29b43f
Music,Spotify Web,"Spotify Data API for Millions of songs &amp; podcasts, artists, albums, playlists and more.",Get track lyrics,https://spotify-web2.p.rapidapi.com/track_lyrics/,209d95bdb408999c25629463b0941c89
Music,Spotify Web,"Spotify Data API for Millions of songs &amp; podcasts, artists, albums, playlists and more.",Get track credits,https://spotify-web2.p.rapidapi.com/track_credits/,8c4f8a3697bf76856808fb70ef9cc225
Music,Spotify Web,"Spotify Data API for Millions of songs &amp; podcasts, artists, albums, playlists and more.",Get one or more tracks,https://spotify-web2.p.rapidapi.com/tracks/,cb0eaf3caca62b60c1a3444cb50e253b
Music,Spotify Web,"Spotify Data API for Millions of songs &amp; podcasts, artists, albums, playlists and more.",Artist related,https://spotify-web2.p.rapidapi.com/artist_related/,88d42be7abe6860f2a810b5356726a0f
Music,Spotify Web,"Spotify Data API for Millions of songs &amp; podcasts, artists, albums, playlists and more.",Artist featuring,https://spotify-web2.p.rapidapi.com/artist_featuring/,f81507ec3bb00a5159bd7dce74247dbc
Music,Spotify Web,"Spotify Data API for Millions of songs &amp; podcasts, artists, albums, playlists and more.",Artist discovered on playlists (max 50),https://spotify-web2.p.rapidapi.com/artist_discovered_on/,611143397b87c7d5748130409e5ae29b
Music,Spotify Web,"Spotify Data API for Millions of songs &amp; podcasts, artists, albums, playlists and more.",Get artist appears on albums (max 50),https://spotify-web2.p.rapidapi.com/artist_appears_on/,0534f3cf3dbfc7792fc26d30370a9da9
Music,Spotify Web,"Spotify Data API for Millions of songs &amp; podcasts, artists, albums, playlists and more.",Get artist singles,https://spotify-web2.p.rapidapi.com/artist_singles/,93ce1cef71d1cfab36dc825291ff9762
Music,Spotify Web,"Spotify Data API for Millions of songs &amp; podcasts, artists, albums, playlists and more.",Get artist albums,https://spotify-web2.p.rapidapi.com/artist_albums/,7e12d2cb05d6256637036cabd39f4d03
Music,Spotify Web,"Spotify Data API for Millions of songs &amp; podcasts, artists, albums, playlists and more.",Get artist discography overview,https://spotify-web2.p.rapidapi.com/artist_discography_overview/,a5307b3d25876a53f38897ea17d39476
Music,Spotify Web,"Spotify Data API for Millions of songs &amp; podcasts, artists, albums, playlists and more.",Get artist overview,https://spotify-web2.p.rapidapi.com/artist_overview/,73f836c52864d6dbf3dd44e6cd076549
Music,Spotify Web,"Spotify Data API for Millions of songs &amp; podcasts, artists, albums, playlists and more.",Get one or more artists,https://spotify-web2.p.rapidapi.com/artists/,affebb2d5e16d47843626bd1cf7fb77a
Music,Spotify Web,"Spotify Data API for Millions of songs &amp; podcasts, artists, albums, playlists and more.",Get album metadata,https://spotify-web2.p.rapidapi.com/album_metadata/,be65383bae9699b9def5c08feb64bc65
Music,Spotify Web,"Spotify Data API for Millions of songs &amp; podcasts, artists, albums, playlists and more.",Get album tracks,https://spotify-web2.p.rapidapi.com/album_tracks/,72ca9180d35c9bdd45c63eb2137e8ce0
Music,Spotify Web,"Spotify Data API for Millions of songs &amp; podcasts, artists, albums, playlists and more.",Get one or more albums,https://spotify-web2.p.rapidapi.com/albums/,c4ca22924745b5e828ae05382d135a16
Music,Spotify Web,"Spotify Data API for Millions of songs &amp; podcasts, artists, albums, playlists and more.",Search,https://spotify-web2.p.rapidapi.com/search/,2b78f63256911574bf895f9d889649d3
Music,Spotify,"Spotify Data API for Millions of songs & podcasts, artists, albums, playlists and more.",Get Concert,https://spotify23.p.rapidapi.com/concert/,190180c73e2b4a15d177e784de18011c
Music,Spotify,"Spotify Data API for Millions of songs & podcasts, artists, albums, playlists and more.",Concerts,https://spotify23.p.rapidapi.com/concerts/,58e2485b61edb20f31e3664a750b60da
Music,Spotify,"Spotify Data API for Millions of songs & podcasts, artists, albums, playlists and more.",Genre View,https://spotify23.p.rapidapi.com/genre_view/,1e08ac519babc92af1ff8bfc1b2f75fb
Music,Spotify,"Spotify Data API for Millions of songs & podcasts, artists, albums, playlists and more.",Get Episode,https://spotify23.p.rapidapi.com/episode/,d26c421a672c3c4b84ee6cf4de59decd
Music,Spotify,"Spotify Data API for Millions of songs & podcasts, artists, albums, playlists and more.",Podcast Episodes,https://spotify23.p.rapidapi.com/podcast_episodes/,2154012a5cd70f4a9b3e3909cb52fb53
Music,Spotify,"Spotify Data API for Millions of songs & podcasts, artists, albums, playlists and more.",Episode Sound,https://spotify23.p.rapidapi.com/episode_sound/,589a705f55ef9279cb27826ca2daafa6
Music,Spotify,"Spotify Data API for Millions of songs & podcasts, artists, albums, playlists and more.",Get playlist,https://spotify23.p.rapidapi.com/playlist/,0cf1e676a9e37710eb14c8e69aed30ab
Music,Spotify,"Spotify Data API for Millions of songs & podcasts, artists, albums, playlists and more.",Get track lyrics,https://spotify23.p.rapidapi.com/track_lyrics/,5c20aa87644e32d3546c92906238023d
Music,Spotify,"Spotify Data API for Millions of songs & podcasts, artists, albums, playlists and more.",Get album metadata,https://spotify23.p.rapidapi.com/album_metadata/,05f8d2f036d13fb5e9776a93a94ce91a
Music,Spotify,"Spotify Data API for Millions of songs & podcasts, artists, albums, playlists and more.",Get one or more albums,https://spotify23.p.rapidapi.com/albums/,55c949bb836a5f5ea0f227ae2869e1c9
Music,Spotify,"Spotify Data API for Millions of songs & podcasts, artists, albums, playlists and more.",Get artist or song radio,https://spotify23.p.rapidapi.com/seed_to_playlist/,fd5faf50b4faf9f11d6f5d7dba171cf9
Music,Spotify,"Spotify Data API for Millions of songs & podcasts, artists, albums, playlists and more.",Get user followers,https://spotify23.p.rapidapi.com/user_followers/,495282a687aaad9544cfb7115910baad
Music,Spotify,"Spotify Data API for Millions of songs & podcasts, artists, albums, playlists and more.",Get user profile,https://spotify23.p.rapidapi.com/user_profile/,7d98445f17d5a99687c3e035fd22a4f6
Music,Spotify,"Spotify Data API for Millions of songs & podcasts, artists, albums, playlists and more.",Get playlist tracks,https://spotify23.p.rapidapi.com/playlist_tracks/,91b094aac71086fb29243bb3f8410904
Music,Spotify,"Spotify Data API for Millions of songs & podcasts, artists, albums, playlists and more.",Get track credits,https://spotify23.p.rapidapi.com/track_credits/,2ffbf66d67bf684f3fe3b73f5869d8fa
Music,Spotify,"Spotify Data API for Millions of songs & podcasts, artists, albums, playlists and more.",Get one or more tracks,https://spotify23.p.rapidapi.com/tracks/,c931fc1456271777110f6a19a0f97abb
Music,Spotify,"Spotify Data API for Millions of songs & podcasts, artists, albums, playlists and more.",Artist related,https://spotify23.p.rapidapi.com/artist_related/,af2704b760baa0e16cf58bb0c4110749
Music,Spotify,"Spotify Data API for Millions of songs & podcasts, artists, albums, playlists and more.",Artist featuring,https://spotify23.p.rapidapi.com/artist_featuring/,3e6b296b9eda6bae0af7b487e36a9cb7
Music,Spotify,"Spotify Data API for Millions of songs & podcasts, artists, albums, playlists and more.",Artist discovered on playlists (max 50),https://spotify23.p.rapidapi.com/artist_discovered_on/,89c9b81eb7cc2a11636689c191340e7d
Music,Spotify,"Spotify Data API for Millions of songs & podcasts, artists, albums, playlists and more.",Get artist appears on albums (max 50),https://spotify23.p.rapidapi.com/artist_appears_on/,748509c84d2c8fe8ca50702e444af77f
Music,Spotify,"Spotify Data API for Millions of songs & podcasts, artists, albums, playlists and more.",Get artist singles,https://spotify23.p.rapidapi.com/artist_singles/,bafbd2f7a4cc2e43413c4703ca50431c
Music,Spotify,"Spotify Data API for Millions of songs & podcasts, artists, albums, playlists and more.",Get artist albums,https://spotify23.p.rapidapi.com/artist_albums/,4fcd6f380fecb21a32570eb3bffce6e9
Music,Spotify,"Spotify Data API for Millions of songs & podcasts, artists, albums, playlists and more.",Get artist discography overview,https://spotify23.p.rapidapi.com/artist_discography_overview/,84cfea9f889ca987f25d17a79b2e7f08
Music,Spotify,"Spotify Data API for Millions of songs & podcasts, artists, albums, playlists and more.",Get artist overview,https://spotify23.p.rapidapi.com/artist_overview/,cf5ac3763e6ebd0ad7eae9dd4b580ab9
Music,Spotify,"Spotify Data API for Millions of songs & podcasts, artists, albums, playlists and more.",Get one or more artists,https://spotify23.p.rapidapi.com/artists/,1fdaf2c162ecb10732ab26e2a60db907
Music,Spotify,"Spotify Data API for Millions of songs & podcasts, artists, albums, playlists and more.",Get album tracks,https://spotify23.p.rapidapi.com/album_tracks/,e2aebbb2238916098d22a8013fc7fe4e
Music,Spotify,"Spotify Data API for Millions of songs & podcasts, artists, albums, playlists and more.",Search,https://spotify23.p.rapidapi.com/search/,d6a1d99b17296be9c78cd54220ac11d9
Music,MusicAPI,"Spotify, Apple Music, YouTube, Amazon, Tidal, and more. Over 19 services supported.

Fetch metadata for the tracks, albums, playlists from multiple streaming services via URL.
Use single search endpoints to find at once on all services and get sharable URLs to all of them. 

MusicAPI.com",Allows you to fetch all different enums needed for sending API requests,https://musicapi13.p.rapidapi.com/public/search/introspection,aa2a4758796d3a18c82f71a57cab3608
Music,SoundCloud Scraper,"An all-in-one SoundCloud scraper/downloader. Scrapes albums, playlists, profiles. Downloads uncut high-quality audios and lyrics.",This endpoint fetches full details of a track on SoundCloud and helps you download uncut tracks of high and standard quality. (Tutorial: [How to Use Audio URLs](https://rapidapi.com/DataFanatic/api/soundcloud-scraper/tutorials/how-to-use-audio-urls)),https://soundcloud-scraper.p.rapidapi.com/v1/track/metadata,82e65c6cb3d6d00882ee8c7c86672b2a
Music,SoundCloud Scraper,"An all-in-one SoundCloud scraper/downloader. Scrapes albums, playlists, profiles. Downloads uncut high-quality audios and lyrics.",This endpoint searches for SoundCloud albums with optional filters. Pagination scraping is supported.,https://soundcloud-scraper.p.rapidapi.com/v1/search/albums,114b34b27e345760e445862c7811a7e2
Music,SoundCloud Scraper,"An all-in-one SoundCloud scraper/downloader. Scrapes albums, playlists, profiles. Downloads uncut high-quality audios and lyrics.",This endpoint searches for SoundCloud users with optional filters. Pagination scraping is supported.,https://soundcloud-scraper.p.rapidapi.com/v1/search/users,e1c2f406615ef13c53577a2ac7786af8
Music,SoundCloud Scraper,"An all-in-one SoundCloud scraper/downloader. Scrapes albums, playlists, profiles. Downloads uncut high-quality audios and lyrics.",This endpoint searches for SoundCloud playlists with optional filters. Pagination scraping is supported.,https://soundcloud-scraper.p.rapidapi.com/v1/search/playlists,c6a79747b90d11bd10f8705f6eb18c5e
Music,SoundCloud Scraper,"An all-in-one SoundCloud scraper/downloader. Scrapes albums, playlists, profiles. Downloads uncut high-quality audios and lyrics.",This endpoint lists a user's followers.,https://soundcloud-scraper.p.rapidapi.com/v1/user/followers,9d78c8725ec40017135020aebc567e4c
Music,SoundCloud Scraper,"An all-in-one SoundCloud scraper/downloader. Scrapes albums, playlists, profiles. Downloads uncut high-quality audios and lyrics.",This endpoint lists reposts of a user. Pagination scraping is supported.,https://soundcloud-scraper.p.rapidapi.com/v1/user/reposts,f443389c447f186b716cabcbb41ced03
Music,SoundCloud Scraper,"An all-in-one SoundCloud scraper/downloader. Scrapes albums, playlists, profiles. Downloads uncut high-quality audios and lyrics.",This endpoint lists the playlists of a user. Pagination scraping is supported.,https://soundcloud-scraper.p.rapidapi.com/v1/user/playlists,cbb32ba03efac79a439dcce28537143b
Music,SoundCloud Scraper,"An all-in-one SoundCloud scraper/downloader. Scrapes albums, playlists, profiles. Downloads uncut high-quality audios and lyrics.",This endpoint lists all popular tracks of a user.,https://soundcloud-scraper.p.rapidapi.com/v1/user/toptracks,b60f642f2478711fb6e96731df228e36
Music,SoundCloud Scraper,"An all-in-one SoundCloud scraper/downloader. Scrapes albums, playlists, profiles. Downloads uncut high-quality audios and lyrics.","This endpoint lists tracks, playlists and albums liked by the specified user.",https://soundcloud-scraper.p.rapidapi.com/v1/user/likes,2697bc0ba8726358efc1743330f1542a
Music,SoundCloud Scraper,"An all-in-one SoundCloud scraper/downloader. Scrapes albums, playlists, profiles. Downloads uncut high-quality audios and lyrics.",This endpoint lists a user's comments.,https://soundcloud-scraper.p.rapidapi.com/v1/user/comments,83b2968bb8177771d1a16f5c723a14c7
Music,SoundCloud Scraper,"An all-in-one SoundCloud scraper/downloader. Scrapes albums, playlists, profiles. Downloads uncut high-quality audios and lyrics.",This endpoint provides a solution to download a track's lyrics on Spotify. (Powered by [Spotify Scraper](https://rapidapi.com/DataFanatic/api/spotify-scraper/)),https://soundcloud-scraper.p.rapidapi.com/v1/track/lyrics,e9d92c52220d219e3ede15cc379e52d4
Music,SoundCloud Scraper,"An all-in-one SoundCloud scraper/downloader. Scrapes albums, playlists, profiles. Downloads uncut high-quality audios and lyrics.",This endpoint lists comments of a track. Pagination scraping is supported.,https://soundcloud-scraper.p.rapidapi.com/v1/track/comments,4874e2337bfa701251cd3323b3464662
Music,SoundCloud Scraper,"An all-in-one SoundCloud scraper/downloader. Scrapes albums, playlists, profiles. Downloads uncut high-quality audios and lyrics.",This endpoint searches for SoundCloud (Go+) tracks with optional filters. Pagination scraping is supported.,https://soundcloud-scraper.p.rapidapi.com/v1/search/tracks,97ef74ceaf751651475bb3d16cae9c8b
Music,SoundCloud Scraper,"An all-in-one SoundCloud scraper/downloader. Scrapes albums, playlists, profiles. Downloads uncut high-quality audios and lyrics.",This endpoint lists users that follow the specified user.,https://soundcloud-scraper.p.rapidapi.com/v1/user/followings,bf7fbd2ffe994b901b3d692af5c9a6bd
Music,SoundCloud Scraper,"An all-in-one SoundCloud scraper/downloader. Scrapes albums, playlists, profiles. Downloads uncut high-quality audios and lyrics.",This endpoint lists the albums of a user. Pagination scraping is supported.,https://soundcloud-scraper.p.rapidapi.com/v1/user/albums,79d0b07e604745302b46e4cf76cc1b9b
Music,SoundCloud Scraper,"An all-in-one SoundCloud scraper/downloader. Scrapes albums, playlists, profiles. Downloads uncut high-quality audios and lyrics.",This endpoint lists tracks of a user. Pagination scraping is supported.,https://soundcloud-scraper.p.rapidapi.com/v1/user/tracks,b0db95f220c477e744f450b28d4b29cf
Music,SoundCloud Scraper,"An all-in-one SoundCloud scraper/downloader. Scrapes albums, playlists, profiles. Downloads uncut high-quality audios and lyrics.",This endpoint fetches a user's profile.,https://soundcloud-scraper.p.rapidapi.com/v1/user/profile,acca3acaacf08dd66b9831ba0828b2ec
Music,SoundCloud Scraper,"An all-in-one SoundCloud scraper/downloader. Scrapes albums, playlists, profiles. Downloads uncut high-quality audios and lyrics.","This endpoint fetches full details of a SoundCloud station, including all tracks.",https://soundcloud-scraper.p.rapidapi.com/v1/station/details,7bc98422be9421e7cbd33783646d915c
Music,SoundCloud Scraper,"An all-in-one SoundCloud scraper/downloader. Scrapes albums, playlists, profiles. Downloads uncut high-quality audios and lyrics.",This endpoint lists tracks of a playlist or album. Pagination scraping is supported.,https://soundcloud-scraper.p.rapidapi.com/v1/playlist/tracks,73ae521aac7685c73d15e9c1e167e52c
Music,SoundCloud Scraper,"An all-in-one SoundCloud scraper/downloader. Scrapes albums, playlists, profiles. Downloads uncut high-quality audios and lyrics.","This endpoint fetches full details of a playlist or album, including all track IDs.",https://soundcloud-scraper.p.rapidapi.com/v1/playlist/metadata,0d1d144951d684f0e8f5bf61fdc7be43
Music,SoundCloud Scraper,"An all-in-one SoundCloud scraper/downloader. Scrapes albums, playlists, profiles. Downloads uncut high-quality audios and lyrics.",This endpoint fetches trending information displayed on the SoundCloud home page as an incognito visitor.,https://soundcloud-scraper.p.rapidapi.com/v1/home/details,3a2e282553c14b14c57cb382fbb8c9d8
Music,L-yrics,Have you ever wished to read the words of a music you heard? Give us the name and let us handle the rest.,Get the song lyrics,https://l-yrics.p.rapidapi.com/,0e65120ecc39f145ec05a46cffa8df2a
Travel,Booking com,"Find all hotels, view prices, photos of the hotels, reviews. Find car rental deals.",Search cars locations by name,https://booking-com.p.rapidapi.com/v1/car-rental/locations,d62d537825dc079fa04ab07c155f86c0
Travel,Booking com,"Find all hotels, view prices, photos of the hotels, reviews. Find car rental deals.",Search car rental. Browse our inventory of hundreds of cheap car rentals. Get the best rental car deals on your next trip,https://booking-com.p.rapidapi.com/v1/car-rental/search,6c8881eee0e2097dc604bc4ec52e317c
Travel,Booking com,"Find all hotels, view prices, photos of the hotels, reviews. Find car rental deals.",Vehicle supplier details by vehicle_id,https://booking-com.p.rapidapi.com/v1/car-rental/supplier/details,5aa5e6fd6ddf984f7a04fe7ed54d9d07
Travel,Booking com,"Find all hotels, view prices, photos of the hotels, reviews. Find car rental deals.",Important information of vehicles,https://booking-com.p.rapidapi.com/v1/car-rental/important-info,a36c3245c686b13242a6e30a1d6267d8
Travel,Booking com,"Find all hotels, view prices, photos of the hotels, reviews. Find car rental deals.",Get currency exchange rates,https://booking-com.p.rapidapi.com/v1/metadata/exchange-rates,09a43cee7b14ffec54c6a7f9921fd892
Travel,Booking com,"Find all hotels, view prices, photos of the hotels, reviews. Find car rental deals.","Car rental details by vehicle_id. First, call `Search car rental`",https://booking-com.p.rapidapi.com/v1/car-rental/detail,c66111d9cbdde84d6a522142fb2c1444
Travel,Booking com,"Find all hotels, view prices, photos of the hotels, reviews. Find car rental deals.",Rental terms and conditions by pick up location_id,https://booking-com.p.rapidapi.com/v1/car-rental/terms-conditions,90eb7d6d6a48851105636facfd802d8e
Travel,Booking com,"Find all hotels, view prices, photos of the hotels, reviews. Find car rental deals.",Get additional services when renting,https://booking-com.p.rapidapi.com/v1/car-rental/extras,8c8f772e89dc481f7d043fd91da597ef
Travel,Booking com,"Find all hotels, view prices, photos of the hotels, reviews. Find car rental deals.",Get reviews metadata of the hotel by hotel_id,https://booking-com.p.rapidapi.com/v1/hotels/reviews-filter-metadata,64da9ab907ec8b13d977077c98693b23
Travel,Booking com,"Find all hotels, view prices, photos of the hotels, reviews. Find car rental deals.",Get a list of nearby cities by coordinates,https://booking-com.p.rapidapi.com/v1/hotels/nearby-cities,9ab9d3075e94fe0771a6c32b5e36b505
Travel,Booking com,"Find all hotels, view prices, photos of the hotels, reviews. Find car rental deals.",Get questions and answers of hotel staff by hotel_id,https://booking-com.p.rapidapi.com/v1/hotels/questions,7cd4764995065a810b03879d2e92a7e5
Travel,Booking com,"Find all hotels, view prices, photos of the hotels, reviews. Find car rental deals.",Get nearby landmarks and geo info of the hotel by hotel_id,https://booking-com.p.rapidapi.com/v1/hotels/map-markers,da9a97413bc71abcf31a85f0ca3a0905
Travel,Booking com,"Find all hotels, view prices, photos of the hotels, reviews. Find car rental deals.","Get room list of the hotel by hotel_id. Room prices, photos and full room descriptions",https://booking-com.p.rapidapi.com/v1/hotels/room-list,5a87fe6b75d1b19499daccdf933af308
Travel,Booking com,"Find all hotels, view prices, photos of the hotels, reviews. Find car rental deals.",Reviews about the supplier of vehicles by location_id,https://booking-com.p.rapidapi.com/v1/car-rental/supplier/reviews,38b3bfd3acf96497d5d10640d2c31d5e
Travel,Booking com,"Find all hotels, view prices, photos of the hotels, reviews. Find car rental deals.","Get location highlights of the hotel by hotel_id. Ex.: metro, rail",https://booking-com.p.rapidapi.com/v1/hotels/location-highlights,fb9a37f6e1136f37ee94cd8f9c8c6ed6
Travel,Booking com,"Find all hotels, view prices, photos of the hotels, reviews. Find car rental deals.",Get description of the hotel by hotel_id,https://booking-com.p.rapidapi.com/v1/hotels/description,965d97037afb8035f5e365f0f7009d72
Travel,Booking com,"Find all hotels, view prices, photos of the hotels, reviews. Find car rental deals.",Get review scores of the hotel by hotel_id,https://booking-com.p.rapidapi.com/v1/hotels/review-scores,4b7cf3adf77df975163bb3c356d5b85c
Travel,Booking com,"Find all hotels, view prices, photos of the hotels, reviews. Find car rental deals.",Get hotel children policy by hotel_id,https://booking-com.p.rapidapi.com/v1/hotels/children-policies,6d279850c27151d8f09a4a10de3112ad
Travel,Booking com,"Find all hotels, view prices, photos of the hotels, reviews. Find car rental deals.",Get available hotels by coordinates latitude and longitude,https://booking-com.p.rapidapi.com/v1/hotels/search-by-coordinates,5f80ff08c905e62d2e14b38b1e415033
Travel,Booking com,"Find all hotels, view prices, photos of the hotels, reviews. Find car rental deals.",Get policies of the hotel by hotel_id,https://booking-com.p.rapidapi.com/v1/hotels/policies,536aaf62d950b8d9cfda6586c755267c
Travel,Booking com,"Find all hotels, view prices, photos of the hotels, reviews. Find car rental deals.",Get payment features of the hotel by hotel_id,https://booking-com.p.rapidapi.com/v1/hotels/payment-features,aad9cdf90cb1d469858e7d934ba631b6
Travel,Booking com,"Find all hotels, view prices, photos of the hotels, reviews. Find car rental deals.",Get reviews of the hotel by hotel_id,https://booking-com.p.rapidapi.com/v1/hotels/reviews,3fa52bdf5d569249476b56c13a6f21ff
Travel,Booking com,"Find all hotels, view prices, photos of the hotels, reviews. Find car rental deals.","Get available hotels by the filter. Indicate the `destination_id` and `dest_type` -> use **@Search locations** endpoint, check-in and check-out date, number of adults and children. For possible filters use **@Filters for search** endpoint. Use `page_number` to paginate and navigate through the result pages! <br/> Comparable to: ![Search locations](https://i.imgur.com/PCuK81r.png)",https://booking-com.p.rapidapi.com/v1/hotels/search,a433c5dc7e296cc2162029c4325b0748
Travel,Booking com,"Find all hotels, view prices, photos of the hotels, reviews. Find car rental deals.",Get guest tips of the hotel by hotel_id,https://booking-com.p.rapidapi.com/v1/hotels/tips,1d573420a699b606f41ccf28d5ff6813
Travel,Booking com,"Find all hotels, view prices, photos of the hotels, reviews. Find car rental deals.","Get facilities of the hotel by hotel_id. Ex.: `Restaurant`, `Room service`, `Breakfast in the room`",https://booking-com.p.rapidapi.com/v1/hotels/facilities,4f5d6d5ee18733ccbb70a40bcb7b792b
Travel,Booking com,"Find all hotels, view prices, photos of the hotels, reviews. Find car rental deals.",Search locations or hotels by name. Comparable to: ![Search locations](https://i.imgur.com/wLgLE5X.png),https://booking-com.p.rapidapi.com/v1/hotels/locations,b1e92b845cead8bfcc14df74fc5ec51b
Travel,Booking com,"Find all hotels, view prices, photos of the hotels, reviews. Find car rental deals.","Get nearby places of the hotel by hotel_id. Ex.: nearby `Airport`, `Shopping Centre`",https://booking-com.p.rapidapi.com/v1/hotels/nearby-places,4bdd41a18765334699dfaf57c080c6e2
Travel,Booking com,"Find all hotels, view prices, photos of the hotels, reviews. Find car rental deals.",Get all photos of the hotel by hotel_id,https://booking-com.p.rapidapi.com/v1/hotels/photos,921a278a3c174c32f069cee8b6b4c9d3
Travel,Booking com,"Find all hotels, view prices, photos of the hotels, reviews. Find car rental deals.",Get a list of available filters for hotel search,https://booking-com.p.rapidapi.com/v1/hotels/search-filters,9b1945387ef096660b56fb30c9900261
Travel,Booking com,"Find all hotels, view prices, photos of the hotels, reviews. Find car rental deals.",Returns all the districts where Booking offers hotels.,https://booking-com.p.rapidapi.com/v1/static/districts,59aff34e252b2a66f99871b9f1f85637
Travel,Booking com,"Find all hotels, view prices, photos of the hotels, reviews. Find car rental deals.",Get hotel data by hotel_id,https://booking-com.p.rapidapi.com/v1/hotels/data,f444d68525e14f32cc86f5e8f30e966e
Travel,Booking com,"Find all hotels, view prices, photos of the hotels, reviews. Find car rental deals.","Returns a list of payments. Only payments with {bookable} set to 1, can be used in processBooking. For processBooking, we always support Visa, Mastercard and American Express.",https://booking-com.p.rapidapi.com/v1/static/payment-types,84bd4263e63badc0dc51806bcb49e3f7
Travel,Booking com,"Find all hotels, view prices, photos of the hotels, reviews. Find car rental deals.",Returns a list of cities where Booking.com offers hotels. location: Latitude and longitude. timezone: Timezone of the city.,https://booking-com.p.rapidapi.com/v1/static/cities,a9d3b490c608b174759541f68f23d204
Travel,Booking com,"Find all hotels, view prices, photos of the hotels, reviews. Find car rental deals.",This call returns the hotel and room data. List of hotels,https://booking-com.p.rapidapi.com/v1/static/hotels,73563bb638cab6c7dc90a305e181c9bf
Travel,Booking com,"Find all hotels, view prices, photos of the hotels, reviews. Find car rental deals.",Returns facility types names and their translations,https://booking-com.p.rapidapi.com/v1/static/facility-types,19cf6ba4178d2de7521365b300c2bbff
Travel,Booking com,"Find all hotels, view prices, photos of the hotels, reviews. Find car rental deals.",Returns all the regions where Booking offers hotels.,https://booking-com.p.rapidapi.com/v1/static/regions,6be652c6c5ee91c299fc3388955d7f39
Travel,Booking com,"Find all hotels, view prices, photos of the hotels, reviews. Find car rental deals.",Returns hotel types names and their translations.,https://booking-com.p.rapidapi.com/v1/static/hotel-types,935ddc14e375bb2614fd025507ab0510
Travel,Booking com,"Find all hotels, view prices, photos of the hotels, reviews. Find car rental deals.",Returns room facility types names,https://booking-com.p.rapidapi.com/v1/static/room-facility-types,9b3f79bdd48be2b2f52a8042eeb7f6af
Travel,Booking com,"Find all hotels, view prices, photos of the hotels, reviews. Find car rental deals.",Returns hotel facility types names and their translations,https://booking-com.p.rapidapi.com/v1/static/hotel-facility-types,fb5945f0f1fdf559c966d6abbb0d43f6
Travel,Booking com,"Find all hotels, view prices, photos of the hotels, reviews. Find car rental deals.",Returns room types names,https://booking-com.p.rapidapi.com/v1/static/room-types,22f11924b075c14a6f666d8eccdd5c29
Travel,Booking com,"Find all hotels, view prices, photos of the hotels, reviews. Find car rental deals.",Returns a list of hotel chains.,https://booking-com.p.rapidapi.com/v1/static/chain-types,fce8212ac1f654adf4a03978aae37a99
Travel,Booking com,"Find all hotels, view prices, photos of the hotels, reviews. Find car rental deals.",Returns all the country where booking offers hotels.,https://booking-com.p.rapidapi.com/v1/static/country,d207147b59c25b41ca0fe46fa2671ad9
Travel,Booking com,"Find all hotels, view prices, photos of the hotels, reviews. Find car rental deals.",Hotels Details,https://booking-com.p.rapidapi.com/v2/hotels/details,42e862b5ca969813ac33a2af74e88d55
Travel,Booking com,"Find all hotels, view prices, photos of the hotels, reviews. Find car rental deals.","Get available hotels by the filter. Indicate the `destination_id` and `dest_type` -> use **@Search locations** endpoint, check-in and check-out date, number of adults and children. For possible filters use **@Filters for search** endpoint. Use `page_number` to paginate and navigate through the result pages! <br/> Comparable to: ![Search locations](https://i.imgur.com/PCuK81r.png)",https://booking-com.p.rapidapi.com/v2/hotels/search,60edb1d046e89294fc88e68f22aa3e17
Travel,Booking com,"Find all hotels, view prices, photos of the hotels, reviews. Find car rental deals.",Get meta properties description,https://booking-com.p.rapidapi.com/v2/hotels/meta-properties,54709fb0e83276d85098eb22fe6a4552
Travel,Booking com,"Find all hotels, view prices, photos of the hotels, reviews. Find car rental deals.",Get a list of available filters for hotel search,https://booking-com.p.rapidapi.com/v2/hotels/search-filters,a2abea4c0fa98d64ed82fa35912e5200
Travel,Booking com,"Find all hotels, view prices, photos of the hotels, reviews. Find car rental deals.",Get description of the hotel by hotel_id,https://booking-com.p.rapidapi.com/v2/hotels/description,3f390c82863834f706b4ddd44d9b26cf
Travel,Booking.com_v2,"Real-time data, unofficial API Booking.com\nThis API helps to query rooms, price, facilities, policities.. from many hotels around the world to create a travel",Auto complete,https://booking-com13.p.rapidapi.com/stays/auto-complete,71507e91c6aef3afeb9b821770a2dfcd
Travel,Booking.com_v2,"Real-time data, unofficial API Booking.com\nThis API helps to query rooms, price, facilities, policities.. from many hotels around the world to create a travel",Search by url,https://booking-com13.p.rapidapi.com/stays/properties/list-by-url,19f534bd38164d9135d12ec0fb5a8650
Travel,Booking.com_v2,"Real-time data, unofficial API Booking.com\nThis API helps to query rooms, price, facilities, policities.. from many hotels around the world to create a travel",Get detail photos,https://booking-com13.p.rapidapi.com/stays/properties/detail/photos,cb2a1154ca5c14c18d84304273e64e6b
Travel,Booking.com_v2,"Real-time data, unofficial API Booking.com\nThis API helps to query rooms, price, facilities, policities.. from many hotels around the world to create a travel",Get list,https://booking-com13.p.rapidapi.com/stays/properties/list,dbcec637cdff50dea8838e9909021961
Travel,Booking.com_v2,"Real-time data, unofficial API Booking.com\nThis API helps to query rooms, price, facilities, policities.. from many hotels around the world to create a travel",Get detail,https://booking-com13.p.rapidapi.com/stays/properties/detail,48e61067afacc56a2edb4326f6d41283
Travel,Booking.com_v2,"Real-time data, unofficial API Booking.com\nThis API helps to query rooms, price, facilities, policities.. from many hotels around the world to create a travel",Get detail policies,https://booking-com13.p.rapidapi.com/stays/properties/detail/policies,881e742b1ea03c5a08100685c8efce6e
Travel,Booking.com_v2,"Real-time data, unofficial API Booking.com\nThis API helps to query rooms, price, facilities, policities.. from many hotels around the world to create a travel",Get detail description,https://booking-com13.p.rapidapi.com/stays/properties/detail/description,91d59f5fa4c50c5887473e48b325676f
Travel,Booking.com_v2,"Real-time data, unofficial API Booking.com\nThis API helps to query rooms, price, facilities, policities.. from many hotels around the world to create a travel",Get detail facilities,https://booking-com13.p.rapidapi.com/stays/properties/detail/facilities,8f7c95a2032ec0a565c54f8cfb6debd6
Travel,Booking.com_v2,"Real-time data, unofficial API Booking.com\nThis API helps to query rooms, price, facilities, policities.. from many hotels around the world to create a travel",Get currencies,https://booking-com13.p.rapidapi.com/currencies,0dbb5aa288f919abe52f048c60805747
Travel,Booking.com_v2,"Real-time data, unofficial API Booking.com\nThis API helps to query rooms, price, facilities, policities.. from many hotels around the world to create a travel",Get languages,https://booking-com13.p.rapidapi.com/languages,e5861a86b4400b690b0ebd2cc8fdc55a
Travel,UKRail,"UKRail is an API for UK train times. Sourced from National Rail Enquiries live departure boards SOAP web service (OpenLDBWS) 

Their webservice can be, to put it mildly, tricky to work with so UKRail aims to make things a little easier!

Suited for small businesses who may want to leverage rail data on a website or phone app.

Additionally, it is Ideal for train enthusiasts who may want to use data from the live departure boards for one of their projects - model railways (including mimic pane...",Query the API to get rail data.,https://ukrail.p.rapidapi.com/GetUKRail,88ed800092cf9ab84c50b52985ca9c6c
Travel,Tripadvisor,"Tripadvisor API helps to query realtime Hotels search, Flights prices, Restaurants, Attracting locations, etc to create a travelling site.",-,https://tripadvisor16.p.rapidapi.com/api/v1/cars/searchCarsSameDropOff,7dfe0e1268023eaa3adc51a9aa3147a4
Travel,Tripadvisor,"Tripadvisor API helps to query realtime Hotels search, Flights prices, Restaurants, Attracting locations, etc to create a travelling site.",-,https://tripadvisor16.p.rapidapi.com/api/v1/rentals/rentalAvailability,7fae4e8a8f9991d014d1c7d62fae4be1
Travel,Tripadvisor,"Tripadvisor API helps to query realtime Hotels search, Flights prices, Restaurants, Attracting locations, etc to create a travelling site.",-,https://tripadvisor16.p.rapidapi.com/api/v1/cars/searchCarsDifferentDropOff,fe37812efd658c52099689bd328a9dff
Travel,Tripadvisor,"Tripadvisor API helps to query realtime Hotels search, Flights prices, Restaurants, Attracting locations, etc to create a travelling site.",-,https://tripadvisor16.p.rapidapi.com/api/v1/hotels/getHotelsFilter,05f73a56e478d703973d97a432792655
Travel,Tripadvisor,"Tripadvisor API helps to query realtime Hotels search, Flights prices, Restaurants, Attracting locations, etc to create a travelling site.",-,https://tripadvisor16.p.rapidapi.com/api/v1/hotels/searchHotels,58ed6d08d4b74449f98d9dfb1e332ffc
Travel,Tripadvisor,"Tripadvisor API helps to query realtime Hotels search, Flights prices, Restaurants, Attracting locations, etc to create a travelling site.",-,https://tripadvisor16.p.rapidapi.com/api/v1/hotels/searchLocation,8562f7a0ab5e470dd275d270e6470cc0
Travel,Tripadvisor,"Tripadvisor API helps to query realtime Hotels search, Flights prices, Restaurants, Attracting locations, etc to create a travelling site.",-,https://tripadvisor16.p.rapidapi.com/api/v1/hotels/getHotelDetails,ebf415e7fcd29322df37a1452cb744c3
Travel,Tripadvisor,"Tripadvisor API helps to query realtime Hotels search, Flights prices, Restaurants, Attracting locations, etc to create a travelling site.",-,https://tripadvisor16.p.rapidapi.com/api/v1/hotels/searchHotelsByLocation,11f316496bcc37c3405c7bbecb581039
Travel,Tripadvisor,"Tripadvisor API helps to query realtime Hotels search, Flights prices, Restaurants, Attracting locations, etc to create a travelling site.",-,https://tripadvisor16.p.rapidapi.com/api/v1/rentals/rentalReviews,fb47dc24510345ab51928b1f39d3b22f
Travel,Tripadvisor,"Tripadvisor API helps to query realtime Hotels search, Flights prices, Restaurants, Attracting locations, etc to create a travelling site.",-,https://tripadvisor16.p.rapidapi.com/api/v1/rentals/rentalRates,f1f284b2906c34ded1937637c0b0faa3
Travel,Tripadvisor,"Tripadvisor API helps to query realtime Hotels search, Flights prices, Restaurants, Attracting locations, etc to create a travelling site.",-,https://tripadvisor16.p.rapidapi.com/api/v1/flights/getFilters,f82c65705b2b3739e87e12821840d48d
Travel,Tripadvisor,"Tripadvisor API helps to query realtime Hotels search, Flights prices, Restaurants, Attracting locations, etc to create a travelling site.",-,https://tripadvisor16.p.rapidapi.com/api/v1/restaurant/searchRestaurants,f475a089d5fd17d2207bfcd4358c1b94
Travel,Tripadvisor,"Tripadvisor API helps to query realtime Hotels search, Flights prices, Restaurants, Attracting locations, etc to create a travelling site.",-,https://tripadvisor16.p.rapidapi.com/api/v1/flights/searchFlights,156df6128667cd96e1cdd577fca52b5b
Travel,Tripadvisor,"Tripadvisor API helps to query realtime Hotels search, Flights prices, Restaurants, Attracting locations, etc to create a travelling site.",-,https://tripadvisor16.p.rapidapi.com/api/v1/rentals/searchLocation,28852cef60ec60821d646bbea9eb7e26
Travel,Tripadvisor,"Tripadvisor API helps to query realtime Hotels search, Flights prices, Restaurants, Attracting locations, etc to create a travelling site.",-,https://tripadvisor16.p.rapidapi.com/api/v1/rentals/rentalDetails,cb631b88ad898a0a7edb82f47eebd56a
Travel,Tripadvisor,"Tripadvisor API helps to query realtime Hotels search, Flights prices, Restaurants, Attracting locations, etc to create a travelling site.",-,https://tripadvisor16.p.rapidapi.com/api/v1/flights/searchFlightsMultiCity,53395f5bf139b9bd4087c85f066abb05
Travel,Tripadvisor,"Tripadvisor API helps to query realtime Hotels search, Flights prices, Restaurants, Attracting locations, etc to create a travelling site.",-,https://tripadvisor16.p.rapidapi.com/api/v1/getCurrency,0032b95e98abbc0c806c611e49c13394
Travel,Tripadvisor,"Tripadvisor API helps to query realtime Hotels search, Flights prices, Restaurants, Attracting locations, etc to create a travelling site.",This API is to test if server is up and running,https://tripadvisor16.p.rapidapi.com/api/v1/test,64f8884c983d68228c2c354fc2aa9206
Travel,Tripadvisor,"Tripadvisor API helps to query realtime Hotels search, Flights prices, Restaurants, Attracting locations, etc to create a travelling site.",-,https://tripadvisor16.p.rapidapi.com/api/v1/rentals/rentalSearch,7e36a64da6c7b65509ef4ec2afaa603f
Travel,Tripadvisor,"Tripadvisor API helps to query realtime Hotels search, Flights prices, Restaurants, Attracting locations, etc to create a travelling site.",-,https://tripadvisor16.p.rapidapi.com/api/v1/cruises/getCruisesDetails,be3f6af90429ba5f8e4016c133a60c07
Travel,Tripadvisor,"Tripadvisor API helps to query realtime Hotels search, Flights prices, Restaurants, Attracting locations, etc to create a travelling site.",-,https://tripadvisor16.p.rapidapi.com/api/v1/cruises/searchCruises,7d4a8939f7fd89ef2f1b4d9bcb45f6fe
Travel,Tripadvisor,"Tripadvisor API helps to query realtime Hotels search, Flights prices, Restaurants, Attracting locations, etc to create a travelling site.",-,https://tripadvisor16.p.rapidapi.com/api/v1/cruises/getCruisesQuickLinks,60cb13383f8329e0c03fe4983767a8da
Travel,Tripadvisor,"Tripadvisor API helps to query realtime Hotels search, Flights prices, Restaurants, Attracting locations, etc to create a travelling site.",-,https://tripadvisor16.p.rapidapi.com/api/v1/cruises/getLocation,0da66a54f4dd4ae1df7e470f04ed9225
Travel,Tripadvisor,"Tripadvisor API helps to query realtime Hotels search, Flights prices, Restaurants, Attracting locations, etc to create a travelling site.",-,https://tripadvisor16.p.rapidapi.com/api/v1/rentals/searchLocation,28852cef60ec60821d646bbea9eb7e26
Travel,Tripadvisor,"Tripadvisor API helps to query realtime Hotels search, Flights prices, Restaurants, Attracting locations, etc to create a travelling site.",-,https://tripadvisor16.p.rapidapi.com/api/v1/restaurant/getRestaurantDetails,68adc511619f18eefffcc3c1cfcc953d
Travel,Tripadvisor,"Tripadvisor API helps to query realtime Hotels search, Flights prices, Restaurants, Attracting locations, etc to create a travelling site.",-,https://tripadvisor16.p.rapidapi.com/api/v1/restaurant/searchLocation,d6f8a61bfc07b912d131e66c0b5aaa29
Travel,Tripadvisor,"Tripadvisor API helps to query realtime Hotels search, Flights prices, Restaurants, Attracting locations, etc to create a travelling site.",-,https://tripadvisor16.p.rapidapi.com/api/v1/flights/searchAirport,e02ead61fb4498a556d4ac307a13af03
Weather,Air Quality,"Retrieve current, forecasted, and historical air quality for any point in the world.",Returns the past 24 hours of air quality observations for any point in the world given a lat/lon.,https://air-quality.p.rapidapi.com/history/airquality,a3a6fc5723ae17fc8deb79bee650bb77
Weather,Air Quality,"Retrieve current, forecasted, and historical air quality for any point in the world.",Returns a 3 day (72 hour) air quality forecast for any point in the world given a lat/lon.,https://air-quality.p.rapidapi.com/forecast/airquality,a2399ed4b0d3b4481b06bde0cda8a0ff
Weather,Air Quality,"Retrieve current, forecasted, and historical air quality for any point in the world.","Retrieves current air quality conditions for any location in the world, given a lat/lon.",https://air-quality.p.rapidapi.com/current/airquality,1240bcc31be58ada5eef877fbbc6a710
Weather,Sunrise Sunset Times,"Get sunrise and sunset times using date, latitude, and longitude.","Get sunrise and sunset times by date, latitude, and longitude.",https://sunrise-sunset-times.p.rapidapi.com/getSunriseAndSunset,4e0b42c30fae7427f33a3b009a62027a
Weather,climate data,climate data worldwide,Search location by Name or zip code and get the key for the forecast,https://climate-data.p.rapidapi.com/api/getlocation,4099ff948fbc3b950997d0565a5322f0
Weather,climate data,climate data worldwide,List of cities in one Country,https://climate-data.p.rapidapi.com/api/countrycitylist,81c1b4807ef5fc5460e10ca881c3a92d
Weather,climate data,climate data worldwide,List of all Countries,https://climate-data.p.rapidapi.com/api/countrycitylist,81c1b4807ef5fc5460e10ca881c3a92d
Weather,climate data,climate data worldwide,get climate for  the location Lat/Lon,https://climate-data.p.rapidapi.com/api/getclimatedata,029229f171a766aba8754177a3d43e44
Weather,OpenWeather,Openweather,Test,https://openweather43.p.rapidapi.com/weather,5dbbbe7a47acd5f99054a9a67f28c644
Weather,OpenWeather,Openweather,,https://openweather43.p.rapidapi.com/forecast,8a50b3607d971b397130465e867613ec
Weather,Easy Weather,"Detailed current conditions, hourly forecasts, daily forecasts, and weather alerts by latitude and longitude in JSON format.",Get a 5-day daily forecast for the given latitude and longitude.,https://easy-weather1.p.rapidapi.com/daily/5,779586e512898f270931dc93fffc14e0
Weather,Easy Weather,"Detailed current conditions, hourly forecasts, daily forecasts, and weather alerts by latitude and longitude in JSON format.",Get a 240-hour forecast for the given latitude and longitude.,https://easy-weather1.p.rapidapi.com/hourly/full,6af45b7ab7e664625c71ec99403d0588
Weather,Easy Weather,"Detailed current conditions, hourly forecasts, daily forecasts, and weather alerts by latitude and longitude in JSON format.",Get a 48-hour forecast for the given latitude and longitude.,https://easy-weather1.p.rapidapi.com/hourly/48,ad6e04f011f259e1a1cc1a3fd2c91069
Weather,Easy Weather,"Detailed current conditions, hourly forecasts, daily forecasts, and weather alerts by latitude and longitude in JSON format.","Get a historical daily forecast for the given latitude, longitude, and start date/time.",https://easy-weather1.p.rapidapi.com/historical/daily,647da431d75f1f61ca212f7f1e4c9397
Weather,Easy Weather,"Detailed current conditions, hourly forecasts, daily forecasts, and weather alerts by latitude and longitude in JSON format.","Get a historical hourly forecast for the given latitude, longitude, and start date/time.",https://easy-weather1.p.rapidapi.com/historical/hourly,3bf6ba2bab62467f576a7a60d53a38e9
Weather,Easy Weather,"Detailed current conditions, hourly forecasts, daily forecasts, and weather alerts by latitude and longitude in JSON format.",Get a 10-day daily forecast for the given latitude and longitude.,https://easy-weather1.p.rapidapi.com/daily/full,01ed4d2d862a8bf96539809f36b18c0a
Weather,Easy Weather,"Detailed current conditions, hourly forecasts, daily forecasts, and weather alerts by latitude and longitude in JSON format.",Get (basic) current conditions for the given latitude and longitude.,https://easy-weather1.p.rapidapi.com/current/basic,530b69c018570e018bc321e920559fb9
Weather,Easy Weather,"Detailed current conditions, hourly forecasts, daily forecasts, and weather alerts by latitude and longitude in JSON format.","Get current conditions, hourly forecast, daily forecast, and alerts in a single response for the given latitude and longitude (you must supply ISO country code to receive weather alerts).",https://easy-weather1.p.rapidapi.com/all/full,67cc550e47ca66dd7d246480fd8599e7
Weather,Easy Weather,"Detailed current conditions, hourly forecasts, daily forecasts, and weather alerts by latitude and longitude in JSON format.",Get (detailed) current conditions for the given latitude and longitude.,https://easy-weather1.p.rapidapi.com/current/detail,ddd9936ebb9dc4c22cce8f028748e03a
Weather,Easy Weather,"Detailed current conditions, hourly forecasts, daily forecasts, and weather alerts by latitude and longitude in JSON format.",Get weather alerts posted by the local meteorological agency for the given latitude and longitude.,https://easy-weather1.p.rapidapi.com/alerts/full,39cda8a3b11425b17559dfdef6260f85
Weather,Weather by API-Ninjas,Get the latest weather data for any region in the world. See more info at https://api-ninjas.com/api/weather.,API Ninjas Weather API endpoint.,https://weather-by-api-ninjas.p.rapidapi.com/v1/weather,a96afef6e117ae7335cd1c04e600c739
Weather,WeatherAPI.com,"WeatherAPI.com is a powerful fully managed free weather and geolocation API provider that provides extensive APIs that range from the weather forecast, historical weather, future weather, weather alerts, air quality data, IP lookup, and astronomy through to sports, time zone, and geolocation.",Current weather or realtime weather API method allows a user to get up to date current weather information in json and xml. The data is returned as a Current Object.,https://weatherapi-com.p.rapidapi.com/current.json,a8872843233458e05fcedde37d9dad11
Weather,WeatherAPI.com,"WeatherAPI.com is a powerful fully managed free weather and geolocation API provider that provides extensive APIs that range from the weather forecast, historical weather, future weather, weather alerts, air quality data, IP lookup, and astronomy through to sports, time zone, and geolocation.","Forecast weather API method returns upto next 14 day weather forecast and weather alert as json. It contains astronomy data, day weather forecast and hourly interval weather information for a given city.",https://weatherapi-com.p.rapidapi.com/forecast.json,4f4cbd2e894875e4467bbaa9ecf1ce97
Weather,WeatherAPI.com,"WeatherAPI.com is a powerful fully managed free weather and geolocation API provider that provides extensive APIs that range from the weather forecast, historical weather, future weather, weather alerts, air quality data, IP lookup, and astronomy through to sports, time zone, and geolocation.",Time Zone API method allows a user to get up to date time zone and local time information in json.,https://weatherapi-com.p.rapidapi.com/timezone.json,a9acbcd727b6ea3d7a50b72f2dfb9730
Weather,WeatherAPI.com,"WeatherAPI.com is a powerful fully managed free weather and geolocation API provider that provides extensive APIs that range from the weather forecast, historical weather, future weather, weather alerts, air quality data, IP lookup, and astronomy through to sports, time zone, and geolocation.",Future weather API method returns weather in a 3 hourly interval in future for a date between 14 days and 300 days from today in the future.,https://weatherapi-com.p.rapidapi.com/future.json,949877c84e17882ad702ad58d951c8ca
Weather,WeatherAPI.com,"WeatherAPI.com is a powerful fully managed free weather and geolocation API provider that provides extensive APIs that range from the weather forecast, historical weather, future weather, weather alerts, air quality data, IP lookup, and astronomy through to sports, time zone, and geolocation.","Sports API method allows a user to get listing of all upcoming sports events for football, cricket and golf in json.",https://weatherapi-com.p.rapidapi.com/sports.json,69167120da48c916c15b8cdad54f8ad7
Weather,WeatherAPI.com,"WeatherAPI.com is a powerful fully managed free weather and geolocation API provider that provides extensive APIs that range from the weather forecast, historical weather, future weather, weather alerts, air quality data, IP lookup, and astronomy through to sports, time zone, and geolocation.","History weather API method returns historical weather for a date on or after 1st Jan, 2010 (depending upon subscription level) as json.",https://weatherapi-com.p.rapidapi.com/history.json,cf6ac39166270f7e9b5bfbf6cfbd00bb
Weather,WeatherAPI.com,"WeatherAPI.com is a powerful fully managed free weather and geolocation API provider that provides extensive APIs that range from the weather forecast, historical weather, future weather, weather alerts, air quality data, IP lookup, and astronomy through to sports, time zone, and geolocation.",IP Lookup API method allows a user to get up to date information for an IP address in json.,https://weatherapi-com.p.rapidapi.com/ip.json,df37cf650c3ecd2e240e9b4f133c6935
Weather,WeatherAPI.com,"WeatherAPI.com is a powerful fully managed free weather and geolocation API provider that provides extensive APIs that range from the weather forecast, historical weather, future weather, weather alerts, air quality data, IP lookup, and astronomy through to sports, time zone, and geolocation.","Astronomy API method allows a user to get up to date information for sunrise, sunset, moonrise, moonset, moon phase and illumination in json.",https://weatherapi-com.p.rapidapi.com/astronomy.json,1448102973ae992458b3332231a8e424
Weather,WeatherAPI.com,"WeatherAPI.com is a powerful fully managed free weather and geolocation API provider that provides extensive APIs that range from the weather forecast, historical weather, future weather, weather alerts, air quality data, IP lookup, and astronomy through to sports, time zone, and geolocation.",Search or Autocomplete API returns matching cities and towns.,https://weatherapi-com.p.rapidapi.com/search.json,e457fd7868260eedd736eedf8e22ada4
Weather,Forecast,Get 16 days weather forecast data - worldwide - geographical coordinates...,See the current API version. Here is the link to the documentation,https://forecast9.p.rapidapi.com/,4dc76b062fca33768087f7ef09adc8af
Weather,Forecast,Get 16 days weather forecast data - worldwide - geographical coordinates...,Get forecast hourly information.,https://forecast9.p.rapidapi.com/rapidapi/forecast/46.95828/10.87152/hourly/,2417d46ec16c135fc8c0d5315810fce4
Weather,Forecast,Get 16 days weather forecast data - worldwide - geographical coordinates...,Get Forecast summary information.,https://forecast9.p.rapidapi.com/rapidapi/forecast/46.95828/10.87152/summary/,3387be982316238846f182a898e22b88
Weather,Forecast,Get 16 days weather forecast data - worldwide - geographical coordinates...,Get an History object with historical information.,https://forecast9.p.rapidapi.com/rapidapi/station/07197/history/,9982754bcaf852baafef261945066d6b
Weather,Forecast,Get 16 days weather forecast data - worldwide - geographical coordinates...,Get an Observation object with historical information.,https://forecast9.p.rapidapi.com/rapidapi/station/nearBy/46.97433/10.19575/,3422cafcb0a8f3e7ee0b8b76b190c37c
Weather,Forecast,Get 16 days weather forecast data - worldwide - geographical coordinates...,Check if the API is running.,https://forecast9.p.rapidapi.com/status/,21826e9c3dc154516163691c98909ae9
Weather,Forecast,Get 16 days weather forecast data - worldwide - geographical coordinates...,Get Forecast,https://forecast9.p.rapidapi.com/rapidapi/forecast/Berlin/summary/,036fb1df0aa77ae457bf06fd237144f3
Weather,Forecast,Get 16 days weather forecast data - worldwide - geographical coordinates...,,https://forecast9.p.rapidapi.com/rapidapi/forecast/Berlin/hourly/,193245690a7abbcb3296fe9154771167
