api_1_tool_name,api_2_tool_name,api_1_name,api_2_name,api_1,api_2,dependent_parameters,dependency_description
Worldwide Recipes,Cocktails,Search,Search by ingredient,227d70f831cdf088d5f9f5367ed3c51b7f6c31fe7339c0c60cc81b28529a147c,d541425ad4e36440210286c017c1967149c1bd1c39ab562575f9b159be049471,"[{""name_in_first_api"": ""results"", ""name_in_second_api"": ""ingredient"", ""description"": ""This parameter represents the ingredient used to search for cocktails.""}]",
Worldwide Recipes,Recipe Finder,Search,lunch/ingredient,227d70f831cdf088d5f9f5367ed3c51b7f6c31fe7339c0c60cc81b28529a147c,94ad76ab14337a67e79f018440b8eeabe516d50f9b26259a3e9c86f90de470e5,"[{""name_in_first_api"": ""q"", ""name_in_second_api"": ""ingredient"", ""description"": ""This parameter represents the search term for recipes, which can be an ingredient or a recipe name.""}]",
Worldwide Recipes,Recipe Finder,Search,breakfast/ingredient,227d70f831cdf088d5f9f5367ed3c51b7f6c31fe7339c0c60cc81b28529a147c,1e644b0fb481d955c9c585345d3317f39336ccdc54be5a8d1c03b0c6291dfe40,"[{""name_in_first_api"": ""q"", ""name_in_second_api"": ""ingredient"", ""description"": ""This parameter represents the search term for recipes, which can be used to find recipes containing a specific ingredient.""}]",
Worldwide Recipes,Food Nutrition Information,Search,Search foods using keywords.,227d70f831cdf088d5f9f5367ed3c51b7f6c31fe7339c0c60cc81b28529a147c,56298fa94ee3c60e49a8179c3febb6187efcd04976b8ed6d89653e7ed1edd17a,"[{""name_in_first_api"": ""q"", ""name_in_second_api"": ""query"", ""description"": ""This parameter represents the search query for recipes or foods.""}]",
Worldwide Recipes,Recipe Finder,Search,dinner/ingredient,227d70f831cdf088d5f9f5367ed3c51b7f6c31fe7339c0c60cc81b28529a147c,8be07792ee96b143d28df0ed96edc5b708a77e43223ea324c529fc7c69bbc6ce,"[{""name_in_first_api"": ""q"", ""name_in_second_api"": ""ingredient"", ""description"": ""This parameter represents the search term for recipes, which can be an ingredient or a dish name.""}]",
Worldwide Recipes,Food Nutrition Information,Search,Find food by id,227d70f831cdf088d5f9f5367ed3c51b7f6c31fe7339c0c60cc81b28529a147c,f57408debc7c000d6ac5e87061e9516403f56248394d1837496c365f907985e7,"[{""name_in_first_api"": ""results"", ""name_in_second_api"": ""fooId"", ""description"": ""This parameter represents the food ID obtained from the search results of the Worldwide Recipes API, which is used to retrieve detailed nutritional information from the Food Nutrition Information API.""}]",
Cocktails,Cocktails,Random,Search by name,dfa0a878cc221cec15a9a0048b06286400a6fc0559a6a852677b449770dffdfc,48c5e10bb0c7ec2d0432dd084d967efc994d204d36ca27aafd785f9cb5240902,"[{""name_in_first_api"": ""body[0].name"", ""name_in_second_api"": ""name"", ""description"": ""This parameter represents the name of the cocktail.""}]",
Cocktails,Recipe Finder,Random,breakfast/ingredient,dfa0a878cc221cec15a9a0048b06286400a6fc0559a6a852677b449770dffdfc,1e644b0fb481d955c9c585345d3317f39336ccdc54be5a8d1c03b0c6291dfe40,"[{""name_in_first_api"": ""ingredients"", ""name_in_second_api"": ""ingredient"", ""description"": ""This parameter represents the list of ingredients in a cocktail, which can be used to search for recipes containing those ingredients.""}]",
Cocktails,Cocktails,Random,Search by ingredient,dfa0a878cc221cec15a9a0048b06286400a6fc0559a6a852677b449770dffdfc,d541425ad4e36440210286c017c1967149c1bd1c39ab562575f9b159be049471,"[{""name_in_first_api"": ""ingredients"", ""name_in_second_api"": ""ingredient"", ""description"": ""This parameter represents the list of ingredients in a cocktail, which can be used to search for cocktails containing any of these ingredients.""}]",
Cocktails,Recipe Finder,Random,dinner/ingredient,dfa0a878cc221cec15a9a0048b06286400a6fc0559a6a852677b449770dffdfc,8be07792ee96b143d28df0ed96edc5b708a77e43223ea324c529fc7c69bbc6ce,"[{""name_in_first_api"": ""ingredients"", ""name_in_second_api"": ""ingredient"", ""description"": ""This parameter represents the list of ingredients in a cocktail, which can be used to search for recipes containing those ingredients.""}]",
Cocktails,Recipe Finder,Random,lunch/ingredient,dfa0a878cc221cec15a9a0048b06286400a6fc0559a6a852677b449770dffdfc,94ad76ab14337a67e79f018440b8eeabe516d50f9b26259a3e9c86f90de470e5,"[{""name_in_first_api"": ""ingredients"", ""name_in_second_api"": ""ingredient"", ""description"": ""This parameter represents the list of ingredients in a cocktail, which can be used to search for recipes containing any of these ingredients.""}]",
Cocktails,Food Nutrition Information,Random,Search foods using keywords.,dfa0a878cc221cec15a9a0048b06286400a6fc0559a6a852677b449770dffdfc,56298fa94ee3c60e49a8179c3febb6187efcd04976b8ed6d89653e7ed1edd17a,"[{""name_in_first_api"": ""ingredients"", ""name_in_second_api"": ""query"", ""description"": ""This parameter represents the list of ingredients in a cocktail, which can be used as keywords to search for nutritional information.""}]",
Cocktails,Cocktails,Random Nonalcoholic,Search by ingredient,305dba5c2dfeb14dbce99f55e088d0049402dc0d2c18af03863eb259ee8fcf0b,d541425ad4e36440210286c017c1967149c1bd1c39ab562575f9b159be049471,"[{""name_in_first_api"": ""ingredients"", ""name_in_second_api"": ""ingredient"", ""description"": ""This parameter represents the list of ingredients in a cocktail, which can be used to search for cocktails by ingredient.""}]",
Cocktails,Cocktails,Random Nonalcoholic,Search by name,305dba5c2dfeb14dbce99f55e088d0049402dc0d2c18af03863eb259ee8fcf0b,48c5e10bb0c7ec2d0432dd084d967efc994d204d36ca27aafd785f9cb5240902,"[{""name_in_first_api"": ""name"", ""name_in_second_api"": ""name"", ""description"": ""This parameter represents the name of the cocktail.""}]",
Cocktails,Recipe Finder,Random Nonalcoholic,breakfast/ingredient,305dba5c2dfeb14dbce99f55e088d0049402dc0d2c18af03863eb259ee8fcf0b,1e644b0fb481d955c9c585345d3317f39336ccdc54be5a8d1c03b0c6291dfe40,"[{""name_in_first_api"": ""ingredients"", ""name_in_second_api"": ""ingredient"", ""description"": ""This parameter represents the list of ingredients in a cocktail, which can be used to search for recipes containing those ingredients.""}]",
Cocktails,Recipe Finder,Random Nonalcoholic,dinner/ingredient,305dba5c2dfeb14dbce99f55e088d0049402dc0d2c18af03863eb259ee8fcf0b,8be07792ee96b143d28df0ed96edc5b708a77e43223ea324c529fc7c69bbc6ce,"[{""name_in_first_api"": ""ingredients"", ""name_in_second_api"": ""ingredient"", ""description"": ""This parameter represents the list of ingredients in a cocktail, which can be used to search for recipes containing those ingredients.""}]",
Cocktails,Recipe Finder,Random Nonalcoholic,lunch/ingredient,305dba5c2dfeb14dbce99f55e088d0049402dc0d2c18af03863eb259ee8fcf0b,94ad76ab14337a67e79f018440b8eeabe516d50f9b26259a3e9c86f90de470e5,"[{""name_in_first_api"": ""ingredients"", ""name_in_second_api"": ""ingredient"", ""description"": ""This parameter represents the list of ingredients in a cocktail that can be used to search for a lunch recipe containing any of these ingredients.""}]",
Cocktails,Food Nutrition Information,Random Nonalcoholic,Search foods using keywords.,305dba5c2dfeb14dbce99f55e088d0049402dc0d2c18af03863eb259ee8fcf0b,56298fa94ee3c60e49a8179c3febb6187efcd04976b8ed6d89653e7ed1edd17a,"[{""name_in_first_api"": ""ingredients"", ""name_in_second_api"": ""query"", ""description"": ""This parameter represents the list of ingredients in a cocktail, which can be used as keywords to search for related foods and their nutritional information.""}]",
Cocktails,Recipe Finder,Search by ingredient,dinner/ingredient,d541425ad4e36440210286c017c1967149c1bd1c39ab562575f9b159be049471,8be07792ee96b143d28df0ed96edc5b708a77e43223ea324c529fc7c69bbc6ce,"[{""name_in_first_api"": ""ingredient"", ""name_in_second_api"": ""ingredient"", ""description"": ""This parameter represents the ingredient used to search for cocktails or recipes.""}]",
Cocktails,Recipe Finder,Search by ingredient,breakfast/ingredient,d541425ad4e36440210286c017c1967149c1bd1c39ab562575f9b159be049471,1e644b0fb481d955c9c585345d3317f39336ccdc54be5a8d1c03b0c6291dfe40,"[{""name_in_first_api"": ""ingredient"", ""name_in_second_api"": ""ingredient"", ""description"": ""This parameter represents the ingredient used to search for cocktails or recipes.""}]",
Cocktails,Recipe Finder,Search by ingredient,lunch/ingredient,d541425ad4e36440210286c017c1967149c1bd1c39ab562575f9b159be049471,94ad76ab14337a67e79f018440b8eeabe516d50f9b26259a3e9c86f90de470e5,"[{""name_in_first_api"": ""ingredient"", ""name_in_second_api"": ""ingredient"", ""description"": ""This parameter represents the ingredient used to search for cocktails or recipes.""}]",
Cocktails,Recipe Finder,Search by name,dinner/ingredient,48c5e10bb0c7ec2d0432dd084d967efc994d204d36ca27aafd785f9cb5240902,8be07792ee96b143d28df0ed96edc5b708a77e43223ea324c529fc7c69bbc6ce,"[{""name_in_first_api"": ""name"", ""name_in_second_api"": ""ingredient"", ""description"": ""This parameter represents the name of the cocktail or ingredient used in the recipe.""}]",
Cocktails,Recipe Finder,Search by name,breakfast/ingredient,48c5e10bb0c7ec2d0432dd084d967efc994d204d36ca27aafd785f9cb5240902,1e644b0fb481d955c9c585345d3317f39336ccdc54be5a8d1c03b0c6291dfe40,"[{""name_in_first_api"": ""ingredients"", ""name_in_second_api"": ""ingredient"", ""description"": ""This parameter represents the list of ingredients in a cocktail, which can be used to search for recipes containing those ingredients.""}]",
Cocktails,Food Nutrition Information,Search by ingredient,Search foods using keywords.,d541425ad4e36440210286c017c1967149c1bd1c39ab562575f9b159be049471,56298fa94ee3c60e49a8179c3febb6187efcd04976b8ed6d89653e7ed1edd17a,"[{""name_in_first_api"": ""ingredient"", ""name_in_second_api"": ""query"", ""description"": ""This parameter represents the ingredient used to search for cocktails, which can also be used as a keyword to search for foods with nutritional information.""}]",
Cocktails,Recipe Finder,Search by name,lunch/ingredient,48c5e10bb0c7ec2d0432dd084d967efc994d204d36ca27aafd785f9cb5240902,94ad76ab14337a67e79f018440b8eeabe516d50f9b26259a3e9c86f90de470e5,"[{""name_in_first_api"": ""name"", ""name_in_second_api"": ""ingredient"", ""description"": ""This parameter represents the name of the cocktail, which can be used as an ingredient to search for related recipes.""}]",
Cocktails,Food Nutrition Information,Search by name,Search foods using keywords.,48c5e10bb0c7ec2d0432dd084d967efc994d204d36ca27aafd785f9cb5240902,56298fa94ee3c60e49a8179c3febb6187efcd04976b8ed6d89653e7ed1edd17a,"[{""name_in_first_api"": ""name"", ""name_in_second_api"": ""query"", ""description"": ""This parameter represents the name of the cocktail to be searched, which can be used as a keyword to search for foods with nutritional information.""}]",
Recipe Finder,Recipe Finder,breakfast/ingredient,dinner/ingredient,1e644b0fb481d955c9c585345d3317f39336ccdc54be5a8d1c03b0c6291dfe40,8be07792ee96b143d28df0ed96edc5b708a77e43223ea324c529fc7c69bbc6ce,"[{""name_in_first_api"": ""ingredient"", ""name_in_second_api"": ""ingredient"", ""description"": ""This parameter represents the ingredient used to search for recipes.""}]",
Recipe Finder,Recipe Finder,dinner/ingredient,lunch/ingredient,8be07792ee96b143d28df0ed96edc5b708a77e43223ea324c529fc7c69bbc6ce,94ad76ab14337a67e79f018440b8eeabe516d50f9b26259a3e9c86f90de470e5,"[{""name_in_first_api"": ""ingredient"", ""name_in_second_api"": ""ingredient"", ""description"": ""This parameter represents the ingredient used to search for recipes.""}]",
Recipe Finder,Recipe Finder,breakfast/ingredient,lunch/ingredient,1e644b0fb481d955c9c585345d3317f39336ccdc54be5a8d1c03b0c6291dfe40,94ad76ab14337a67e79f018440b8eeabe516d50f9b26259a3e9c86f90de470e5,"[{""name_in_first_api"": ""ingredient"", ""name_in_second_api"": ""ingredient"", ""description"": ""This parameter represents the ingredient used to search for recipes.""}]",
Recipe Finder,Food Nutrition Information,breakfast/ingredient,Find food by id,1e644b0fb481d955c9c585345d3317f39336ccdc54be5a8d1c03b0c6291dfe40,f57408debc7c000d6ac5e87061e9516403f56248394d1837496c365f907985e7,"[{""name_in_first_api"": ""ingredients"", ""name_in_second_api"": ""fooId"", ""description"": ""This parameter represents the list of ingredients in a recipe, which can be used to find the corresponding food item by its ID.""}]",
Recipe Finder,Food Nutrition Information,breakfast/ingredient,Search foods using keywords.,1e644b0fb481d955c9c585345d3317f39336ccdc54be5a8d1c03b0c6291dfe40,56298fa94ee3c60e49a8179c3febb6187efcd04976b8ed6d89653e7ed1edd17a,"[{""name_in_first_api"": ""ingredient"", ""name_in_second_api"": ""query"", ""description"": ""This parameter represents the ingredient used to search for recipes in the first API and the keyword used to search for foods in the second API.""}]",
Recipe Finder,Food Nutrition Information,dinner/ingredient,Search foods using keywords.,8be07792ee96b143d28df0ed96edc5b708a77e43223ea324c529fc7c69bbc6ce,56298fa94ee3c60e49a8179c3febb6187efcd04976b8ed6d89653e7ed1edd17a,"[{""name_in_first_api"": ""ingredient"", ""name_in_second_api"": ""query"", ""description"": ""This parameter represents the ingredient used to search for recipes and subsequently used to search for nutritional information of the same ingredient.""}]",
Recipe Finder,Food Nutrition Information,lunch/ingredient,Find food by id,94ad76ab14337a67e79f018440b8eeabe516d50f9b26259a3e9c86f90de470e5,f57408debc7c000d6ac5e87061e9516403f56248394d1837496c365f907985e7,"[{""name_in_first_api"": ""ingredient"", ""name_in_second_api"": ""fooId"", ""description"": ""This parameter represents the ingredient used to search for recipes, which can be mapped to a specific food item's ID for nutritional information.""}]",
Food Nutrition Information,Food Nutrition Information,Find food by id,Search foods using keywords.,f57408debc7c000d6ac5e87061e9516403f56248394d1837496c365f907985e7,56298fa94ee3c60e49a8179c3febb6187efcd04976b8ed6d89653e7ed1edd17a,"[{""name_in_first_api"": ""fdcId"", ""name_in_second_api"": ""query"", ""description"": ""This parameter represents the Food Data Central ID used to search for specific food items.""}]",
Recipe Finder,Food Nutrition Information,lunch/ingredient,Search foods using keywords.,94ad76ab14337a67e79f018440b8eeabe516d50f9b26259a3e9c86f90de470e5,56298fa94ee3c60e49a8179c3febb6187efcd04976b8ed6d89653e7ed1edd17a,"[{""name_in_first_api"": ""ingredient"", ""name_in_second_api"": ""query"", ""description"": ""This parameter represents the ingredient used to search for recipes, which can also be used as a keyword to search for nutritional information.""}]",
Movie and TV shows Quotes,MoviesDatabase,GET quotes by actor,/actors/random,fd510a5c54928d2512ecdfb16dfd543e1a14f51554173f510114d3934d996e12,a703bd315f4ec2ef9d5d116c43770961e3a96ae2e9a92f436a7361237f265ae1,"[{""name_in_first_api"": ""actor"", ""name_in_second_api"": ""primaryName"", ""description"": ""This parameter represents the name of the actor or actress.""}]",
Movie and TV shows Quotes,MoviesDatabase,GET quotes by actor,/actors,fd510a5c54928d2512ecdfb16dfd543e1a14f51554173f510114d3934d996e12,315779f69850ad2b505a5b5a8db545c263cc319e44120e14c0841fa81d75e2c8,"[{""name_in_first_api"": ""actor"", ""name_in_second_api"": ""primaryName"", ""description"": ""This parameter represents the name of the actor or actress.""}]",
Movie and TV shows Quotes,Movie and TV shows Quotes,GET quotes by actor,GET a random quote,fd510a5c54928d2512ecdfb16dfd543e1a14f51554173f510114d3934d996e12,9e93debf2bc7f793422a4abd2df31c894b6d1d45c2f5b5b42093465b50928a79,"[{""name_in_first_api"": ""actor"", ""name_in_second_api"": ""actor"", ""description"": ""This parameter represents the actor or actress whose quotes are being queried.""}]",
Movie and TV shows Quotes,MoviesDatabase,GET quotes by actor,/titles/{id}/ratings,fd510a5c54928d2512ecdfb16dfd543e1a14f51554173f510114d3934d996e12,049bc5ac3fbef2db43d9d231fc04765e3dc0e833cce72b53cef53cfec3cf69e8,"[{""name_in_first_api"": ""quoteFrom"", ""name_in_second_api"": ""id"", ""description"": ""This parameter represents the IMDB ID of the movie or TV show title.""}]",
Movie and TV shows Quotes,Movie and TV shows Quotes,GET quotes by actor,GET quote by movie or TV show name,fd510a5c54928d2512ecdfb16dfd543e1a14f51554173f510114d3934d996e12,52bc0efb6427bc9fe8b26da282f28cfa9e17db514978abd24051abbd67cd757b,"[{""name_in_first_api"": ""quoteFrom"", ""name_in_second_api"": ""show"", ""description"": ""This parameter represents the name of the movie or TV show from which quotes are retrieved.""}]",
Movie and TV shows Quotes,MoviesDatabase,GET quotes by actor,/titles/search/title/{title},fd510a5c54928d2512ecdfb16dfd543e1a14f51554173f510114d3934d996e12,ac4b49a9ade7c105b156244c99f3b5c46c45e0b38897fda2957602d61c9851f5,"[{""name_in_first_api"": ""quoteFrom"", ""name_in_second_api"": ""title"", ""description"": ""This parameter represents the title of the movie or TV show from which the quote was taken.""}]",
Movie and TV shows Quotes,Movie and TV shows Quotes,GET quotes by actor,Get quote by character,fd510a5c54928d2512ecdfb16dfd543e1a14f51554173f510114d3934d996e12,838198c99ed36133f371bcef5c59b73084ea68664162c52e2618c826bd088129,"[{""name_in_first_api"": ""actor"", ""name_in_second_api"": ""character"", ""description"": ""This parameter represents the actor or actress who delivers the quote, which can be used to query quotes by the character they played.""}]",
Movie and TV shows Quotes,MoviesDatabase,GET quotes by actor,/titles/search/keyword/{keyword},fd510a5c54928d2512ecdfb16dfd543e1a14f51554173f510114d3934d996e12,90f400748e89f0492e6920916e24ac9676413aaf8c68c9c37f15f26090819be3,"[{""name_in_first_api"": ""actor"", ""name_in_second_api"": ""keyword"", ""description"": ""This parameter represents the actor's name used to search for quotes in the first API and as a keyword to search for titles in the second API.""}]",
Movie and TV shows Quotes,MoviesDatabase,GET quotes by actor,/titles/{id}/crew,fd510a5c54928d2512ecdfb16dfd543e1a14f51554173f510114d3934d996e12,8dbaec278254f64e564f8624a7dffda6308812e4a1d584611c72d03aa5ec7150,"[{""name_in_first_api"": ""quoteFrom"", ""name_in_second_api"": ""id"", ""description"": ""This parameter represents the IMDB ID of the movie or TV show title.""}]",
Movie and TV shows Quotes,MoviesDatabase,GET quotes by actor,/titles/{id}/aka,fd510a5c54928d2512ecdfb16dfd543e1a14f51554173f510114d3934d996e12,1f2753718bfb8270bfbab48106bc6ce49b6091a3634594f454f8981589215872,"[{""name_in_first_api"": ""quoteFrom"", ""name_in_second_api"": ""id"", ""description"": ""This parameter represents the IMDB ID of the movie or TV show title.""}]",
Movie and TV shows Quotes,MoviesDatabase,GET quotes by actor,/titles/{id}/main_actors,fd510a5c54928d2512ecdfb16dfd543e1a14f51554173f510114d3934d996e12,657641d9ba8540393ec50f6c9123f15115bd4dd3a0c15a163d73dddbc1bbe156,"[{""name_in_first_api"": ""quoteFrom"", ""name_in_second_api"": ""id"", ""description"": ""This parameter represents the IMDb ID of the movie or TV show title.""}]",
Movie and TV shows Quotes,Anime DB,GET quotes by actor,Get All,fd510a5c54928d2512ecdfb16dfd543e1a14f51554173f510114d3934d996e12,3f8778dc539a81ca252bbbf1a3c5286dc7b6cb7ee13469148ff25c641245c380,"[{""name_in_first_api"": ""actor"", ""name_in_second_api"": ""title"", ""description"": ""This parameter represents the name of the actor in the first API and the title of the anime in the second API.""}]",
Movie and TV shows Quotes,MoviesDatabase,GET quotes by actor,/titles/x/titles-by-ids,fd510a5c54928d2512ecdfb16dfd543e1a14f51554173f510114d3934d996e12,d7357c40f5149a7e308ff9f226b2a8c503adf4b4167e5aee3a0a73ed303cd13b,"[{""name_in_first_api"": ""quoteFrom"", ""name_in_second_api"": ""idsList"", ""description"": ""This parameter represents the IMDB ID of the movie or TV show, which can be used to query detailed information about the title.""}]",
Movie and TV shows Quotes,Advanced Movie Search,GET quotes by actor,Search by Genre,fd510a5c54928d2512ecdfb16dfd543e1a14f51554173f510114d3934d996e12,29dfaeb4e52690e574b8c62a8387d331524712833a24153c19a852f1fe26738a,"[{""name_in_first_api"": ""actor"", ""name_in_second_api"": ""actor"", ""description"": ""This parameter represents the name of the actor or actress whose quotes are being queried.""}]",
Movie and TV shows Quotes,Advanced Movie Search,GET quotes by actor,Search by Name,fd510a5c54928d2512ecdfb16dfd543e1a14f51554173f510114d3934d996e12,fcc70959abedb57d9165d4e3f30a3f3e484a685733e4e3a54ce4d14721417f47,"[{""name_in_first_api"": ""quoteFrom"", ""name_in_second_api"": ""query"", ""description"": ""This parameter represents the title of the movie or TV show from which the quote is taken.""}]",
Movie and TV shows Quotes,Advanced Movie Search,GET quotes by actor,Get Detailed Response,fd510a5c54928d2512ecdfb16dfd543e1a14f51554173f510114d3934d996e12,b49716314b40bd81f8474858318cd562b8238311420d567333600a4ab9dd1435,"[{""name_in_first_api"": ""quoteFrom"", ""name_in_second_api"": ""movie_id"", ""description"": ""This parameter represents the movie title from which the quote is taken, which can be used to find the corresponding movie ID.""}]",
Movie and TV shows Quotes,Spotify,GET quotes by actor,Artist related,fd510a5c54928d2512ecdfb16dfd543e1a14f51554173f510114d3934d996e12,529dcb31d41271816bcf1c72ca686b3b9359cbca252aeaa95ce46366273d214c,"[{""name_in_first_api"": ""actor"", ""name_in_second_api"": ""id"", ""description"": ""This parameter represents the unique identifier of an artist on Spotify, which can be derived from the actor's name in the movie quotes API.""}]",
Movie and TV shows Quotes,Spotify,GET quotes by actor,Artist albums,fd510a5c54928d2512ecdfb16dfd543e1a14f51554173f510114d3934d996e12,65d53e7bc8e99caefd77db73dcaefdde1c8ef41c66376ca44d61e275ddb48cd3,"[{""name_in_first_api"": ""actor"", ""name_in_second_api"": ""id"", ""description"": ""This parameter represents the artist ID in Spotify, which can be derived from the actor's name in the movie quotes API.""}]",
Movie and TV shows Quotes,Movie and TV shows Quotes,GET a random quote,Get quote by character,9e93debf2bc7f793422a4abd2df31c894b6d1d45c2f5b5b42093465b50928a79,838198c99ed36133f371bcef5c59b73084ea68664162c52e2618c826bd088129,"[{""name_in_first_api"": ""character"", ""name_in_second_api"": ""character"", ""description"": ""This parameter represents the character name from which quotes are to be fetched.""}]",
Movie and TV shows Quotes,Spotify,GET quotes by actor,Search,fd510a5c54928d2512ecdfb16dfd543e1a14f51554173f510114d3934d996e12,3363fc82305d6113cf5f55d0a5e78d2235d1a24fb1061eccf194be757cb810e4,"[{""name_in_first_api"": ""actor"", ""name_in_second_api"": ""q"", ""description"": ""This parameter represents the actor's name used to search for quotes, which can be used as a search query in Spotify to find related content.""}]",
Movie and TV shows Quotes,Movie and TV shows Quotes,GET a random quote,GET quote by movie or TV show name,9e93debf2bc7f793422a4abd2df31c894b6d1d45c2f5b5b42093465b50928a79,52bc0efb6427bc9fe8b26da282f28cfa9e17db514978abd24051abbd67cd757b,"[{""name_in_first_api"": ""quoteFrom"", ""name_in_second_api"": ""show"", ""description"": ""This parameter represents the name of the movie or TV show from which the quote is taken.""}]",
Movie and TV shows Quotes,MoviesDatabase,GET a random quote,/titles/search/keyword/{keyword},9e93debf2bc7f793422a4abd2df31c894b6d1d45c2f5b5b42093465b50928a79,90f400748e89f0492e6920916e24ac9676413aaf8c68c9c37f15f26090819be3,"[{""name_in_first_api"": ""quoteFrom"", ""name_in_second_api"": ""keyword"", ""description"": ""This parameter represents the title of the movie or TV show from which the quote is taken.""}]",
Movie and TV shows Quotes,MoviesDatabase,GET a random quote,/titles/search/title/{title},9e93debf2bc7f793422a4abd2df31c894b6d1d45c2f5b5b42093465b50928a79,ac4b49a9ade7c105b156244c99f3b5c46c45e0b38897fda2957602d61c9851f5,"[{""name_in_first_api"": ""quoteFrom"", ""name_in_second_api"": ""title"", ""description"": ""This parameter represents the title of the movie or TV show from which the quote is taken.""}]",
Movie and TV shows Quotes,MoviesDatabase,GET a random quote,/titles/{id}/ratings,9e93debf2bc7f793422a4abd2df31c894b6d1d45c2f5b5b42093465b50928a79,049bc5ac3fbef2db43d9d231fc04765e3dc0e833cce72b53cef53cfec3cf69e8,"[{""name_in_first_api"": ""quoteFrom"", ""name_in_second_api"": ""id"", ""description"": ""This parameter represents the IMDB ID of the movie or TV show title.""}]",
Movie and TV shows Quotes,MoviesDatabase,GET a random quote,/titles/{id}/crew,9e93debf2bc7f793422a4abd2df31c894b6d1d45c2f5b5b42093465b50928a79,8dbaec278254f64e564f8624a7dffda6308812e4a1d584611c72d03aa5ec7150,"[{""name_in_first_api"": ""id"", ""name_in_second_api"": ""id"", ""description"": ""This parameter represents the unique identifier of the movie or TV show.""}]",
Movie and TV shows Quotes,MoviesDatabase,GET a random quote,/titles/{id}/main_actors,9e93debf2bc7f793422a4abd2df31c894b6d1d45c2f5b5b42093465b50928a79,657641d9ba8540393ec50f6c9123f15115bd4dd3a0c15a163d73dddbc1bbe156,"[{""name_in_first_api"": ""quoteFrom"", ""name_in_second_api"": ""id"", ""description"": ""This parameter represents the IMDB ID of the movie or TV show title.""}]",
Movie and TV shows Quotes,MoviesDatabase,GET a random quote,/actors,9e93debf2bc7f793422a4abd2df31c894b6d1d45c2f5b5b42093465b50928a79,315779f69850ad2b505a5b5a8db545c263cc319e44120e14c0841fa81d75e2c8,"[{""name_in_first_api"": ""actor"", ""name_in_second_api"": ""primaryName"", ""description"": ""This parameter represents the name of the actor in both APIs.""}, {""name_in_first_api"": ""quoteFrom"", ""name_in_second_api"": ""knownForTitles"", ""description"": ""This parameter represents the title of the movie or TV show in both APIs.""}]",
Movie and TV shows Quotes,MoviesDatabase,GET a random quote,/titles/x/titles-by-ids,9e93debf2bc7f793422a4abd2df31c894b6d1d45c2f5b5b42093465b50928a79,d7357c40f5149a7e308ff9f226b2a8c503adf4b4167e5aee3a0a73ed303cd13b,"[{""name_in_first_api"": ""quoteFrom"", ""name_in_second_api"": ""idsList"", ""description"": ""This parameter represents the title of the movie or TV show from which the quote is taken, which can be used to query more details about the title.""}]",
Movie and TV shows Quotes,Anime DB,GET a random quote,Get by id,9e93debf2bc7f793422a4abd2df31c894b6d1d45c2f5b5b42093465b50928a79,7382f9429c286a02d92e646ae387d1f03d1aef4ddc201bea72bdf53e6ce33d43,"[{""name_in_first_api"": ""id"", ""name_in_second_api"": ""id"", ""description"": ""This parameter represents the unique identifier of the quote or anime.""}]",
Movie and TV shows Quotes,Anime DB,GET a random quote,Get All,9e93debf2bc7f793422a4abd2df31c894b6d1d45c2f5b5b42093465b50928a79,3f8778dc539a81ca252bbbf1a3c5286dc7b6cb7ee13469148ff25c641245c380,"[{""name_in_first_api"": ""quoteFrom"", ""name_in_second_api"": ""title"", ""description"": ""This parameter represents the title of the movie or TV show from which the quote is taken.""}]",
Movie and TV shows Quotes,MoviesDatabase,GET a random quote,/titles/{id}/aka,9e93debf2bc7f793422a4abd2df31c894b6d1d45c2f5b5b42093465b50928a79,1f2753718bfb8270bfbab48106bc6ce49b6091a3634594f454f8981589215872,"[{""name_in_first_api"": ""quoteFrom"", ""name_in_second_api"": ""id"", ""description"": ""This parameter represents the IMDb ID of the title from which the quote is derived.""}]",
Movie and TV shows Quotes,MoviesDatabase,GET a random quote,/titles/series/{seriesId}/{season},9e93debf2bc7f793422a4abd2df31c894b6d1d45c2f5b5b42093465b50928a79,f2ad35e1daab347cc8980d11f754a6c85a9283877513bc1f26d9b447aff5e80a,"[{""name_in_first_api"": ""quoteFrom"", ""name_in_second_api"": ""seriesId"", ""description"": ""This parameter represents the title of the movie or TV show from which the quote is taken, which can be used to identify the series in the MoviesDatabase API.""}, {""name_in_first_api"": ""year"", ""name_in_second_api"": ""season"", ""description"": ""This parameter represents the year the movie or TV show was released, which can be used to filter the season in the MoviesDatabase API.""}]",
Movie and TV shows Quotes,Advanced Movie Search,GET a random quote,Search by Genre,9e93debf2bc7f793422a4abd2df31c894b6d1d45c2f5b5b42093465b50928a79,29dfaeb4e52690e574b8c62a8387d331524712833a24153c19a852f1fe26738a,"[{""name_in_first_api"": ""quoteFrom"", ""name_in_second_api"": ""original_title"", ""description"": ""This parameter represents the title of the movie or TV show from which the quote is taken.""}]",
Movie and TV shows Quotes,Advanced Movie Search,GET a random quote,Search by Name,9e93debf2bc7f793422a4abd2df31c894b6d1d45c2f5b5b42093465b50928a79,fcc70959abedb57d9165d4e3f30a3f3e484a685733e4e3a54ce4d14721417f47,"[{""name_in_first_api"": ""quoteFrom"", ""name_in_second_api"": ""query"", ""description"": ""This parameter represents the name of the movie or TV show from which the quote is taken.""}]",
Movie and TV shows Quotes,Advanced Movie Search,GET a random quote,Get Detailed Response,9e93debf2bc7f793422a4abd2df31c894b6d1d45c2f5b5b42093465b50928a79,b49716314b40bd81f8474858318cd562b8238311420d567333600a4ab9dd1435,"[{""name_in_first_api"": ""id"", ""name_in_second_api"": ""movie_id"", ""description"": ""This parameter represents the unique identifier of the movie or TV show, which can be used to fetch detailed information about it.""}]",
Movie and TV shows Quotes,Spotify,GET a random quote,Genre View,9e93debf2bc7f793422a4abd2df31c894b6d1d45c2f5b5b42093465b50928a79,8b47cc087eb863e507b18f672277dbc0dc0ea65ea966cdf6fb9d43b7ec2a73de,"[{""name_in_first_api"": ""quoteFrom"", ""name_in_second_api"": ""id"", ""description"": ""This parameter represents the genre ID in the Spotify API, which can be used to fetch playlists and other content related to the genre.""}]",
Movie and TV shows Quotes,Spotify,GET a random quote,Search,9e93debf2bc7f793422a4abd2df31c894b6d1d45c2f5b5b42093465b50928a79,3363fc82305d6113cf5f55d0a5e78d2235d1a24fb1061eccf194be757cb810e4,"[{""name_in_first_api"": ""quoteFrom"", ""name_in_second_api"": ""q"", ""description"": ""This parameter represents the title of the movie or TV show from which the quote is taken.""}]",
Movie and TV shows Quotes,Spotify,GET a random quote,Artist related,9e93debf2bc7f793422a4abd2df31c894b6d1d45c2f5b5b42093465b50928a79,529dcb31d41271816bcf1c72ca686b3b9359cbca252aeaa95ce46366273d214c,"[{""name_in_first_api"": ""actor"", ""name_in_second_api"": ""id"", ""description"": ""This parameter represents the ID of the artist in Spotify, which can be derived from the actor name in the movie quote.""}]",
Movie and TV shows Quotes,Spotify,GET a random quote,Artist albums,9e93debf2bc7f793422a4abd2df31c894b6d1d45c2f5b5b42093465b50928a79,65d53e7bc8e99caefd77db73dcaefdde1c8ef41c66376ca44d61e275ddb48cd3,"[{""name_in_first_api"": ""actor"", ""name_in_second_api"": ""id"", ""description"": ""This parameter represents the artist ID in Spotify, which can be derived from the actor field in the movie quote API, assuming the actor is also a Spotify artist.""}]",
Movie and TV shows Quotes,MoviesDatabase,GET quote by movie or TV show name,/actors/random,52bc0efb6427bc9fe8b26da282f28cfa9e17db514978abd24051abbd67cd757b,a703bd315f4ec2ef9d5d116c43770961e3a96ae2e9a92f436a7361237f265ae1,"[{""name_in_first_api"": ""quoteFrom"", ""name_in_second_api"": ""knownForTitles"", ""description"": ""This parameter represents the titles of movies or TV shows that an actor is known for.""}]",
Movie and TV shows Quotes,MoviesDatabase,GET quote by movie or TV show name,/titles/search/title/{title},52bc0efb6427bc9fe8b26da282f28cfa9e17db514978abd24051abbd67cd757b,ac4b49a9ade7c105b156244c99f3b5c46c45e0b38897fda2957602d61c9851f5,"[{""name_in_first_api"": ""quoteFrom"", ""name_in_second_api"": ""title"", ""description"": ""This parameter represents the title of the movie or TV show from which quotes are retrieved.""}]",
Movie and TV shows Quotes,Movie and TV shows Quotes,GET quote by movie or TV show name,Get quote by character,52bc0efb6427bc9fe8b26da282f28cfa9e17db514978abd24051abbd67cd757b,838198c99ed36133f371bcef5c59b73084ea68664162c52e2618c826bd088129,"[{""name_in_first_api"": ""quoteFrom"", ""name_in_second_api"": ""character"", ""description"": ""This parameter represents the character name from the quotes returned by the first API, which can be used as input for the second API to get quotes by that character.""}]",
Movie and TV shows Quotes,MoviesDatabase,GET quote by movie or TV show name,/titles/search/keyword/{keyword},52bc0efb6427bc9fe8b26da282f28cfa9e17db514978abd24051abbd67cd757b,90f400748e89f0492e6920916e24ac9676413aaf8c68c9c37f15f26090819be3,"[{""name_in_first_api"": ""quoteFrom"", ""name_in_second_api"": ""keyword"", ""description"": ""This parameter represents the name of the movie or TV show from which quotes are retrieved and can be used as a keyword to search for titles in the MoviesDatabase.""}]",
Movie and TV shows Quotes,MoviesDatabase,GET quote by movie or TV show name,/titles/utils/titleTypes,52bc0efb6427bc9fe8b26da282f28cfa9e17db514978abd24051abbd67cd757b,4a8e9e925b0d3cf7f48876e725080dfe4f101b4ba11a1cdded43d7ba40220a8a,"[{""name_in_first_api"": ""quoteFrom"", ""name_in_second_api"": ""show"", ""description"": ""This parameter represents the name of the movie or TV show from which quotes are retrieved.""}]",
Movie and TV shows Quotes,MoviesDatabase,GET quote by movie or TV show name,/actors,52bc0efb6427bc9fe8b26da282f28cfa9e17db514978abd24051abbd67cd757b,315779f69850ad2b505a5b5a8db545c263cc319e44120e14c0841fa81d75e2c8,"[{""name_in_first_api"": ""quoteFrom"", ""name_in_second_api"": ""knownForTitles"", ""description"": ""This parameter represents the title of the movie or TV show from which the quote is taken.""}]",
Movie and TV shows Quotes,MoviesDatabase,GET quote by movie or TV show name,/titles/{id}/ratings,52bc0efb6427bc9fe8b26da282f28cfa9e17db514978abd24051abbd67cd757b,049bc5ac3fbef2db43d9d231fc04765e3dc0e833cce72b53cef53cfec3cf69e8,"[{""name_in_first_api"": ""quoteFrom"", ""name_in_second_api"": ""id"", ""description"": ""This parameter represents the movie or TV show name which can be used to find the corresponding IMDB ID.""}]",
Movie and TV shows Quotes,MoviesDatabase,GET quote by movie or TV show name,/titles/x/upcoming,52bc0efb6427bc9fe8b26da282f28cfa9e17db514978abd24051abbd67cd757b,bcc951bd80bf898e42a3be8024d4df202acb570049f0bc541beb9de8c35ba664,"[{""name_in_first_api"": ""quoteFrom"", ""name_in_second_api"": ""show"", ""description"": ""This parameter represents the name of the movie or TV show from which quotes are retrieved and can be used to query upcoming titles in the MoviesDatabase.""}]",
Movie and TV shows Quotes,MoviesDatabase,GET quote by movie or TV show name,/titles/{id}/crew,52bc0efb6427bc9fe8b26da282f28cfa9e17db514978abd24051abbd67cd757b,8dbaec278254f64e564f8624a7dffda6308812e4a1d584611c72d03aa5ec7150,"[{""name_in_first_api"": ""quoteFrom"", ""name_in_second_api"": ""id"", ""description"": ""This parameter represents the IMDB ID of the movie or TV show, which can be used to fetch crew information.""}]",
Movie and TV shows Quotes,MoviesDatabase,GET quote by movie or TV show name,/titles/series/{seriesId}/{season},52bc0efb6427bc9fe8b26da282f28cfa9e17db514978abd24051abbd67cd757b,f2ad35e1daab347cc8980d11f754a6c85a9283877513bc1f26d9b447aff5e80a,"[{""name_in_first_api"": ""quoteFrom"", ""name_in_second_api"": ""seriesId"", ""description"": ""This parameter represents the movie or TV show name from which quotes are fetched, which can be used as the series ID to query specific seasons.""}]",
Movie and TV shows Quotes,MoviesDatabase,GET quote by movie or TV show name,/titles/x/titles-by-ids,52bc0efb6427bc9fe8b26da282f28cfa9e17db514978abd24051abbd67cd757b,d7357c40f5149a7e308ff9f226b2a8c503adf4b4167e5aee3a0a73ed303cd13b,"[{""name_in_first_api"": ""quoteFrom"", ""name_in_second_api"": ""idsList"", ""description"": ""This parameter represents the movie or TV show name from which quotes are retrieved and can be used to query detailed information about the title.""}]",
Movie and TV shows Quotes,MoviesDatabase,GET quote by movie or TV show name,/titles/{id}/main_actors,52bc0efb6427bc9fe8b26da282f28cfa9e17db514978abd24051abbd67cd757b,657641d9ba8540393ec50f6c9123f15115bd4dd3a0c15a163d73dddbc1bbe156,"[{""name_in_first_api"": ""quoteFrom"", ""name_in_second_api"": ""id"", ""description"": ""This parameter represents the IMDB ID of the movie or TV show, which is used to fetch main actors.""}]",
Movie and TV shows Quotes,MoviesDatabase,GET quote by movie or TV show name,/titles/{id}/aka,52bc0efb6427bc9fe8b26da282f28cfa9e17db514978abd24051abbd67cd757b,1f2753718bfb8270bfbab48106bc6ce49b6091a3634594f454f8981589215872,"[{""name_in_first_api"": ""quoteFrom"", ""name_in_second_api"": ""id"", ""description"": ""This parameter represents the IMDB ID of the movie or TV show, which can be derived from the 'quoteFrom' field in the first API's response.""}]",
Movie and TV shows Quotes,Anime DB,GET quote by movie or TV show name,Get All,52bc0efb6427bc9fe8b26da282f28cfa9e17db514978abd24051abbd67cd757b,3f8778dc539a81ca252bbbf1a3c5286dc7b6cb7ee13469148ff25c641245c380,"[{""name_in_first_api"": ""quoteFrom"", ""name_in_second_api"": ""title"", ""description"": ""This parameter represents the title of the movie or TV show from which quotes are retrieved.""}]",
Movie and TV shows Quotes,Anime DB,GET quote by movie or TV show name,Get by id,52bc0efb6427bc9fe8b26da282f28cfa9e17db514978abd24051abbd67cd757b,7382f9429c286a02d92e646ae387d1f03d1aef4ddc201bea72bdf53e6ce33d43,"[{""name_in_first_api"": ""quoteFrom"", ""name_in_second_api"": ""title"", ""description"": ""This parameter represents the title of the movie or TV show from which the quote is taken.""}]",
Movie and TV shows Quotes,Advanced Movie Search,GET quote by movie or TV show name,Search by Genre,52bc0efb6427bc9fe8b26da282f28cfa9e17db514978abd24051abbd67cd757b,29dfaeb4e52690e574b8c62a8387d331524712833a24153c19a852f1fe26738a,"[{""name_in_first_api"": ""quoteFrom"", ""name_in_second_api"": ""original_title"", ""description"": ""This parameter represents the title of the movie or TV show.""}]",
Movie and TV shows Quotes,Advanced Movie Search,GET quote by movie or TV show name,Get Detailed Response,52bc0efb6427bc9fe8b26da282f28cfa9e17db514978abd24051abbd67cd757b,b49716314b40bd81f8474858318cd562b8238311420d567333600a4ab9dd1435,"[{""name_in_first_api"": ""quoteFrom"", ""name_in_second_api"": ""movie_id"", ""description"": ""This parameter represents the movie or TV show name from which quotes are fetched and can be used to get detailed information about the movie.""}]",
Movie and TV shows Quotes,Advanced Movie Search,GET quote by movie or TV show name,Search by Name,52bc0efb6427bc9fe8b26da282f28cfa9e17db514978abd24051abbd67cd757b,fcc70959abedb57d9165d4e3f30a3f3e484a685733e4e3a54ce4d14721417f47,"[{""name_in_first_api"": ""quoteFrom"", ""name_in_second_api"": ""query"", ""description"": ""This parameter represents the name of the movie or TV show from which quotes are retrieved and can be used to search for more details about the same movie or TV show.""}]",
Movie and TV shows Quotes,Spotify,GET quote by movie or TV show name,Search,52bc0efb6427bc9fe8b26da282f28cfa9e17db514978abd24051abbd67cd757b,3363fc82305d6113cf5f55d0a5e78d2235d1a24fb1061eccf194be757cb810e4,"[{""name_in_first_api"": ""quoteFrom"", ""name_in_second_api"": ""q"", ""description"": ""This parameter represents the name of the movie or TV show to search for quotes.""}]",
Movie and TV shows Quotes,MoviesDatabase,Get quote by character,/titles/search/keyword/{keyword},838198c99ed36133f371bcef5c59b73084ea68664162c52e2618c826bd088129,90f400748e89f0492e6920916e24ac9676413aaf8c68c9c37f15f26090819be3,"[{""name_in_first_api"": ""quoteFrom"", ""name_in_second_api"": ""keyword"", ""description"": ""This parameter represents the title of the movie or TV show from which the quote is taken.""}]",
Movie and TV shows Quotes,Spotify,GET quote by movie or TV show name,Artist albums,52bc0efb6427bc9fe8b26da282f28cfa9e17db514978abd24051abbd67cd757b,65d53e7bc8e99caefd77db73dcaefdde1c8ef41c66376ca44d61e275ddb48cd3,"[{""name_in_first_api"": ""quoteFrom"", ""name_in_second_api"": ""id"", ""description"": ""This parameter represents the name of the movie or TV show from which quotes are retrieved and can be used as an Artist ID to fetch albums.""}]",
Movie and TV shows Quotes,Spotify,GET quote by movie or TV show name,Artist related,52bc0efb6427bc9fe8b26da282f28cfa9e17db514978abd24051abbd67cd757b,529dcb31d41271816bcf1c72ca686b3b9359cbca252aeaa95ce46366273d214c,"[{""name_in_first_api"": ""quoteFrom"", ""name_in_second_api"": ""id"", ""description"": ""This parameter represents the movie or TV show name from which quotes are fetched, which can be used as an artist ID in the Spotify API to find related artists.""}]",
Movie and TV shows Quotes,MoviesDatabase,Get quote by character,/actors/random,838198c99ed36133f371bcef5c59b73084ea68664162c52e2618c826bd088129,a703bd315f4ec2ef9d5d116c43770961e3a96ae2e9a92f436a7361237f265ae1,"[{""name_in_first_api"": ""actor"", ""name_in_second_api"": ""primaryName"", ""description"": ""This parameter represents the name of the actor or actress.""}]",
Movie and TV shows Quotes,MoviesDatabase,Get quote by character,/titles/search/title/{title},838198c99ed36133f371bcef5c59b73084ea68664162c52e2618c826bd088129,ac4b49a9ade7c105b156244c99f3b5c46c45e0b38897fda2957602d61c9851f5,"[{""name_in_first_api"": ""quoteFrom"", ""name_in_second_api"": ""title"", ""description"": ""This parameter represents the title of the movie or TV show from which the quote was taken.""}]",
Movie and TV shows Quotes,MoviesDatabase,Get quote by character,/actors,838198c99ed36133f371bcef5c59b73084ea68664162c52e2618c826bd088129,315779f69850ad2b505a5b5a8db545c263cc319e44120e14c0841fa81d75e2c8,"[{""name_in_first_api"": ""actor"", ""name_in_second_api"": ""primaryName"", ""description"": ""This parameter represents the name of the actor who delivered the quote.""}]",
Movie and TV shows Quotes,MoviesDatabase,Get quote by character,/titles/{id}/ratings,838198c99ed36133f371bcef5c59b73084ea68664162c52e2618c826bd088129,049bc5ac3fbef2db43d9d231fc04765e3dc0e833cce72b53cef53cfec3cf69e8,"[{""name_in_first_api"": ""quoteFrom"", ""name_in_second_api"": ""id"", ""description"": ""This parameter represents the IMDB ID of the movie or TV show title.""}]",
Movie and TV shows Quotes,MoviesDatabase,Get quote by character,/titles/{id}/crew,838198c99ed36133f371bcef5c59b73084ea68664162c52e2618c826bd088129,8dbaec278254f64e564f8624a7dffda6308812e4a1d584611c72d03aa5ec7150,"[{""name_in_first_api"": ""quoteFrom"", ""name_in_second_api"": ""id"", ""description"": ""This parameter represents the IMDB ID of the movie or TV show title.""}]",
Movie and TV shows Quotes,MoviesDatabase,Get quote by character,/titles/{id}/main_actors,838198c99ed36133f371bcef5c59b73084ea68664162c52e2618c826bd088129,657641d9ba8540393ec50f6c9123f15115bd4dd3a0c15a163d73dddbc1bbe156,"[{""name_in_first_api"": ""quoteFrom"", ""name_in_second_api"": ""id"", ""description"": ""This parameter represents the IMDB ID of the movie or TV show title.""}]",
Movie and TV shows Quotes,MoviesDatabase,Get quote by character,/titles/{id}/aka,838198c99ed36133f371bcef5c59b73084ea68664162c52e2618c826bd088129,1f2753718bfb8270bfbab48106bc6ce49b6091a3634594f454f8981589215872,"[{""name_in_first_api"": ""quoteFrom"", ""name_in_second_api"": ""id"", ""description"": ""This parameter represents the IMDB ID of the movie or TV show title.""}]",
Movie and TV shows Quotes,MoviesDatabase,Get quote by character,/titles/x/titles-by-ids,838198c99ed36133f371bcef5c59b73084ea68664162c52e2618c826bd088129,d7357c40f5149a7e308ff9f226b2a8c503adf4b4167e5aee3a0a73ed303cd13b,"[{""name_in_first_api"": ""quoteFrom"", ""name_in_second_api"": ""idsList"", ""description"": ""This parameter represents the IMDB ID of the movie or TV show, which can be used to query detailed information about the title.""}]",
Movie and TV shows Quotes,Anime DB,Get quote by character,Get All,838198c99ed36133f371bcef5c59b73084ea68664162c52e2618c826bd088129,3f8778dc539a81ca252bbbf1a3c5286dc7b6cb7ee13469148ff25c641245c380,"[{""name_in_first_api"": ""quoteFrom"", ""name_in_second_api"": ""title"", ""description"": ""This parameter represents the title of the movie or TV show from which the quote is taken.""}]",
Movie and TV shows Quotes,Anime DB,Get quote by character,Get by id,838198c99ed36133f371bcef5c59b73084ea68664162c52e2618c826bd088129,7382f9429c286a02d92e646ae387d1f03d1aef4ddc201bea72bdf53e6ce33d43,"[{""name_in_first_api"": ""quoteFrom"", ""name_in_second_api"": ""title"", ""description"": ""This parameter represents the title of the movie or TV show from which the quote is taken.""}]",
Movie and TV shows Quotes,MoviesDatabase,Get quote by character,/titles/series/{seriesId}/{season},838198c99ed36133f371bcef5c59b73084ea68664162c52e2618c826bd088129,f2ad35e1daab347cc8980d11f754a6c85a9283877513bc1f26d9b447aff5e80a,"[{""name_in_first_api"": ""quoteFrom"", ""name_in_second_api"": ""seriesId"", ""description"": ""This parameter represents the series ID of the movie or TV show.""}, {""name_in_first_api"": ""year"", ""name_in_second_api"": ""season"", ""description"": ""This parameter represents the season number of the TV show.""}]",
Movie and TV shows Quotes,Advanced Movie Search,Get quote by character,Search by Name,838198c99ed36133f371bcef5c59b73084ea68664162c52e2618c826bd088129,fcc70959abedb57d9165d4e3f30a3f3e484a685733e4e3a54ce4d14721417f47,"[{""name_in_first_api"": ""quoteFrom"", ""name_in_second_api"": ""query"", ""description"": ""This parameter represents the title of the movie or TV show from which the quote is taken.""}]",
Movie and TV shows Quotes,Advanced Movie Search,Get quote by character,Get Detailed Response,838198c99ed36133f371bcef5c59b73084ea68664162c52e2618c826bd088129,b49716314b40bd81f8474858318cd562b8238311420d567333600a4ab9dd1435,"[{""name_in_first_api"": ""quoteFrom"", ""name_in_second_api"": ""movie_id"", ""description"": ""The movie title from the first API is used to find the corresponding movie ID in the second API.""}]",
Movie and TV shows Quotes,Advanced Movie Search,Get quote by character,Search by Genre,838198c99ed36133f371bcef5c59b73084ea68664162c52e2618c826bd088129,29dfaeb4e52690e574b8c62a8387d331524712833a24153c19a852f1fe26738a,"[{""name_in_first_api"": ""quoteFrom"", ""name_in_second_api"": ""original_title"", ""description"": ""This parameter represents the title of the movie or TV show from which the quote is taken.""}]",
Movie and TV shows Quotes,Spotify,Get quote by character,Search,838198c99ed36133f371bcef5c59b73084ea68664162c52e2618c826bd088129,3363fc82305d6113cf5f55d0a5e78d2235d1a24fb1061eccf194be757cb810e4,"[{""name_in_first_api"": ""quoteFrom"", ""name_in_second_api"": ""q"", ""description"": ""The title of the movie or TV show from which the quote is taken, used as a search query in Spotify.""}]",
Movie and TV shows Quotes,Spotify,Get quote by character,Artist albums,838198c99ed36133f371bcef5c59b73084ea68664162c52e2618c826bd088129,65d53e7bc8e99caefd77db73dcaefdde1c8ef41c66376ca44d61e275ddb48cd3,"[{""name_in_first_api"": ""actor"", ""name_in_second_api"": ""id"", ""description"": ""This parameter represents the artist ID in Spotify, which can be derived from the actor field in the movie quotes API.""}]",
Movie and TV shows Quotes,Spotify,Get quote by character,Artist related,838198c99ed36133f371bcef5c59b73084ea68664162c52e2618c826bd088129,529dcb31d41271816bcf1c72ca686b3b9359cbca252aeaa95ce46366273d214c,"[{""name_in_first_api"": ""character"", ""name_in_second_api"": ""id"", ""description"": ""This parameter represents the character name from movie and TV shows quotes, which can be used as an artist ID in Spotify to find related artists.""}]",
MoviesDatabase,MoviesDatabase,/titles/search/keyword/{keyword},/titles/search/title/{title},90f400748e89f0492e6920916e24ac9676413aaf8c68c9c37f15f26090819be3,ac4b49a9ade7c105b156244c99f3b5c46c45e0b38897fda2957602d61c9851f5,"[{""name_in_first_api"": ""keyword"", ""name_in_second_api"": ""title"", ""description"": ""This parameter represents the keyword used to search for titles in the MoviesDatabase API.""}]",
MoviesDatabase,MoviesDatabase,/titles/search/keyword/{keyword},/actors,90f400748e89f0492e6920916e24ac9676413aaf8c68c9c37f15f26090819be3,315779f69850ad2b505a5b5a8db545c263cc319e44120e14c0841fa81d75e2c8,"[{""name_in_first_api"": ""results"", ""name_in_second_api"": ""knownForTitles"", ""description"": ""This parameter represents the list of titles associated with an actor or crew member.""}]",
MoviesDatabase,MoviesDatabase,/titles/search/keyword/{keyword},/titles/{id}/ratings,90f400748e89f0492e6920916e24ac9676413aaf8c68c9c37f15f26090819be3,049bc5ac3fbef2db43d9d231fc04765e3dc0e833cce72b53cef53cfec3cf69e8,"[{""name_in_first_api"": ""keyword"", ""name_in_second_api"": ""id"", ""description"": ""This parameter represents the keyword used to search for a movie title, which can be used to retrieve the corresponding Imdb Id for further rating retrieval.""}]",
MoviesDatabase,MoviesDatabase,/titles/search/keyword/{keyword},/titles/{id}/crew,90f400748e89f0492e6920916e24ac9676413aaf8c68c9c37f15f26090819be3,8dbaec278254f64e564f8624a7dffda6308812e4a1d584611c72d03aa5ec7150,"[{""name_in_first_api"": ""id"", ""name_in_second_api"": ""id"", ""description"": ""This parameter represents the Imdb Id of the title, which is used to retrieve detailed crew information.""}]",
MoviesDatabase,MoviesDatabase,/titles/search/keyword/{keyword},/titles/series/{seriesId}/{season},90f400748e89f0492e6920916e24ac9676413aaf8c68c9c37f15f26090819be3,f2ad35e1daab347cc8980d11f754a6c85a9283877513bc1f26d9b447aff5e80a,"[{""name_in_first_api"": ""results"", ""name_in_second_api"": ""seriesId"", ""description"": ""This parameter represents the series ID obtained from the search results of the first API.""}]",
MoviesDatabase,MoviesDatabase,/titles/search/keyword/{keyword},/titles/{id}/main_actors,90f400748e89f0492e6920916e24ac9676413aaf8c68c9c37f15f26090819be3,657641d9ba8540393ec50f6c9123f15115bd4dd3a0c15a163d73dddbc1bbe156,"[{""name_in_first_api"": ""results"", ""name_in_second_api"": ""id"", ""description"": ""This parameter represents the Imdb Id of the title obtained from the search results.""}]",
MoviesDatabase,MoviesDatabase,/titles/search/keyword/{keyword},/titles/{id}/aka,90f400748e89f0492e6920916e24ac9676413aaf8c68c9c37f15f26090819be3,1f2753718bfb8270bfbab48106bc6ce49b6091a3634594f454f8981589215872,"[{""name_in_first_api"": ""results"", ""name_in_second_api"": ""id"", ""description"": ""This parameter represents the Imdb Id of the title obtained from the search results.""}]",
MoviesDatabase,Anime DB,/titles/search/keyword/{keyword},Get by id,90f400748e89f0492e6920916e24ac9676413aaf8c68c9c37f15f26090819be3,7382f9429c286a02d92e646ae387d1f03d1aef4ddc201bea72bdf53e6ce33d43,"[{""name_in_first_api"": ""results"", ""name_in_second_api"": ""id"", ""description"": ""This parameter represents the ID of the anime title obtained from the search results of the MoviesDatabase API.""}]",
MoviesDatabase,MoviesDatabase,/titles/search/keyword/{keyword},/titles/x/titles-by-ids,90f400748e89f0492e6920916e24ac9676413aaf8c68c9c37f15f26090819be3,d7357c40f5149a7e308ff9f226b2a8c503adf4b4167e5aee3a0a73ed303cd13b,"[{""name_in_first_api"": ""results"", ""name_in_second_api"": ""idsList"", ""description"": ""This parameter represents a list of IMDb IDs obtained from the search results of the first API, which can be used to fetch detailed information about specific titles in the second API.""}]",
MoviesDatabase,Advanced Movie Search,/titles/search/keyword/{keyword},Search by Name,90f400748e89f0492e6920916e24ac9676413aaf8c68c9c37f15f26090819be3,fcc70959abedb57d9165d4e3f30a3f3e484a685733e4e3a54ce4d14721417f47,"[{""name_in_first_api"": ""keyword"", ""name_in_second_api"": ""query"", ""description"": ""This parameter represents the search term used to find movies in both APIs.""}]",
MoviesDatabase,Advanced Movie Search,/titles/search/keyword/{keyword},Search by Genre,90f400748e89f0492e6920916e24ac9676413aaf8c68c9c37f15f26090819be3,29dfaeb4e52690e574b8c62a8387d331524712833a24153c19a852f1fe26738a,"[{""name_in_first_api"": ""keyword"", ""name_in_second_api"": ""genre_ids"", ""description"": ""This parameter represents the keyword used to search for movie titles, which can be related to a specific genre.""}]",
MoviesDatabase,Advanced Movie Search,/titles/search/keyword/{keyword},Get Detailed Response,90f400748e89f0492e6920916e24ac9676413aaf8c68c9c37f15f26090819be3,b49716314b40bd81f8474858318cd562b8238311420d567333600a4ab9dd1435,"[{""name_in_first_api"": ""results[0].id"", ""name_in_second_api"": ""movie_id"", ""description"": ""This parameter represents the unique identifier of a movie, which is used to fetch detailed information about the movie.""}]",
MoviesDatabase,Spotify,/titles/search/keyword/{keyword},Artist related,90f400748e89f0492e6920916e24ac9676413aaf8c68c9c37f15f26090819be3,529dcb31d41271816bcf1c72ca686b3b9359cbca252aeaa95ce46366273d214c,"[{""name_in_first_api"": ""keyword"", ""name_in_second_api"": ""id"", ""description"": ""This parameter represents the keyword used to search for movie titles, which can be related to an artist ID in Spotify.""}]",
MoviesDatabase,Spotify,/titles/search/keyword/{keyword},Genre View,90f400748e89f0492e6920916e24ac9676413aaf8c68c9c37f15f26090819be3,8b47cc087eb863e507b18f672277dbc0dc0ea65ea966cdf6fb9d43b7ec2a73de,"[{""name_in_first_api"": ""keyword"", ""name_in_second_api"": ""id"", ""description"": ""This parameter represents the search keyword used to find titles in the MoviesDatabase API, which can be used as a Genre ID in the Spotify API to retrieve genre-specific content.""}]",
MoviesDatabase,Spotify,/titles/search/keyword/{keyword},Artist albums,90f400748e89f0492e6920916e24ac9676413aaf8c68c9c37f15f26090819be3,65d53e7bc8e99caefd77db73dcaefdde1c8ef41c66376ca44d61e275ddb48cd3,"[{""name_in_first_api"": ""keyword"", ""name_in_second_api"": ""id"", ""description"": ""This parameter represents the keyword used to search for titles in MoviesDatabase, which can be related to an artist ID in Spotify.""}]",
MoviesDatabase,Spotify,/titles/search/keyword/{keyword},Search,90f400748e89f0492e6920916e24ac9676413aaf8c68c9c37f15f26090819be3,3363fc82305d6113cf5f55d0a5e78d2235d1a24fb1061eccf194be757cb810e4,"[{""name_in_first_api"": ""keyword"", ""name_in_second_api"": ""q"", ""description"": ""This parameter represents the search query used to find relevant titles or content.""}]",
MoviesDatabase,MoviesDatabase,/titles/search/title/{title},/actors,ac4b49a9ade7c105b156244c99f3b5c46c45e0b38897fda2957602d61c9851f5,315779f69850ad2b505a5b5a8db545c263cc319e44120e14c0841fa81d75e2c8,"[{""name_in_first_api"": ""title"", ""name_in_second_api"": ""knownForTitles"", ""description"": ""This parameter represents the titles of movies/series that an actor is known for.""}]",
MoviesDatabase,MoviesDatabase,/titles/search/title/{title},/titles/{id}/crew,ac4b49a9ade7c105b156244c99f3b5c46c45e0b38897fda2957602d61c9851f5,8dbaec278254f64e564f8624a7dffda6308812e4a1d584611c72d03aa5ec7150,"[{""name_in_first_api"": ""title"", ""name_in_second_api"": ""id"", ""description"": ""This parameter represents the Imdb Id of the title obtained from the search by title API.""}]",
MoviesDatabase,MoviesDatabase,/titles/search/title/{title},/titles/{id}/ratings,ac4b49a9ade7c105b156244c99f3b5c46c45e0b38897fda2957602d61c9851f5,049bc5ac3fbef2db43d9d231fc04765e3dc0e833cce72b53cef53cfec3cf69e8,"[{""name_in_first_api"": ""title"", ""name_in_second_api"": ""id"", ""description"": ""This parameter represents the Imdb Id of the title obtained from the search by title API.""}]",
MoviesDatabase,Anime DB,/titles/search/title/{title},Get All,ac4b49a9ade7c105b156244c99f3b5c46c45e0b38897fda2957602d61c9851f5,3f8778dc539a81ca252bbbf1a3c5286dc7b6cb7ee13469148ff25c641245c380,"[{""name_in_first_api"": ""title"", ""name_in_second_api"": ""title"", ""description"": ""This parameter represents the title of the movie or series.""}]",
MoviesDatabase,MoviesDatabase,/titles/search/title/{title},/titles/series/{seriesId}/{season},ac4b49a9ade7c105b156244c99f3b5c46c45e0b38897fda2957602d61c9851f5,f2ad35e1daab347cc8980d11f754a6c85a9283877513bc1f26d9b447aff5e80a,"[{""name_in_first_api"": ""title"", ""name_in_second_api"": ""seriesId"", ""description"": ""This parameter represents the title of the Movie/Series which can be used to find the corresponding Series Imdb Id.""}]",
MoviesDatabase,MoviesDatabase,/titles/search/title/{title},/titles/{id}/main_actors,ac4b49a9ade7c105b156244c99f3b5c46c45e0b38897fda2957602d61c9851f5,657641d9ba8540393ec50f6c9123f15115bd4dd3a0c15a163d73dddbc1bbe156,"[{""name_in_first_api"": ""id"", ""name_in_second_api"": ""id"", ""description"": ""This parameter represents the Imdb Id of the title, which is used to identify a specific movie or series in the MoviesDatabase.""}]",
MoviesDatabase,MoviesDatabase,/titles/search/title/{title},/titles/{id}/aka,ac4b49a9ade7c105b156244c99f3b5c46c45e0b38897fda2957602d61c9851f5,1f2753718bfb8270bfbab48106bc6ce49b6091a3634594f454f8981589215872,"[{""name_in_first_api"": ""title"", ""name_in_second_api"": ""id"", ""description"": ""This parameter represents the Imdb Id of the title obtained from the search by title API.""}]",
MoviesDatabase,Anime DB,/titles/search/title/{title},Get by id,ac4b49a9ade7c105b156244c99f3b5c46c45e0b38897fda2957602d61c9851f5,7382f9429c286a02d92e646ae387d1f03d1aef4ddc201bea72bdf53e6ce33d43,"[{""name_in_first_api"": ""title"", ""name_in_second_api"": ""id"", ""description"": ""This parameter represents the title of the movie or series which can be used to search for the corresponding ID in the Anime DB.""}]",
MoviesDatabase,MoviesDatabase,/titles/search/title/{title},/titles/x/titles-by-ids,ac4b49a9ade7c105b156244c99f3b5c46c45e0b38897fda2957602d61c9851f5,d7357c40f5149a7e308ff9f226b2a8c503adf4b4167e5aee3a0a73ed303cd13b,"[{""name_in_first_api"": ""title"", ""name_in_second_api"": ""idsList"", ""description"": ""This parameter represents the title of the movie/series which can be used to retrieve the corresponding IMDb IDs for further querying.""}]",
MoviesDatabase,Advanced Movie Search,/titles/search/title/{title},Search by Name,ac4b49a9ade7c105b156244c99f3b5c46c45e0b38897fda2957602d61c9851f5,fcc70959abedb57d9165d4e3f30a3f3e484a685733e4e3a54ce4d14721417f47,"[{""name_in_first_api"": ""title"", ""name_in_second_api"": ""query"", ""description"": ""This parameter represents the title of the movie or series to be searched.""}]",
MoviesDatabase,Advanced Movie Search,/titles/search/title/{title},Search by Genre,ac4b49a9ade7c105b156244c99f3b5c46c45e0b38897fda2957602d61c9851f5,29dfaeb4e52690e574b8c62a8387d331524712833a24153c19a852f1fe26738a,"[{""name_in_first_api"": ""title"", ""name_in_second_api"": ""title"", ""description"": ""This parameter represents the title of the movie or series.""}]",
MoviesDatabase,Advanced Movie Search,/titles/search/title/{title},Get Detailed Response,ac4b49a9ade7c105b156244c99f3b5c46c45e0b38897fda2957602d61c9851f5,b49716314b40bd81f8474858318cd562b8238311420d567333600a4ab9dd1435,"[{""name_in_first_api"": ""results"", ""name_in_second_api"": ""movie_id"", ""description"": ""The 'results' parameter from the first API contains the movie ID, which is used as the input for the 'movie_id' parameter in the second API to get detailed information about the movie.""}]",
MoviesDatabase,Spotify,/titles/search/title/{title},Artist related,ac4b49a9ade7c105b156244c99f3b5c46c45e0b38897fda2957602d61c9851f5,529dcb31d41271816bcf1c72ca686b3b9359cbca252aeaa95ce46366273d214c,"[{""name_in_first_api"": ""title"", ""name_in_second_api"": ""id"", ""description"": ""This parameter represents the title of the movie/series, which can be used to search for related artists on Spotify.""}]",
MoviesDatabase,Spotify,/titles/search/title/{title},Artist albums,ac4b49a9ade7c105b156244c99f3b5c46c45e0b38897fda2957602d61c9851f5,65d53e7bc8e99caefd77db73dcaefdde1c8ef41c66376ca44d61e275ddb48cd3,"[{""name_in_first_api"": ""title"", ""name_in_second_api"": ""id"", ""description"": ""This parameter represents the title of the movie/series, which can be used to search for the corresponding artist ID in Spotify.""}]",
MoviesDatabase,Spotify,/titles/search/title/{title},Search,ac4b49a9ade7c105b156244c99f3b5c46c45e0b38897fda2957602d61c9851f5,3363fc82305d6113cf5f55d0a5e78d2235d1a24fb1061eccf194be757cb810e4,"[{""name_in_first_api"": ""title"", ""name_in_second_api"": ""q"", ""description"": ""This parameter represents the title of the movie or series that is being searched.""}]",
MoviesDatabase,MoviesDatabase,/actors/random,/actors,a703bd315f4ec2ef9d5d116c43770961e3a96ae2e9a92f436a7361237f265ae1,315779f69850ad2b505a5b5a8db545c263cc319e44120e14c0841fa81d75e2c8,"[{""name_in_first_api"": ""nconst"", ""name_in_second_api"": ""nconst"", ""description"": ""This parameter represents the unique identifier for an actor, which can be used to retrieve detailed information about the actor.""}]",
MoviesDatabase,MoviesDatabase,/actors/random,/titles/{id}/ratings,a703bd315f4ec2ef9d5d116c43770961e3a96ae2e9a92f436a7361237f265ae1,049bc5ac3fbef2db43d9d231fc04765e3dc0e833cce72b53cef53cfec3cf69e8,"[{""name_in_first_api"": ""knownForTitles"", ""name_in_second_api"": ""id"", ""description"": ""This parameter represents the IMDb ID of a title that an actor is known for.""}]",
MoviesDatabase,MoviesDatabase,/actors/random,/titles/{id}/crew,a703bd315f4ec2ef9d5d116c43770961e3a96ae2e9a92f436a7361237f265ae1,8dbaec278254f64e564f8624a7dffda6308812e4a1d584611c72d03aa5ec7150,"[{""name_in_first_api"": ""knownForTitles"", ""name_in_second_api"": ""id"", ""description"": ""This parameter represents the IMDb ID of a title that an actor is known for.""}]",
MoviesDatabase,MoviesDatabase,/actors/random,/titles/x/titles-by-ids,a703bd315f4ec2ef9d5d116c43770961e3a96ae2e9a92f436a7361237f265ae1,d7357c40f5149a7e308ff9f226b2a8c503adf4b4167e5aee3a0a73ed303cd13b,"[{""name_in_first_api"": ""knownForTitles"", ""name_in_second_api"": ""idsList"", ""description"": ""This parameter represents a list of IMDb IDs for titles that an actor is known for.""}]",
MoviesDatabase,MoviesDatabase,/actors/random,/titles/{id}/main_actors,a703bd315f4ec2ef9d5d116c43770961e3a96ae2e9a92f436a7361237f265ae1,657641d9ba8540393ec50f6c9123f15115bd4dd3a0c15a163d73dddbc1bbe156,"[{""name_in_first_api"": ""knownForTitles"", ""name_in_second_api"": ""id"", ""description"": ""This parameter represents the IMDb ID of a title that an actor is known for.""}]",
MoviesDatabase,MoviesDatabase,/actors/random,/titles/series/{seriesId}/{season},a703bd315f4ec2ef9d5d116c43770961e3a96ae2e9a92f436a7361237f265ae1,f2ad35e1daab347cc8980d11f754a6c85a9283877513bc1f26d9b447aff5e80a,"[{""name_in_first_api"": ""knownForTitles"", ""name_in_second_api"": ""seriesId"", ""description"": ""This parameter represents the IMDb ID of a series or movie, which can be used to retrieve detailed information about that specific title.""}]",
MoviesDatabase,MoviesDatabase,/actors/random,/titles/{id}/aka,a703bd315f4ec2ef9d5d116c43770961e3a96ae2e9a92f436a7361237f265ae1,1f2753718bfb8270bfbab48106bc6ce49b6091a3634594f454f8981589215872,"[{""name_in_first_api"": ""knownForTitles"", ""name_in_second_api"": ""id"", ""description"": ""This parameter represents the IMDb ID of a title that an actor is known for.""}]",
MoviesDatabase,Anime DB,/actors/random,Get All,a703bd315f4ec2ef9d5d116c43770961e3a96ae2e9a92f436a7361237f265ae1,3f8778dc539a81ca252bbbf1a3c5286dc7b6cb7ee13469148ff25c641245c380,"[{""name_in_first_api"": ""knownForTitles"", ""name_in_second_api"": ""title"", ""description"": ""This parameter represents the titles of movies or series that an actor is known for, which can be used to search for related anime titles.""}]",
MoviesDatabase,Anime DB,/actors/random,Get by id,a703bd315f4ec2ef9d5d116c43770961e3a96ae2e9a92f436a7361237f265ae1,7382f9429c286a02d92e646ae387d1f03d1aef4ddc201bea72bdf53e6ce33d43,"[{""name_in_first_api"": ""nconst"", ""name_in_second_api"": ""id"", ""description"": ""This parameter represents the unique identifier for an actor or anime, which can be used to retrieve detailed information about them.""}]",
MoviesDatabase,Advanced Movie Search,/actors/random,Search by Genre,a703bd315f4ec2ef9d5d116c43770961e3a96ae2e9a92f436a7361237f265ae1,29dfaeb4e52690e574b8c62a8387d331524712833a24153c19a852f1fe26738a,"[{""name_in_first_api"": ""knownForTitles"", ""name_in_second_api"": ""genre_ids"", ""description"": ""This parameter represents the titles the actor is known for, which can be used to filter movies by genre.""}]",
MoviesDatabase,Advanced Movie Search,/actors/random,Get Detailed Response,a703bd315f4ec2ef9d5d116c43770961e3a96ae2e9a92f436a7361237f265ae1,b49716314b40bd81f8474858318cd562b8238311420d567333600a4ab9dd1435,"[{""name_in_first_api"": ""knownForTitles"", ""name_in_second_api"": ""movie_id"", ""description"": ""This parameter represents the unique identifier for a movie title, which can be used to fetch detailed information about the movie.""}]",
MoviesDatabase,Advanced Movie Search,/actors/random,Search by Name,a703bd315f4ec2ef9d5d116c43770961e3a96ae2e9a92f436a7361237f265ae1,fcc70959abedb57d9165d4e3f30a3f3e484a685733e4e3a54ce4d14721417f47,"[{""name_in_first_api"": ""knownForTitles"", ""name_in_second_api"": ""query"", ""description"": ""This parameter represents the titles of movies or series that an actor is known for, which can be used to search for movies in the Advanced Movie Search API.""}]",
MoviesDatabase,Spotify,/actors/random,Artist related,a703bd315f4ec2ef9d5d116c43770961e3a96ae2e9a92f436a7361237f265ae1,529dcb31d41271816bcf1c72ca686b3b9359cbca252aeaa95ce46366273d214c,"[{""name_in_first_api"": ""nconst"", ""name_in_second_api"": ""id"", ""description"": ""This parameter represents the unique identifier for an actor or artist.""}]",
MoviesDatabase,Spotify,/actors/random,Artist albums,a703bd315f4ec2ef9d5d116c43770961e3a96ae2e9a92f436a7361237f265ae1,65d53e7bc8e99caefd77db73dcaefdde1c8ef41c66376ca44d61e275ddb48cd3,"[{""name_in_first_api"": ""nconst"", ""name_in_second_api"": ""id"", ""description"": ""This parameter represents the unique identifier for an actor in the MoviesDatabase API, which can be used as the Artist ID in the Spotify API to fetch artist albums.""}]",
MoviesDatabase,Spotify,/actors/random,Genre View,a703bd315f4ec2ef9d5d116c43770961e3a96ae2e9a92f436a7361237f265ae1,8b47cc087eb863e507b18f672277dbc0dc0ea65ea966cdf6fb9d43b7ec2a73de,"[{""name_in_first_api"": ""nconst"", ""name_in_second_api"": ""id"", ""description"": ""This parameter represents the unique identifier for an actor in the MoviesDatabase API, which can be used as a Genre ID in the Spotify API to fetch related music content.""}, {""name_in_first_api"": ""knownForTitles"", ""name_in_second_api"": ""id"", ""description"": ""This parameter represents the list of movie or TV show titles associated with an actor in the MoviesDatabase API, which can be used as a Genre ID in the Spotify API to fetch related music content.""}]",
MoviesDatabase,MoviesDatabase,/titles/utils/titleTypes,/titles/series/{seriesId}/{season},4a8e9e925b0d3cf7f48876e725080dfe4f101b4ba11a1cdded43d7ba40220a8a,f2ad35e1daab347cc8980d11f754a6c85a9283877513bc1f26d9b447aff5e80a,"[{""name_in_first_api"": ""results"", ""name_in_second_api"": ""seriesId"", ""description"": ""This parameter represents the series ID used to fetch specific series data.""}]",
MoviesDatabase,MoviesDatabase,/titles/utils/titleTypes,/titles/{id}/ratings,4a8e9e925b0d3cf7f48876e725080dfe4f101b4ba11a1cdded43d7ba40220a8a,049bc5ac3fbef2db43d9d231fc04765e3dc0e833cce72b53cef53cfec3cf69e8,"[{""name_in_first_api"": ""results"", ""name_in_second_api"": ""id"", ""description"": ""This parameter represents the Imdb Id of a title, which can be obtained from the results of the first API.""}]",
MoviesDatabase,MoviesDatabase,/titles/utils/titleTypes,/titles/{id}/crew,4a8e9e925b0d3cf7f48876e725080dfe4f101b4ba11a1cdded43d7ba40220a8a,8dbaec278254f64e564f8624a7dffda6308812e4a1d584611c72d03aa5ec7150,"[{""name_in_first_api"": ""results"", ""name_in_second_api"": ""id"", ""description"": ""This parameter represents the Imdb Id of a title, which is used to fetch crew information for that specific title.""}]",
MoviesDatabase,MoviesDatabase,/titles/utils/titleTypes,/titles/{id}/aka,4a8e9e925b0d3cf7f48876e725080dfe4f101b4ba11a1cdded43d7ba40220a8a,1f2753718bfb8270bfbab48106bc6ce49b6091a3634594f454f8981589215872,"[{""name_in_first_api"": ""results"", ""name_in_second_api"": ""id"", ""description"": ""This parameter represents the Imdb Id of a title, which can be obtained from the results of the first API.""}]",
MoviesDatabase,MoviesDatabase,/titles/utils/titleTypes,/titles/{id}/main_actors,4a8e9e925b0d3cf7f48876e725080dfe4f101b4ba11a1cdded43d7ba40220a8a,657641d9ba8540393ec50f6c9123f15115bd4dd3a0c15a163d73dddbc1bbe156,"[{""name_in_first_api"": ""results"", ""name_in_second_api"": ""id"", ""description"": ""This parameter represents the type of title (e.g., movie, tvSeries) which can be used to query the specific title's main actors.""}]",
MoviesDatabase,MoviesDatabase,/titles/utils/titleTypes,/titles/x/titles-by-ids,4a8e9e925b0d3cf7f48876e725080dfe4f101b4ba11a1cdded43d7ba40220a8a,d7357c40f5149a7e308ff9f226b2a8c503adf4b4167e5aee3a0a73ed303cd13b,"[{""name_in_first_api"": ""results"", ""name_in_second_api"": ""idsList"", ""description"": ""This parameter represents a list of title types that can be used to filter or identify specific titles in the second API.""}]",
MoviesDatabase,Anime DB,/titles/utils/titleTypes,Get by id,4a8e9e925b0d3cf7f48876e725080dfe4f101b4ba11a1cdded43d7ba40220a8a,7382f9429c286a02d92e646ae387d1f03d1aef4ddc201bea72bdf53e6ce33d43,"[{""name_in_first_api"": ""results"", ""name_in_second_api"": ""id"", ""description"": ""This parameter represents the unique identifier for an anime title, which is used to retrieve detailed information about the anime.""}]",
MoviesDatabase,Advanced Movie Search,/titles/utils/titleTypes,Search by Name,4a8e9e925b0d3cf7f48876e725080dfe4f101b4ba11a1cdded43d7ba40220a8a,fcc70959abedb57d9165d4e3f30a3f3e484a685733e4e3a54ce4d14721417f47,"[{""name_in_first_api"": ""results"", ""name_in_second_api"": ""query"", ""description"": ""This parameter represents the type of title (e.g., movie, tvSeries) that can be used to search for a specific movie in the Advanced Movie Search API.""}]",
MoviesDatabase,Advanced Movie Search,/titles/utils/titleTypes,Get Detailed Response,4a8e9e925b0d3cf7f48876e725080dfe4f101b4ba11a1cdded43d7ba40220a8a,b49716314b40bd81f8474858318cd562b8238311420d567333600a4ab9dd1435,"[{""name_in_first_api"": ""results"", ""name_in_second_api"": ""movie_id"", ""description"": ""This parameter represents the unique identifier for a movie, which can be obtained from the list of movie types provided by the MoviesDatabase API.""}]",
MoviesDatabase,Advanced Movie Search,/titles/utils/titleTypes,Search by Genre,4a8e9e925b0d3cf7f48876e725080dfe4f101b4ba11a1cdded43d7ba40220a8a,29dfaeb4e52690e574b8c62a8387d331524712833a24153c19a852f1fe26738a,"[{""name_in_first_api"": ""results"", ""name_in_second_api"": ""genre_ids"", ""description"": ""This parameter represents the list of genre identifiers for movies, which can be used to filter movies by genre in the second API.""}]",
MoviesDatabase,MoviesDatabase,/actors,/titles/{id}/crew,315779f69850ad2b505a5b5a8db545c263cc319e44120e14c0841fa81d75e2c8,8dbaec278254f64e564f8624a7dffda6308812e4a1d584611c72d03aa5ec7150,"[{""name_in_first_api"": ""knownForTitles"", ""name_in_second_api"": ""id"", ""description"": ""This parameter represents the IMDb ID of a title that an actor is known for.""}]",
MoviesDatabase,MoviesDatabase,/actors,/titles/{id}/ratings,315779f69850ad2b505a5b5a8db545c263cc319e44120e14c0841fa81d75e2c8,049bc5ac3fbef2db43d9d231fc04765e3dc0e833cce72b53cef53cfec3cf69e8,"[{""name_in_first_api"": ""knownForTitles"", ""name_in_second_api"": ""id"", ""description"": ""This parameter represents the IMDb ID of a title that an actor is known for.""}]",
MoviesDatabase,Spotify,/titles/utils/titleTypes,Artist related,4a8e9e925b0d3cf7f48876e725080dfe4f101b4ba11a1cdded43d7ba40220a8a,529dcb31d41271816bcf1c72ca686b3b9359cbca252aeaa95ce46366273d214c,"[{""name_in_first_api"": ""results"", ""name_in_second_api"": ""id"", ""description"": ""This parameter represents the type of title (e.g., movie, tvSeries) which can be used to search for related artists on Spotify.""}]",
MoviesDatabase,Spotify,/titles/utils/titleTypes,Search,4a8e9e925b0d3cf7f48876e725080dfe4f101b4ba11a1cdded43d7ba40220a8a,3363fc82305d6113cf5f55d0a5e78d2235d1a24fb1061eccf194be757cb810e4,"[{""name_in_first_api"": ""results"", ""name_in_second_api"": ""type"", ""description"": ""This parameter represents the type of content to search for in Spotify, which can be one of the types listed in the MoviesDatabase API output.""}]",
MoviesDatabase,MoviesDatabase,/actors,/titles/series/{seriesId}/{season},315779f69850ad2b505a5b5a8db545c263cc319e44120e14c0841fa81d75e2c8,f2ad35e1daab347cc8980d11f754a6c85a9283877513bc1f26d9b447aff5e80a,"[{""name_in_first_api"": ""knownForTitles"", ""name_in_second_api"": ""seriesId"", ""description"": ""This parameter represents the IMDB ID of a series or movie, which can be used to fetch detailed information about a specific season of that series.""}]",
MoviesDatabase,MoviesDatabase,/actors,/titles/{id}/main_actors,315779f69850ad2b505a5b5a8db545c263cc319e44120e14c0841fa81d75e2c8,657641d9ba8540393ec50f6c9123f15115bd4dd3a0c15a163d73dddbc1bbe156,"[{""name_in_first_api"": ""knownForTitles"", ""name_in_second_api"": ""id"", ""description"": ""This parameter represents the IMDb ID of a title that an actor is known for.""}]",
MoviesDatabase,MoviesDatabase,/actors,/titles/{id}/aka,315779f69850ad2b505a5b5a8db545c263cc319e44120e14c0841fa81d75e2c8,1f2753718bfb8270bfbab48106bc6ce49b6091a3634594f454f8981589215872,"[{""name_in_first_api"": ""knownForTitles"", ""name_in_second_api"": ""id"", ""description"": ""This parameter represents the IMDb ID of a title that an actor is known for.""}]",
MoviesDatabase,MoviesDatabase,/actors,/titles/x/titles-by-ids,315779f69850ad2b505a5b5a8db545c263cc319e44120e14c0841fa81d75e2c8,d7357c40f5149a7e308ff9f226b2a8c503adf4b4167e5aee3a0a73ed303cd13b,"[{""name_in_first_api"": ""knownForTitles"", ""name_in_second_api"": ""idsList"", ""description"": ""This parameter represents a list of IMDb IDs of titles that an actor is known for.""}]",
MoviesDatabase,Anime DB,/actors,Get All,315779f69850ad2b505a5b5a8db545c263cc319e44120e14c0841fa81d75e2c8,3f8778dc539a81ca252bbbf1a3c5286dc7b6cb7ee13469148ff25c641245c380,"[{""name_in_first_api"": ""knownForTitles"", ""name_in_second_api"": ""title"", ""description"": ""This parameter represents the titles of movies or series that an actor is known for, which can be used to search for related anime titles.""}]",
MoviesDatabase,Advanced Movie Search,/actors,Search by Genre,315779f69850ad2b505a5b5a8db545c263cc319e44120e14c0841fa81d75e2c8,29dfaeb4e52690e574b8c62a8387d331524712833a24153c19a852f1fe26738a,"[{""name_in_first_api"": ""knownForTitles"", ""name_in_second_api"": ""genre_ids"", ""description"": ""This parameter represents the list of movie titles associated with an actor, which can be used to filter movies by genre.""}]",
MoviesDatabase,Advanced Movie Search,/actors,Search by Name,315779f69850ad2b505a5b5a8db545c263cc319e44120e14c0841fa81d75e2c8,fcc70959abedb57d9165d4e3f30a3f3e484a685733e4e3a54ce4d14721417f47,"[{""name_in_first_api"": ""knownForTitles"", ""name_in_second_api"": ""query"", ""description"": ""This parameter represents the titles of movies or series that an actor is known for, which can be used as a search query in the second API to get detailed information about those titles.""}]",
MoviesDatabase,Advanced Movie Search,/actors,Get Detailed Response,315779f69850ad2b505a5b5a8db545c263cc319e44120e14c0841fa81d75e2c8,b49716314b40bd81f8474858318cd562b8238311420d567333600a4ab9dd1435,"[{""name_in_first_api"": ""knownForTitles"", ""name_in_second_api"": ""movie_id"", ""description"": ""This parameter represents the list of movie titles associated with an actor, which can be used to fetch detailed information about those movies.""}]",
MoviesDatabase,Spotify,/actors,Artist related,315779f69850ad2b505a5b5a8db545c263cc319e44120e14c0841fa81d75e2c8,529dcb31d41271816bcf1c72ca686b3b9359cbca252aeaa95ce46366273d214c,"[{""name_in_first_api"": ""nconst"", ""name_in_second_api"": ""id"", ""description"": ""This parameter represents the unique identifier for an actor or artist.""}]",
MoviesDatabase,Spotify,/actors,Artist albums,315779f69850ad2b505a5b5a8db545c263cc319e44120e14c0841fa81d75e2c8,65d53e7bc8e99caefd77db73dcaefdde1c8ef41c66376ca44d61e275ddb48cd3,"[{""name_in_first_api"": ""nconst"", ""name_in_second_api"": ""id"", ""description"": ""This parameter represents the unique identifier for an artist, which can be used to fetch their albums.""}]",
MoviesDatabase,MoviesDatabase,/titles/x/upcoming,/titles/{id}/crew,bcc951bd80bf898e42a3be8024d4df202acb570049f0bc541beb9de8c35ba664,8dbaec278254f64e564f8624a7dffda6308812e4a1d584611c72d03aa5ec7150,"[{""name_in_first_api"": ""results"", ""name_in_second_api"": ""id"", ""description"": ""This parameter represents the Imdb Id of a title, which is obtained from the results of the upcoming titles API.""}]",
MoviesDatabase,MoviesDatabase,/titles/x/upcoming,/titles/series/{seriesId}/{season},bcc951bd80bf898e42a3be8024d4df202acb570049f0bc541beb9de8c35ba664,f2ad35e1daab347cc8980d11f754a6c85a9283877513bc1f26d9b447aff5e80a,"[{""name_in_first_api"": ""results"", ""name_in_second_api"": ""seriesId"", ""description"": ""This parameter represents the series ID from the upcoming titles list, which can be used to fetch specific season details.""}]",
MoviesDatabase,MoviesDatabase,/titles/x/upcoming,/titles/{id}/ratings,bcc951bd80bf898e42a3be8024d4df202acb570049f0bc541beb9de8c35ba664,049bc5ac3fbef2db43d9d231fc04765e3dc0e833cce72b53cef53cfec3cf69e8,"[{""name_in_first_api"": ""results[].id"", ""name_in_second_api"": ""id"", ""description"": ""This parameter represents the IMDb ID of a title, which is used to fetch the ratings for that specific title.""}]",
MoviesDatabase,MoviesDatabase,/titles/x/upcoming,/titles/{id}/main_actors,bcc951bd80bf898e42a3be8024d4df202acb570049f0bc541beb9de8c35ba664,657641d9ba8540393ec50f6c9123f15115bd4dd3a0c15a163d73dddbc1bbe156,"[{""name_in_first_api"": ""results"", ""name_in_second_api"": ""id"", ""description"": ""This parameter represents the list of upcoming titles, where each title has an associated Imdb Id that can be used as input for the second API to retrieve main actors.""}]",
MoviesDatabase,MoviesDatabase,/titles/x/upcoming,/titles/{id}/aka,bcc951bd80bf898e42a3be8024d4df202acb570049f0bc541beb9de8c35ba664,1f2753718bfb8270bfbab48106bc6ce49b6091a3634594f454f8981589215872,"[{""name_in_first_api"": ""results"", ""name_in_second_api"": ""id"", ""description"": ""This parameter represents the Imdb Id of a title, which can be obtained from the results of the upcoming titles API.""}]",
MoviesDatabase,MoviesDatabase,/titles/x/upcoming,/titles/x/titles-by-ids,bcc951bd80bf898e42a3be8024d4df202acb570049f0bc541beb9de8c35ba664,d7357c40f5149a7e308ff9f226b2a8c503adf4b4167e5aee3a0a73ed303cd13b,"[{""name_in_first_api"": ""results"", ""name_in_second_api"": ""idsList"", ""description"": ""This parameter represents a list of IMDb IDs for movies or series, which can be extracted from the results of the first API.""}]",
MoviesDatabase,Anime DB,/titles/x/upcoming,Get by id,bcc951bd80bf898e42a3be8024d4df202acb570049f0bc541beb9de8c35ba664,7382f9429c286a02d92e646ae387d1f03d1aef4ddc201bea72bdf53e6ce33d43,"[{""name_in_first_api"": ""results[0]._id"", ""name_in_second_api"": ""id"", ""description"": ""This parameter represents the unique identifier of an anime title, which can be used to fetch detailed information about the anime.""}]",
MoviesDatabase,Advanced Movie Search,/titles/x/upcoming,Search by Name,bcc951bd80bf898e42a3be8024d4df202acb570049f0bc541beb9de8c35ba664,fcc70959abedb57d9165d4e3f30a3f3e484a685733e4e3a54ce4d14721417f47,"[{""name_in_first_api"": ""results"", ""name_in_second_api"": ""query"", ""description"": ""This parameter represents the list of upcoming titles that can be used as a search query in the second API.""}]",
MoviesDatabase,Advanced Movie Search,/titles/x/upcoming,Search by Genre,bcc951bd80bf898e42a3be8024d4df202acb570049f0bc541beb9de8c35ba664,29dfaeb4e52690e574b8c62a8387d331524712833a24153c19a852f1fe26738a,"[{""name_in_first_api"": ""results"", ""name_in_second_api"": ""genre_ids"", ""description"": ""This parameter represents the list of movies or titles that can be filtered by genre IDs.""}]",
MoviesDatabase,Advanced Movie Search,/titles/x/upcoming,Get Detailed Response,bcc951bd80bf898e42a3be8024d4df202acb570049f0bc541beb9de8c35ba664,b49716314b40bd81f8474858318cd562b8238311420d567333600a4ab9dd1435,"[{""name_in_first_api"": ""results[].id"", ""name_in_second_api"": ""movie_id"", ""description"": ""This parameter represents the unique identifier of a movie, which is used to fetch detailed information about the movie.""}]",
MoviesDatabase,Spotify,/titles/x/upcoming,Artist albums,bcc951bd80bf898e42a3be8024d4df202acb570049f0bc541beb9de8c35ba664,65d53e7bc8e99caefd77db73dcaefdde1c8ef41c66376ca44d61e275ddb48cd3,"[{""name_in_first_api"": ""results"", ""name_in_second_api"": ""id"", ""description"": ""This parameter represents the list of upcoming titles from MoviesDatabase, which can be used to fetch artist albums from Spotify by their IDs.""}]",
MoviesDatabase,MoviesDatabase,/titles/{id}/ratings,/titles/{id}/crew,049bc5ac3fbef2db43d9d231fc04765e3dc0e833cce72b53cef53cfec3cf69e8,8dbaec278254f64e564f8624a7dffda6308812e4a1d584611c72d03aa5ec7150,"[{""name_in_first_api"": ""id"", ""name_in_second_api"": ""id"", ""description"": ""This parameter represents the Imdb Id of the title, which is used to fetch ratings and crew information.""}]",
MoviesDatabase,MoviesDatabase,/titles/{id}/ratings,/titles/{id}/main_actors,049bc5ac3fbef2db43d9d231fc04765e3dc0e833cce72b53cef53cfec3cf69e8,657641d9ba8540393ec50f6c9123f15115bd4dd3a0c15a163d73dddbc1bbe156,"[{""name_in_first_api"": ""id"", ""name_in_second_api"": ""id"", ""description"": ""This parameter represents the Imdb Id of the title, which is used to fetch ratings and main actors information.""}]",
MoviesDatabase,MoviesDatabase,/titles/{id}/ratings,/titles/series/{seriesId}/{season},049bc5ac3fbef2db43d9d231fc04765e3dc0e833cce72b53cef53cfec3cf69e8,f2ad35e1daab347cc8980d11f754a6c85a9283877513bc1f26d9b447aff5e80a,"[{""name_in_first_api"": ""id"", ""name_in_second_api"": ""seriesId"", ""description"": ""This parameter represents the Imdb Id of a title, which can be used as the Series Imdb Id in the second API to retrieve specific seasons of a series.""}]",
MoviesDatabase,MoviesDatabase,/titles/{id}/ratings,/titles/{id}/aka,049bc5ac3fbef2db43d9d231fc04765e3dc0e833cce72b53cef53cfec3cf69e8,1f2753718bfb8270bfbab48106bc6ce49b6091a3634594f454f8981589215872,"[{""name_in_first_api"": ""id"", ""name_in_second_api"": ""id"", ""description"": ""This parameter represents the Imdb Id of the title, which is used to fetch specific information about the title.""}]",
MoviesDatabase,MoviesDatabase,/titles/{id}/ratings,/titles/x/titles-by-ids,049bc5ac3fbef2db43d9d231fc04765e3dc0e833cce72b53cef53cfec3cf69e8,d7357c40f5149a7e308ff9f226b2a8c503adf4b4167e5aee3a0a73ed303cd13b,"[{""name_in_first_api"": ""id"", ""name_in_second_api"": ""idsList"", ""description"": ""This parameter represents the Imdb Id of a title, which can be used to retrieve ratings or as part of a list of Ids to fetch multiple titles.""}]",
MoviesDatabase,Anime DB,/titles/{id}/ratings,Get All,049bc5ac3fbef2db43d9d231fc04765e3dc0e833cce72b53cef53cfec3cf69e8,3f8778dc539a81ca252bbbf1a3c5286dc7b6cb7ee13469148ff25c641245c380,"[{""name_in_first_api"": ""id"", ""name_in_second_api"": ""id"", ""description"": ""This parameter represents the Imdb Id of a title, which can be used to fetch ratings for a specific movie or series.""}]",
MoviesDatabase,Anime DB,/titles/{id}/ratings,Get by id,049bc5ac3fbef2db43d9d231fc04765e3dc0e833cce72b53cef53cfec3cf69e8,7382f9429c286a02d92e646ae387d1f03d1aef4ddc201bea72bdf53e6ce33d43,"[{""name_in_first_api"": ""id"", ""name_in_second_api"": ""id"", ""description"": ""This parameter represents the unique identifier of the title or anime, used to retrieve detailed information.""}]",
MoviesDatabase,Advanced Movie Search,/titles/{id}/ratings,Search by Genre,049bc5ac3fbef2db43d9d231fc04765e3dc0e833cce72b53cef53cfec3cf69e8,29dfaeb4e52690e574b8c62a8387d331524712833a24153c19a852f1fe26738a,"[{""name_in_first_api"": ""id"", ""name_in_second_api"": ""id"", ""description"": ""This parameter represents the Imdb Id of a title, which can be used to retrieve detailed information about the title.""}]",
MoviesDatabase,Advanced Movie Search,/titles/{id}/ratings,Get Detailed Response,049bc5ac3fbef2db43d9d231fc04765e3dc0e833cce72b53cef53cfec3cf69e8,b49716314b40bd81f8474858318cd562b8238311420d567333600a4ab9dd1435,"[{""name_in_first_api"": ""id"", ""name_in_second_api"": ""movie_id"", ""description"": ""This parameter represents the unique identifier of a movie in the database.""}]",
MoviesDatabase,Advanced Movie Search,/titles/{id}/ratings,Search by Name,049bc5ac3fbef2db43d9d231fc04765e3dc0e833cce72b53cef53cfec3cf69e8,fcc70959abedb57d9165d4e3f30a3f3e484a685733e4e3a54ce4d14721417f47,"[{""name_in_first_api"": ""id"", ""name_in_second_api"": ""query"", ""description"": ""This parameter represents the Imdb Id of a title, which can be used as a search query in the second API to find related movies.""}]",
MoviesDatabase,Spotify,/titles/{id}/ratings,Track lyrics,049bc5ac3fbef2db43d9d231fc04765e3dc0e833cce72b53cef53cfec3cf69e8,16bbee001e2992e26a330230551bc4690d4813a2749c758cee7eb4d87af4641a,"[{""name_in_first_api"": ""id"", ""name_in_second_api"": ""id"", ""description"": ""This parameter represents the unique identifier for a title or track, used to retrieve specific information.""}]",
MoviesDatabase,Spotify,/titles/{id}/ratings,Album metadata,049bc5ac3fbef2db43d9d231fc04765e3dc0e833cce72b53cef53cfec3cf69e8,09753b59a07a250ac9bbfec5e2bf2a835848497d9a2b4d85b884da2ad1a2c079,"[{""name_in_first_api"": ""id"", ""name_in_second_api"": ""id"", ""description"": ""This parameter represents the unique identifier for a title in the MoviesDatabase API and an album in the Spotify API.""}]",
MoviesDatabase,Spotify,/titles/{id}/ratings,Artist albums,049bc5ac3fbef2db43d9d231fc04765e3dc0e833cce72b53cef53cfec3cf69e8,65d53e7bc8e99caefd77db73dcaefdde1c8ef41c66376ca44d61e275ddb48cd3,"[{""name_in_first_api"": ""id"", ""name_in_second_api"": ""id"", ""description"": ""This parameter represents the unique identifier of a title or artist, used to fetch detailed information or albums.""}]",
MoviesDatabase,Spotify,/titles/{id}/ratings,Artist related,049bc5ac3fbef2db43d9d231fc04765e3dc0e833cce72b53cef53cfec3cf69e8,529dcb31d41271816bcf1c72ca686b3b9359cbca252aeaa95ce46366273d214c,"[{""name_in_first_api"": ""id"", ""name_in_second_api"": ""id"", ""description"": ""This parameter represents the unique identifier for a title or artist, used to retrieve specific data.""}]",
MoviesDatabase,Spotify,/titles/{id}/ratings,Genre View,049bc5ac3fbef2db43d9d231fc04765e3dc0e833cce72b53cef53cfec3cf69e8,8b47cc087eb863e507b18f672277dbc0dc0ea65ea966cdf6fb9d43b7ec2a73de,"[{""name_in_first_api"": ""id"", ""name_in_second_api"": ""id"", ""description"": ""This parameter represents the unique identifier for a title in the MoviesDatabase API and a genre in the Spotify API.""}]",
MoviesDatabase,MoviesDatabase,/titles/{id}/crew,/titles/{id}/main_actors,8dbaec278254f64e564f8624a7dffda6308812e4a1d584611c72d03aa5ec7150,657641d9ba8540393ec50f6c9123f15115bd4dd3a0c15a163d73dddbc1bbe156,"[{""name_in_first_api"": ""id"", ""name_in_second_api"": ""id"", ""description"": ""This parameter represents the Imdb Id of the title, which is used to fetch crew or main actors information.""}]",
MoviesDatabase,MoviesDatabase,/titles/{id}/crew,/titles/series/{seriesId}/{season},8dbaec278254f64e564f8624a7dffda6308812e4a1d584611c72d03aa5ec7150,f2ad35e1daab347cc8980d11f754a6c85a9283877513bc1f26d9b447aff5e80a,"[{""name_in_first_api"": ""id"", ""name_in_second_api"": ""seriesId"", ""description"": ""This parameter represents the Imdb Id of a title, which can be used as the Series Imdb Id in the second API to fetch details about a specific season of that series.""}]",
MoviesDatabase,Anime DB,/titles/{id}/crew,Get All,8dbaec278254f64e564f8624a7dffda6308812e4a1d584611c72d03aa5ec7150,3f8778dc539a81ca252bbbf1a3c5286dc7b6cb7ee13469148ff25c641245c380,"[{""name_in_first_api"": ""id"", ""name_in_second_api"": ""_id"", ""description"": ""This parameter represents the unique identifier of a title or anime.""}]",
MoviesDatabase,Anime DB,/titles/{id}/crew,Get by id,8dbaec278254f64e564f8624a7dffda6308812e4a1d584611c72d03aa5ec7150,7382f9429c286a02d92e646ae387d1f03d1aef4ddc201bea72bdf53e6ce33d43,"[{""name_in_first_api"": ""id"", ""name_in_second_api"": ""id"", ""description"": ""This parameter represents the unique identifier of the title or anime, used to retrieve detailed information about it.""}]",
MoviesDatabase,MoviesDatabase,/titles/{id}/crew,/titles/{id}/aka,8dbaec278254f64e564f8624a7dffda6308812e4a1d584611c72d03aa5ec7150,1f2753718bfb8270bfbab48106bc6ce49b6091a3634594f454f8981589215872,"[{""name_in_first_api"": ""id"", ""name_in_second_api"": ""id"", ""description"": ""This parameter represents the Imdb Id of the title, which is used to retrieve specific information about a movie, series, or episode.""}]",
MoviesDatabase,MoviesDatabase,/titles/{id}/crew,/titles/x/titles-by-ids,8dbaec278254f64e564f8624a7dffda6308812e4a1d584611c72d03aa5ec7150,d7357c40f5149a7e308ff9f226b2a8c503adf4b4167e5aee3a0a73ed303cd13b,"[{""name_in_first_api"": ""id"", ""name_in_second_api"": ""idsList"", ""description"": ""This parameter represents the Imdb Id of a title, which can be used to retrieve detailed crew information and can also be used to fetch multiple titles by their IMDb IDs.""}]",
MoviesDatabase,Advanced Movie Search,/titles/{id}/crew,Search by Genre,8dbaec278254f64e564f8624a7dffda6308812e4a1d584611c72d03aa5ec7150,29dfaeb4e52690e574b8c62a8387d331524712833a24153c19a852f1fe26738a,"[{""name_in_first_api"": ""id"", ""name_in_second_api"": ""id"", ""description"": ""This parameter represents the Imdb Id of a title, which can be used to search for detailed crew information in the MoviesDatabase API and to identify specific movies in the Advanced Movie Search API.""}]",
MoviesDatabase,Advanced Movie Search,/titles/{id}/crew,Search by Name,8dbaec278254f64e564f8624a7dffda6308812e4a1d584611c72d03aa5ec7150,fcc70959abedb57d9165d4e3f30a3f3e484a685733e4e3a54ce4d14721417f47,"[{""name_in_first_api"": ""id"", ""name_in_second_api"": ""query"", ""description"": ""This parameter represents the Imdb Id of a title, which can be used as a search query in the second API to find related movies.""}]",
MoviesDatabase,Advanced Movie Search,/titles/{id}/crew,Get Detailed Response,8dbaec278254f64e564f8624a7dffda6308812e4a1d584611c72d03aa5ec7150,b49716314b40bd81f8474858318cd562b8238311420d567333600a4ab9dd1435,"[{""name_in_first_api"": ""id"", ""name_in_second_api"": ""movie_id"", ""description"": ""This parameter represents the unique identifier of a movie, which is used to retrieve detailed information about the movie.""}]",
MoviesDatabase,Spotify,/titles/{id}/crew,Album metadata,8dbaec278254f64e564f8624a7dffda6308812e4a1d584611c72d03aa5ec7150,09753b59a07a250ac9bbfec5e2bf2a835848497d9a2b4d85b884da2ad1a2c079,"[{""name_in_first_api"": ""id"", ""name_in_second_api"": ""id"", ""description"": ""This parameter represents the unique identifier for a title in the MoviesDatabase API and an album in the Spotify API.""}]",
MoviesDatabase,Spotify,/titles/{id}/crew,Artist related,8dbaec278254f64e564f8624a7dffda6308812e4a1d584611c72d03aa5ec7150,529dcb31d41271816bcf1c72ca686b3b9359cbca252aeaa95ce46366273d214c,"[{""name_in_first_api"": ""id"", ""name_in_second_api"": ""id"", ""description"": ""This parameter represents the unique identifier for a title or artist, used to retrieve detailed information.""}]",
MoviesDatabase,Spotify,/titles/{id}/crew,Artist albums,8dbaec278254f64e564f8624a7dffda6308812e4a1d584611c72d03aa5ec7150,65d53e7bc8e99caefd77db73dcaefdde1c8ef41c66376ca44d61e275ddb48cd3,"[{""name_in_first_api"": ""id"", ""name_in_second_api"": ""id"", ""description"": ""This parameter represents the unique identifier for a title in the MoviesDatabase API and an artist in the Spotify API.""}]",
MoviesDatabase,MoviesDatabase,/titles/series/{seriesId}/{season},/titles/{id}/main_actors,f2ad35e1daab347cc8980d11f754a6c85a9283877513bc1f26d9b447aff5e80a,657641d9ba8540393ec50f6c9123f15115bd4dd3a0c15a163d73dddbc1bbe156,"[{""name_in_first_api"": ""seriesId"", ""name_in_second_api"": ""id"", ""description"": ""This parameter represents the Series Imdb Id which is used to fetch main actors for a specific title.""}]",
MoviesDatabase,MoviesDatabase,/titles/series/{seriesId}/{season},/titles/{id}/aka,f2ad35e1daab347cc8980d11f754a6c85a9283877513bc1f26d9b447aff5e80a,1f2753718bfb8270bfbab48106bc6ce49b6091a3634594f454f8981589215872,"[{""name_in_first_api"": ""seriesId"", ""name_in_second_api"": ""id"", ""description"": ""This parameter represents the Series Imdb Id, which is used to identify a specific series in both APIs.""}]",
MoviesDatabase,Spotify,/titles/{id}/crew,Search,8dbaec278254f64e564f8624a7dffda6308812e4a1d584611c72d03aa5ec7150,3363fc82305d6113cf5f55d0a5e78d2235d1a24fb1061eccf194be757cb810e4,"[{""name_in_first_api"": ""id"", ""name_in_second_api"": ""q"", ""description"": ""This parameter represents the Imdb Id of a title, which can be used as a search query in the Spotify API to find related content.""}]",
MoviesDatabase,MoviesDatabase,/titles/series/{seriesId}/{season},/titles/x/titles-by-ids,f2ad35e1daab347cc8980d11f754a6c85a9283877513bc1f26d9b447aff5e80a,d7357c40f5149a7e308ff9f226b2a8c503adf4b4167e5aee3a0a73ed303cd13b,"[{""name_in_first_api"": ""seriesId"", ""name_in_second_api"": ""idsList"", ""description"": ""This parameter represents the series ID from the first API, which can be used as part of a comma-separated list of IDs in the second API.""}]",
MoviesDatabase,Anime DB,/titles/series/{seriesId}/{season},Get by id,f2ad35e1daab347cc8980d11f754a6c85a9283877513bc1f26d9b447aff5e80a,7382f9429c286a02d92e646ae387d1f03d1aef4ddc201bea72bdf53e6ce33d43,"[{""name_in_first_api"": ""seriesId"", ""name_in_second_api"": ""id"", ""description"": ""This parameter represents the unique identifier for a series or anime, which is used to retrieve detailed information about it.""}]",
MoviesDatabase,Anime DB,/titles/series/{seriesId}/{season},Get All,f2ad35e1daab347cc8980d11f754a6c85a9283877513bc1f26d9b447aff5e80a,3f8778dc539a81ca252bbbf1a3c5286dc7b6cb7ee13469148ff25c641245c380,"[{""name_in_first_api"": ""seriesId"", ""name_in_second_api"": ""page"", ""description"": ""This parameter represents the unique identifier for a series in the MoviesDatabase API and the page number in the Anime DB API.""}, {""name_in_first_api"": ""season"", ""name_in_second_api"": ""size"", ""description"": ""This parameter represents the season number in the MoviesDatabase API and the number of items per page in the Anime DB API.""}]",
MoviesDatabase,Advanced Movie Search,/titles/series/{seriesId}/{season},Get Detailed Response,f2ad35e1daab347cc8980d11f754a6c85a9283877513bc1f26d9b447aff5e80a,b49716314b40bd81f8474858318cd562b8238311420d567333600a4ab9dd1435,"[{""name_in_first_api"": ""seriesId"", ""name_in_second_api"": ""movie_id"", ""description"": ""This parameter represents the unique identifier for a series or movie, used to fetch detailed information.""}]",
MoviesDatabase,Advanced Movie Search,/titles/series/{seriesId}/{season},Search by Genre,f2ad35e1daab347cc8980d11f754a6c85a9283877513bc1f26d9b447aff5e80a,29dfaeb4e52690e574b8c62a8387d331524712833a24153c19a852f1fe26738a,"[{""name_in_first_api"": ""seriesId"", ""name_in_second_api"": ""id"", ""description"": ""This parameter represents the unique identifier for a series or movie, used to retrieve detailed information.""}]",
MoviesDatabase,Advanced Movie Search,/titles/series/{seriesId}/{season},Search by Name,f2ad35e1daab347cc8980d11f754a6c85a9283877513bc1f26d9b447aff5e80a,fcc70959abedb57d9165d4e3f30a3f3e484a685733e4e3a54ce4d14721417f47,"[{""name_in_first_api"": ""seriesId"", ""name_in_second_api"": ""query"", ""description"": ""This parameter represents the series ID from the MoviesDatabase API that can be used as a query in the Advanced Movie Search API to search for the same series.""}]",
MoviesDatabase,Spotify,/titles/series/{seriesId}/{season},Artist albums,f2ad35e1daab347cc8980d11f754a6c85a9283877513bc1f26d9b447aff5e80a,65d53e7bc8e99caefd77db73dcaefdde1c8ef41c66376ca44d61e275ddb48cd3,"[{""name_in_first_api"": ""seriesId"", ""name_in_second_api"": ""id"", ""description"": ""This parameter represents the unique identifier for a series or artist, used to retrieve specific data.""}]",
MoviesDatabase,MoviesDatabase,/titles/{id}/main_actors,/titles/{id}/aka,657641d9ba8540393ec50f6c9123f15115bd4dd3a0c15a163d73dddbc1bbe156,1f2753718bfb8270bfbab48106bc6ce49b6091a3634594f454f8981589215872,"[{""name_in_first_api"": ""id"", ""name_in_second_api"": ""id"", ""description"": ""This parameter represents the Imdb Id of the title, which is used to fetch main actors and alternate titles.""}]",
MoviesDatabase,MoviesDatabase,/titles/{id}/main_actors,/titles/x/titles-by-ids,657641d9ba8540393ec50f6c9123f15115bd4dd3a0c15a163d73dddbc1bbe156,d7357c40f5149a7e308ff9f226b2a8c503adf4b4167e5aee3a0a73ed303cd13b,"[{""name_in_first_api"": ""id"", ""name_in_second_api"": ""idsList"", ""description"": ""This parameter represents the Imdb Id of a title, which can be used to retrieve detailed information about the title or its main actors.""}]",
MoviesDatabase,Anime DB,/titles/{id}/main_actors,Get All,657641d9ba8540393ec50f6c9123f15115bd4dd3a0c15a163d73dddbc1bbe156,3f8778dc539a81ca252bbbf1a3c5286dc7b6cb7ee13469148ff25c641245c380,"[{""name_in_first_api"": ""id"", ""name_in_second_api"": ""page"", ""description"": ""This parameter represents the Imdb Id of a title, which can be used to fetch main actors for a specific movie or series.""}]",
MoviesDatabase,Anime DB,/titles/{id}/main_actors,Get by id,657641d9ba8540393ec50f6c9123f15115bd4dd3a0c15a163d73dddbc1bbe156,7382f9429c286a02d92e646ae387d1f03d1aef4ddc201bea72bdf53e6ce33d43,"[{""name_in_first_api"": ""id"", ""name_in_second_api"": ""id"", ""description"": ""This parameter represents the unique identifier of the title or anime, used to retrieve detailed information.""}]",
MoviesDatabase,Advanced Movie Search,/titles/{id}/main_actors,Search by Genre,657641d9ba8540393ec50f6c9123f15115bd4dd3a0c15a163d73dddbc1bbe156,29dfaeb4e52690e574b8c62a8387d331524712833a24153c19a852f1fe26738a,"[{""name_in_first_api"": ""id"", ""name_in_second_api"": ""id"", ""description"": ""This parameter represents the Imdb Id of a title, which can be used to search for movies in the Advanced Movie Search API.""}]",
MoviesDatabase,Advanced Movie Search,/titles/{id}/main_actors,Search by Name,657641d9ba8540393ec50f6c9123f15115bd4dd3a0c15a163d73dddbc1bbe156,fcc70959abedb57d9165d4e3f30a3f3e484a685733e4e3a54ce4d14721417f47,"[{""name_in_first_api"": ""id"", ""name_in_second_api"": ""query"", ""description"": ""This parameter represents the Imdb Id of a title, which can be used to search for a movie by its name.""}]",
MoviesDatabase,Advanced Movie Search,/titles/{id}/main_actors,Get Detailed Response,657641d9ba8540393ec50f6c9123f15115bd4dd3a0c15a163d73dddbc1bbe156,b49716314b40bd81f8474858318cd562b8238311420d567333600a4ab9dd1435,"[{""name_in_first_api"": ""id"", ""name_in_second_api"": ""movie_id"", ""description"": ""This parameter represents the unique identifier of a movie title, which can be used to retrieve detailed information about the movie.""}]",
MoviesDatabase,Spotify,/titles/{id}/main_actors,Artist related,657641d9ba8540393ec50f6c9123f15115bd4dd3a0c15a163d73dddbc1bbe156,529dcb31d41271816bcf1c72ca686b3b9359cbca252aeaa95ce46366273d214c,"[{""name_in_first_api"": ""id"", ""name_in_second_api"": ""id"", ""description"": ""This parameter represents the unique identifier for a title or artist, used to retrieve detailed information.""}]",
MoviesDatabase,Spotify,/titles/{id}/main_actors,Album metadata,657641d9ba8540393ec50f6c9123f15115bd4dd3a0c15a163d73dddbc1bbe156,09753b59a07a250ac9bbfec5e2bf2a835848497d9a2b4d85b884da2ad1a2c079,"[{""name_in_first_api"": ""id"", ""name_in_second_api"": ""id"", ""description"": ""This parameter represents the unique identifier for a title in the MoviesDatabase API and an album in the Spotify API.""}]",
MoviesDatabase,Spotify,/titles/{id}/main_actors,Artist albums,657641d9ba8540393ec50f6c9123f15115bd4dd3a0c15a163d73dddbc1bbe156,65d53e7bc8e99caefd77db73dcaefdde1c8ef41c66376ca44d61e275ddb48cd3,"[{""name_in_first_api"": ""id"", ""name_in_second_api"": ""id"", ""description"": ""This parameter represents the unique identifier for a title in the MoviesDatabase API and an artist in the Spotify API.""}]",
MoviesDatabase,MoviesDatabase,/titles/x/titles-by-ids,/titles/{id}/aka,d7357c40f5149a7e308ff9f226b2a8c503adf4b4167e5aee3a0a73ed303cd13b,1f2753718bfb8270bfbab48106bc6ce49b6091a3634594f454f8981589215872,"[{""name_in_first_api"": ""idsList"", ""name_in_second_api"": ""id"", ""description"": ""This parameter represents the Imdb id of a title, which is used to retrieve additional information about the title.""}]",
MoviesDatabase,Anime DB,/titles/x/titles-by-ids,Get by id,d7357c40f5149a7e308ff9f226b2a8c503adf4b4167e5aee3a0a73ed303cd13b,7382f9429c286a02d92e646ae387d1f03d1aef4ddc201bea72bdf53e6ce33d43,"[{""name_in_first_api"": ""idsList"", ""name_in_second_api"": ""id"", ""description"": ""This parameter represents the unique identifier for a title or anime, which can be used to retrieve detailed information about it.""}]",
MoviesDatabase,Advanced Movie Search,/titles/x/titles-by-ids,Get Detailed Response,d7357c40f5149a7e308ff9f226b2a8c503adf4b4167e5aee3a0a73ed303cd13b,b49716314b40bd81f8474858318cd562b8238311420d567333600a4ab9dd1435,"[{""name_in_first_api"": ""idsList"", ""name_in_second_api"": ""movie_id"", ""description"": ""This parameter represents the IMDB ID of a movie, which is used to fetch detailed information about the movie.""}]",
MoviesDatabase,Advanced Movie Search,/titles/x/titles-by-ids,Search by Genre,d7357c40f5149a7e308ff9f226b2a8c503adf4b4167e5aee3a0a73ed303cd13b,29dfaeb4e52690e574b8c62a8387d331524712833a24153c19a852f1fe26738a,"[{""name_in_first_api"": ""idsList"", ""name_in_second_api"": ""id"", ""description"": ""This parameter represents the list of IMDb IDs for movies, which can be used to search for specific movies in the Advanced Movie Search API.""}]",
MoviesDatabase,Advanced Movie Search,/titles/x/titles-by-ids,Search by Name,d7357c40f5149a7e308ff9f226b2a8c503adf4b4167e5aee3a0a73ed303cd13b,fcc70959abedb57d9165d4e3f30a3f3e484a685733e4e3a54ce4d14721417f47,"[{""name_in_first_api"": ""idsList"", ""name_in_second_api"": ""query"", ""description"": ""This parameter represents the list of IMDb IDs separated by commas, which can be used as a query string to search for movies by name.""}]",
MoviesDatabase,Spotify,/titles/x/titles-by-ids,Album metadata,d7357c40f5149a7e308ff9f226b2a8c503adf4b4167e5aee3a0a73ed303cd13b,09753b59a07a250ac9bbfec5e2bf2a835848497d9a2b4d85b884da2ad1a2c079,"[{""name_in_first_api"": ""idsList"", ""name_in_second_api"": ""id"", ""description"": ""This parameter represents the list of IMDb IDs for movies, which can be used as the Album ID in the Spotify API to fetch metadata for those albums.""}]",
MoviesDatabase,Spotify,/titles/x/titles-by-ids,Artist related,d7357c40f5149a7e308ff9f226b2a8c503adf4b4167e5aee3a0a73ed303cd13b,529dcb31d41271816bcf1c72ca686b3b9359cbca252aeaa95ce46366273d214c,"[{""name_in_first_api"": ""idsList"", ""name_in_second_api"": ""id"", ""description"": ""This parameter represents the list of IMDB IDs for movies, which can be used to fetch related artists from Spotify.""}]",
MoviesDatabase,Spotify,/titles/x/titles-by-ids,Artist albums,d7357c40f5149a7e308ff9f226b2a8c503adf4b4167e5aee3a0a73ed303cd13b,65d53e7bc8e99caefd77db73dcaefdde1c8ef41c66376ca44d61e275ddb48cd3,"[{""name_in_first_api"": ""idsList"", ""name_in_second_api"": ""id"", ""description"": ""This parameter represents the list of IMDb IDs for movies, which can be used to fetch artist albums from Spotify.""}]",
MoviesDatabase,Anime DB,/titles/{id}/aka,Get by id,1f2753718bfb8270bfbab48106bc6ce49b6091a3634594f454f8981589215872,7382f9429c286a02d92e646ae387d1f03d1aef4ddc201bea72bdf53e6ce33d43,"[{""name_in_first_api"": ""id"", ""name_in_second_api"": ""id"", ""description"": ""This parameter represents the unique identifier of the title or anime, which is used to retrieve detailed information.""}]",
MoviesDatabase,Anime DB,/titles/{id}/aka,Get All,1f2753718bfb8270bfbab48106bc6ce49b6091a3634594f454f8981589215872,3f8778dc539a81ca252bbbf1a3c5286dc7b6cb7ee13469148ff25c641245c380,"[{""name_in_first_api"": ""id"", ""name_in_second_api"": ""page"", ""description"": ""This parameter represents the Imdb Id of a title in the MoviesDatabase API, which can be used to fetch specific details about a movie or series.""}]",
MoviesDatabase,Spotify,/titles/{id}/aka,Track lyrics,1f2753718bfb8270bfbab48106bc6ce49b6091a3634594f454f8981589215872,16bbee001e2992e26a330230551bc4690d4813a2749c758cee7eb4d87af4641a,"[{""name_in_first_api"": ""id"", ""name_in_second_api"": ""id"", ""description"": ""This parameter represents the unique identifier for a title or track, used to retrieve specific information.""}]",
MoviesDatabase,Advanced Movie Search,/titles/{id}/aka,Get Detailed Response,1f2753718bfb8270bfbab48106bc6ce49b6091a3634594f454f8981589215872,b49716314b40bd81f8474858318cd562b8238311420d567333600a4ab9dd1435,"[{""name_in_first_api"": ""id"", ""name_in_second_api"": ""movie_id"", ""description"": ""This parameter represents the unique identifier of a movie title, which can be used to retrieve detailed information about the movie.""}]",
MoviesDatabase,Spotify,/titles/{id}/aka,Album metadata,1f2753718bfb8270bfbab48106bc6ce49b6091a3634594f454f8981589215872,09753b59a07a250ac9bbfec5e2bf2a835848497d9a2b4d85b884da2ad1a2c079,"[{""name_in_first_api"": ""id"", ""name_in_second_api"": ""id"", ""description"": ""This parameter represents the unique identifier for a title in the MoviesDatabase API and an album in the Spotify API.""}]",
MoviesDatabase,Advanced Movie Search,/titles/{id}/aka,Search by Genre,1f2753718bfb8270bfbab48106bc6ce49b6091a3634594f454f8981589215872,29dfaeb4e52690e574b8c62a8387d331524712833a24153c19a852f1fe26738a,"[{""name_in_first_api"": ""id"", ""name_in_second_api"": ""id"", ""description"": ""This parameter represents the Imdb Id of a title, which can be used to search for detailed information about a specific movie or series.""}]",
MoviesDatabase,Advanced Movie Search,/titles/{id}/aka,Search by Name,1f2753718bfb8270bfbab48106bc6ce49b6091a3634594f454f8981589215872,fcc70959abedb57d9165d4e3f30a3f3e484a685733e4e3a54ce4d14721417f47,"[{""name_in_first_api"": ""id"", ""name_in_second_api"": ""query"", ""description"": ""This parameter represents the Imdb Id of a title, which can be used as a search query in the second API to find related movies.""}]",
MoviesDatabase,Spotify,/titles/{id}/aka,Artist related,1f2753718bfb8270bfbab48106bc6ce49b6091a3634594f454f8981589215872,529dcb31d41271816bcf1c72ca686b3b9359cbca252aeaa95ce46366273d214c,"[{""name_in_first_api"": ""id"", ""name_in_second_api"": ""id"", ""description"": ""This parameter represents the unique identifier for a title or artist, used to retrieve detailed information.""}]",
MoviesDatabase,Spotify,/titles/{id}/aka,Artist albums,1f2753718bfb8270bfbab48106bc6ce49b6091a3634594f454f8981589215872,65d53e7bc8e99caefd77db73dcaefdde1c8ef41c66376ca44d61e275ddb48cd3,"[{""name_in_first_api"": ""id"", ""name_in_second_api"": ""id"", ""description"": ""This parameter represents the unique identifier of a title in the MoviesDatabase API and the unique identifier of an artist in the Spotify API.""}]",
MoviesDatabase,Spotify,/titles/{id}/aka,Genre View,1f2753718bfb8270bfbab48106bc6ce49b6091a3634594f454f8981589215872,8b47cc087eb863e507b18f672277dbc0dc0ea65ea966cdf6fb9d43b7ec2a73de,"[{""name_in_first_api"": ""id"", ""name_in_second_api"": ""id"", ""description"": ""This parameter represents the unique identifier for a title in the MoviesDatabase API and a genre in the Spotify API.""}]",
MoviesDatabase,Spotify,/titles/{id}/aka,Search,1f2753718bfb8270bfbab48106bc6ce49b6091a3634594f454f8981589215872,3363fc82305d6113cf5f55d0a5e78d2235d1a24fb1061eccf194be757cb810e4,"[{""name_in_first_api"": ""id"", ""name_in_second_api"": ""q"", ""description"": ""This parameter represents the Imdb Id of a title, which can be used as a search query in the Spotify API.""}]",
Anime DB,Anime DB,Get All,Get by id,3f8778dc539a81ca252bbbf1a3c5286dc7b6cb7ee13469148ff25c641245c380,7382f9429c286a02d92e646ae387d1f03d1aef4ddc201bea72bdf53e6ce33d43,"[{""name_in_first_api"": ""_id"", ""name_in_second_api"": ""id"", ""description"": ""This parameter represents the unique identifier of the anime, which is used to retrieve detailed information about a specific anime.""}]",
Anime DB,Anime DB,Get All,Get one anime by ranking,3f8778dc539a81ca252bbbf1a3c5286dc7b6cb7ee13469148ff25c641245c380,b5dbeb2666963372a8e79300fcf90b8cdfdba8bb7dc400a55d5e7140bf066399,"[{""name_in_first_api"": ""ranking"", ""name_in_second_api"": ""rank"", ""description"": ""This parameter represents the ranking of an anime, which is used to retrieve a specific anime by its ranking.""}]",
Anime DB,Anime DB,Get All,Get Genres,3f8778dc539a81ca252bbbf1a3c5286dc7b6cb7ee13469148ff25c641245c380,6004b5323625d91508db77582b5513ddcd048e2eb420264f8edda73c76ae2b1b,"[{""name_in_first_api"": ""genres"", ""name_in_second_api"": ""_id"", ""description"": ""This parameter represents the genre of the anime, which can be used to filter anime by genre.""}]",
Anime DB,Advanced Movie Search,Get All,Search by Genre,3f8778dc539a81ca252bbbf1a3c5286dc7b6cb7ee13469148ff25c641245c380,29dfaeb4e52690e574b8c62a8387d331524712833a24153c19a852f1fe26738a,"[{""name_in_first_api"": ""genres"", ""name_in_second_api"": ""genre_ids"", ""description"": ""This parameter represents the list of genres associated with an anime or movie.""}]",
Anime DB,Advanced Movie Search,Get All,Search by Name,3f8778dc539a81ca252bbbf1a3c5286dc7b6cb7ee13469148ff25c641245c380,fcc70959abedb57d9165d4e3f30a3f3e484a685733e4e3a54ce4d14721417f47,"[{""name_in_first_api"": ""title"", ""name_in_second_api"": ""query"", ""description"": ""This parameter represents the title of the anime or movie, which can be used to search for the same or similar content in the second API.""}]",
Anime DB,Advanced Movie Search,Get All,Get Detailed Response,3f8778dc539a81ca252bbbf1a3c5286dc7b6cb7ee13469148ff25c641245c380,b49716314b40bd81f8474858318cd562b8238311420d567333600a4ab9dd1435,"[{""name_in_first_api"": ""_id"", ""name_in_second_api"": ""movie_id"", ""description"": ""This parameter represents the unique identifier of an anime or movie.""}]",
Anime DB,Advanced Movie Search,Get All,Genre List,3f8778dc539a81ca252bbbf1a3c5286dc7b6cb7ee13469148ff25c641245c380,05843e17287537ea8cb2819bb3b8451a0d25065da9399fc61c7541a316041810,"[{""name_in_first_api"": ""genres"", ""name_in_second_api"": ""genres"", ""description"": ""This parameter represents the list of genres associated with anime or movies.""}]",
Anime DB,Spotify,Get All,Artist related,3f8778dc539a81ca252bbbf1a3c5286dc7b6cb7ee13469148ff25c641245c380,529dcb31d41271816bcf1c72ca686b3b9359cbca252aeaa95ce46366273d214c,"[{""name_in_first_api"": ""_id"", ""name_in_second_api"": ""id"", ""description"": ""This parameter represents the unique identifier for an artist or anime, which can be used to fetch related data.""}]",
Anime DB,Spotify,Get All,Genre View,3f8778dc539a81ca252bbbf1a3c5286dc7b6cb7ee13469148ff25c641245c380,8b47cc087eb863e507b18f672277dbc0dc0ea65ea966cdf6fb9d43b7ec2a73de,"[{""name_in_first_api"": ""genres"", ""name_in_second_api"": ""id"", ""description"": ""This parameter represents the genre ID used to filter content in the Spotify Genre View API.""}]",
Anime DB,Advanced Movie Search,Get by id,Genre List,7382f9429c286a02d92e646ae387d1f03d1aef4ddc201bea72bdf53e6ce33d43,05843e17287537ea8cb2819bb3b8451a0d25065da9399fc61c7541a316041810,"[{""name_in_first_api"": ""genres"", ""name_in_second_api"": ""genres"", ""description"": ""This parameter represents the list of genres associated with an anime or movie.""}]",
Anime DB,Anime DB,Get by id,Get one anime by ranking,7382f9429c286a02d92e646ae387d1f03d1aef4ddc201bea72bdf53e6ce33d43,b5dbeb2666963372a8e79300fcf90b8cdfdba8bb7dc400a55d5e7140bf066399,"[{""name_in_first_api"": ""ranking"", ""name_in_second_api"": ""rank"", ""description"": ""This parameter represents the ranking of the anime, which can be used to retrieve the anime by its ranking.""}]",
Anime DB,Advanced Movie Search,Get by id,Search by Genre,7382f9429c286a02d92e646ae387d1f03d1aef4ddc201bea72bdf53e6ce33d43,29dfaeb4e52690e574b8c62a8387d331524712833a24153c19a852f1fe26738a,"[{""name_in_first_api"": ""genres"", ""name_in_second_api"": ""genre_ids"", ""description"": ""This parameter represents the list of genres associated with an anime or movie.""}]",
Anime DB,Advanced Movie Search,Get by id,Get Detailed Response,7382f9429c286a02d92e646ae387d1f03d1aef4ddc201bea72bdf53e6ce33d43,b49716314b40bd81f8474858318cd562b8238311420d567333600a4ab9dd1435,"[{""name_in_first_api"": ""id"", ""name_in_second_api"": ""movie_id"", ""description"": ""This parameter represents the unique identifier for an anime or movie, used to retrieve detailed information.""}]",
Anime DB,Anime DB,Get by id,Get Genres,7382f9429c286a02d92e646ae387d1f03d1aef4ddc201bea72bdf53e6ce33d43,6004b5323625d91508db77582b5513ddcd048e2eb420264f8edda73c76ae2b1b,"[{""name_in_first_api"": ""genres"", ""name_in_second_api"": ""_id"", ""description"": ""This parameter represents the list of genres associated with an anime, which can be used to filter or categorize anime by genre.""}]",
Anime DB,Spotify,Get All,Search,3f8778dc539a81ca252bbbf1a3c5286dc7b6cb7ee13469148ff25c641245c380,3363fc82305d6113cf5f55d0a5e78d2235d1a24fb1061eccf194be757cb810e4,"[{""name_in_first_api"": ""title"", ""name_in_second_api"": ""q"", ""description"": ""This parameter represents the title of an anime, which can be used as a search query in the Spotify API to find related music or podcasts.""}, {""name_in_first_api"": ""genres"", ""name_in_second_api"": ""q"", ""description"": ""This parameter represents the genres associated with an anime, which can be used as a search query in the Spotify API to find related music or podcasts.""}]",
Anime DB,Spotify,Get by id,Genre View,7382f9429c286a02d92e646ae387d1f03d1aef4ddc201bea72bdf53e6ce33d43,8b47cc087eb863e507b18f672277dbc0dc0ea65ea966cdf6fb9d43b7ec2a73de,"[{""name_in_first_api"": ""genres"", ""name_in_second_api"": ""id"", ""description"": ""This parameter represents the genre ID used to fetch genre-specific content from the Spotify API.""}]",
Anime DB,Spotify,Get by id,Artist related,7382f9429c286a02d92e646ae387d1f03d1aef4ddc201bea72bdf53e6ce33d43,529dcb31d41271816bcf1c72ca686b3b9359cbca252aeaa95ce46366273d214c,"[{""name_in_first_api"": ""id"", ""name_in_second_api"": ""id"", ""description"": ""This parameter represents the unique identifier for an anime or artist, used to retrieve detailed information.""}]",
Anime DB,Advanced Movie Search,Get Genres,Genre List,6004b5323625d91508db77582b5513ddcd048e2eb420264f8edda73c76ae2b1b,05843e17287537ea8cb2819bb3b8451a0d25065da9399fc61c7541a316041810,"[{""name_in_first_api"": ""_id"", ""name_in_second_api"": ""name"", ""description"": ""This parameter represents the genre name in both APIs.""}]",
Anime DB,Advanced Movie Search,Get Genres,Search by Genre,6004b5323625d91508db77582b5513ddcd048e2eb420264f8edda73c76ae2b1b,29dfaeb4e52690e574b8c62a8387d331524712833a24153c19a852f1fe26738a,"[{""name_in_first_api"": ""_id"", ""name_in_second_api"": ""genre_ids"", ""description"": ""This parameter represents the genre identifier used to filter anime or movies by genre.""}]",
Anime DB,Spotify,Get by id,Search,7382f9429c286a02d92e646ae387d1f03d1aef4ddc201bea72bdf53e6ce33d43,3363fc82305d6113cf5f55d0a5e78d2235d1a24fb1061eccf194be757cb810e4,"[{""name_in_first_api"": ""title"", ""name_in_second_api"": ""q"", ""description"": ""The title of the anime, which can be used as a search query in Spotify to find related music or podcasts.""}, {""name_in_first_api"": ""genres"", ""name_in_second_api"": ""q"", ""description"": ""The genres associated with the anime, which can be used as a search query in Spotify to find related music or podcasts.""}]",
Anime DB,Advanced Movie Search,Get Genres,Get Detailed Response,6004b5323625d91508db77582b5513ddcd048e2eb420264f8edda73c76ae2b1b,b49716314b40bd81f8474858318cd562b8238311420d567333600a4ab9dd1435,"[{""name_in_first_api"": ""_id"", ""name_in_second_api"": ""genres"", ""description"": ""This parameter represents the genre of the anime or movie, which can be used to filter or categorize content.""}]",
Anime DB,Spotify,Get Genres,Artist related,6004b5323625d91508db77582b5513ddcd048e2eb420264f8edda73c76ae2b1b,529dcb31d41271816bcf1c72ca686b3b9359cbca252aeaa95ce46366273d214c,"[{""name_in_first_api"": ""_id"", ""name_in_second_api"": ""genres"", ""description"": ""This parameter represents the genre of the artist.""}]",
Anime DB,Spotify,Get Genres,Genre View,6004b5323625d91508db77582b5513ddcd048e2eb420264f8edda73c76ae2b1b,8b47cc087eb863e507b18f672277dbc0dc0ea65ea966cdf6fb9d43b7ec2a73de,"[{""name_in_first_api"": ""_id"", ""name_in_second_api"": ""id"", ""description"": ""This parameter represents the genre ID in both APIs.""}]",
Anime DB,Spotify,Get Genres,Search,6004b5323625d91508db77582b5513ddcd048e2eb420264f8edda73c76ae2b1b,3363fc82305d6113cf5f55d0a5e78d2235d1a24fb1061eccf194be757cb810e4,"[{""name_in_first_api"": ""_id"", ""name_in_second_api"": ""q"", ""description"": ""This parameter represents the genre of an anime, which can be used as a search query in Spotify to find related music or podcasts.""}]",
Advanced Movie Search,Advanced Movie Search,Genre List,Search by Genre,05843e17287537ea8cb2819bb3b8451a0d25065da9399fc61c7541a316041810,29dfaeb4e52690e574b8c62a8387d331524712833a24153c19a852f1fe26738a,"[{""name_in_first_api"": ""genres[].id"", ""name_in_second_api"": ""genre_ids"", ""description"": ""This parameter represents the genre ID used to filter movies by genre.""}]",
Advanced Movie Search,Advanced Movie Search,Genre List,Get Detailed Response,05843e17287537ea8cb2819bb3b8451a0d25065da9399fc61c7541a316041810,b49716314b40bd81f8474858318cd562b8238311420d567333600a4ab9dd1435,"[{""name_in_first_api"": ""genres[].id"", ""name_in_second_api"": ""movie_id"", ""description"": ""This parameter represents the unique identifier for a movie genre, which can be used to fetch detailed information about a specific movie.""}]",
Advanced Movie Search,Spotify,Genre List,Artist related,05843e17287537ea8cb2819bb3b8451a0d25065da9399fc61c7541a316041810,529dcb31d41271816bcf1c72ca686b3b9359cbca252aeaa95ce46366273d214c,"[{""name_in_first_api"": ""genres"", ""name_in_second_api"": ""genres"", ""description"": ""This parameter represents the list of genres associated with an artist.""}]",
Advanced Movie Search,Advanced Movie Search,Search by Genre,Get Detailed Response,29dfaeb4e52690e574b8c62a8387d331524712833a24153c19a852f1fe26738a,b49716314b40bd81f8474858318cd562b8238311420d567333600a4ab9dd1435,"[{""name_in_first_api"": ""id"", ""name_in_second_api"": ""movie_id"", ""description"": ""This parameter represents the unique identifier of a movie, which is used to fetch detailed information about the movie.""}]",
Advanced Movie Search,Advanced Movie Search,Search by Genre,Search by Name,29dfaeb4e52690e574b8c62a8387d331524712833a24153c19a852f1fe26738a,fcc70959abedb57d9165d4e3f30a3f3e484a685733e4e3a54ce4d14721417f47,"[{""name_in_first_api"": ""results[].title"", ""name_in_second_api"": ""query"", ""description"": ""This parameter represents the title of the movie, which can be used as a query string to search for the same movie in the second API.""}]",
Advanced Movie Search,Spotify,Genre List,Genre View,05843e17287537ea8cb2819bb3b8451a0d25065da9399fc61c7541a316041810,8b47cc087eb863e507b18f672277dbc0dc0ea65ea966cdf6fb9d43b7ec2a73de,"[{""name_in_first_api"": ""genres"", ""name_in_second_api"": ""id"", ""description"": ""This parameter represents the genre ID used to filter content in the Spotify Genre View API.""}]",
Advanced Movie Search,Spotify,Search by Genre,Genre View,29dfaeb4e52690e574b8c62a8387d331524712833a24153c19a852f1fe26738a,8b47cc087eb863e507b18f672277dbc0dc0ea65ea966cdf6fb9d43b7ec2a73de,"[{""name_in_first_api"": ""genre_ids"", ""name_in_second_api"": ""id"", ""description"": ""This parameter represents the genre ID used to filter movies by genre in the first API and to view specific genres in the second API.""}]",
Advanced Movie Search,Spotify,Genre List,Search,05843e17287537ea8cb2819bb3b8451a0d25065da9399fc61c7541a316041810,3363fc82305d6113cf5f55d0a5e78d2235d1a24fb1061eccf194be757cb810e4,"[{""name_in_first_api"": ""genres"", ""name_in_second_api"": ""q"", ""description"": ""This parameter represents the genre name used to search for related content in Spotify.""}, {""name_in_first_api"": ""genres"", ""name_in_second_api"": ""type"", ""description"": ""This parameter represents the type of content to search for in Spotify, which can include genres.""}]",
Advanced Movie Search,Advanced Movie Search,Search by Name,Get Detailed Response,fcc70959abedb57d9165d4e3f30a3f3e484a685733e4e3a54ce4d14721417f47,b49716314b40bd81f8474858318cd562b8238311420d567333600a4ab9dd1435,"[{""name_in_first_api"": ""id"", ""name_in_second_api"": ""movie_id"", ""description"": ""This parameter represents the unique identifier of the movie, which is used to fetch detailed information about the movie.""}]",
Advanced Movie Search,Spotify,Search by Genre,Search,29dfaeb4e52690e574b8c62a8387d331524712833a24153c19a852f1fe26738a,3363fc82305d6113cf5f55d0a5e78d2235d1a24fb1061eccf194be757cb810e4,"[{""name_in_first_api"": ""genre_ids"", ""name_in_second_api"": ""q"", ""description"": ""This parameter represents the genre IDs of movies returned by the first API, which can be used as a search query in the second API to find related music or podcasts.""}]",
Advanced Movie Search,Spotify,Search by Name,Search,fcc70959abedb57d9165d4e3f30a3f3e484a685733e4e3a54ce4d14721417f47,3363fc82305d6113cf5f55d0a5e78d2235d1a24fb1061eccf194be757cb810e4,"[{""name_in_first_api"": ""query"", ""name_in_second_api"": ""q"", ""description"": ""This parameter represents the search query string used to find movies or music tracks.""}]",
Advanced Movie Search,Spotify,Search by Name,Genre View,fcc70959abedb57d9165d4e3f30a3f3e484a685733e4e3a54ce4d14721417f47,8b47cc087eb863e507b18f672277dbc0dc0ea65ea966cdf6fb9d43b7ec2a73de,"[{""name_in_first_api"": ""query"", ""name_in_second_api"": ""id"", ""description"": ""This parameter represents the search query for a movie name, which can be used to find the corresponding genre ID in the Spotify Genre View API.""}]",
Advanced Movie Search,Spotify,Search by Name,Artist related,fcc70959abedb57d9165d4e3f30a3f3e484a685733e4e3a54ce4d14721417f47,529dcb31d41271816bcf1c72ca686b3b9359cbca252aeaa95ce46366273d214c,"[{""name_in_first_api"": ""query"", ""name_in_second_api"": ""id"", ""description"": ""This parameter represents the search query for a movie, which can be used to find the corresponding artist ID in Spotify.""}]",
Advanced Movie Search,Spotify,Search by Name,Artist albums,fcc70959abedb57d9165d4e3f30a3f3e484a685733e4e3a54ce4d14721417f47,65d53e7bc8e99caefd77db73dcaefdde1c8ef41c66376ca44d61e275ddb48cd3,"[{""name_in_first_api"": ""query"", ""name_in_second_api"": ""id"", ""description"": ""This parameter represents the search query used to find a movie, which can be used to find the corresponding artist ID in Spotify.""}]",
Advanced Movie Search,Spotify,Get Detailed Response,Genre View,b49716314b40bd81f8474858318cd562b8238311420d567333600a4ab9dd1435,8b47cc087eb863e507b18f672277dbc0dc0ea65ea966cdf6fb9d43b7ec2a73de,"[{""name_in_first_api"": ""id"", ""name_in_second_api"": ""movie_id"", ""description"": ""This parameter represents the unique identifier for a movie, which can be used to retrieve detailed information about the movie.""}]",
Advanced Movie Search,Spotify,Get Detailed Response,Artist related,b49716314b40bd81f8474858318cd562b8238311420d567333600a4ab9dd1435,529dcb31d41271816bcf1c72ca686b3b9359cbca252aeaa95ce46366273d214c,"[{""name_in_first_api"": ""id"", ""name_in_second_api"": ""movie_id"", ""description"": ""This parameter represents the unique identifier for a movie.""}]",
Advanced Movie Search,Spotify,Get Detailed Response,Artist albums,b49716314b40bd81f8474858318cd562b8238311420d567333600a4ab9dd1435,65d53e7bc8e99caefd77db73dcaefdde1c8ef41c66376ca44d61e275ddb48cd3,"[{""name_in_first_api"": ""id"", ""name_in_second_api"": ""movie_id"", ""description"": ""This parameter represents the unique identifier for a movie, which can be used to fetch detailed information about the movie.""}]",
Spotify,Spotify,Genre View,Track lyrics,8b47cc087eb863e507b18f672277dbc0dc0ea65ea966cdf6fb9d43b7ec2a73de,16bbee001e2992e26a330230551bc4690d4813a2749c758cee7eb4d87af4641a,"[{""name_in_first_api"": ""id"", ""name_in_second_api"": ""id"", ""description"": ""This parameter represents the unique identifier for a track, which is used to retrieve the track's lyrics.""}]",
Spotify,Spotify,Genre View,Get playlist,8b47cc087eb863e507b18f672277dbc0dc0ea65ea966cdf6fb9d43b7ec2a73de,32ed3c93bce56d86d606087da065e2c4a621acd7b35635cca68525c484f1b855,"[{""name_in_first_api"": ""id"", ""name_in_second_api"": ""id"", ""description"": ""This parameter represents the unique identifier for a genre or playlist, which is used to retrieve detailed information about the genre or playlist.""}]",
Spotify,Spotify,Genre View,Album metadata,8b47cc087eb863e507b18f672277dbc0dc0ea65ea966cdf6fb9d43b7ec2a73de,09753b59a07a250ac9bbfec5e2bf2a835848497d9a2b4d85b884da2ad1a2c079,"[{""name_in_first_api"": ""id"", ""name_in_second_api"": ""id"", ""description"": ""This parameter represents the unique identifier for a genre or album, used to retrieve detailed information about it.""}]",
Spotify,Spotify,Genre View,Get radio playlist,8b47cc087eb863e507b18f672277dbc0dc0ea65ea966cdf6fb9d43b7ec2a73de,93506b1734ecd5b7084b3e86bafe742227f1325a50cc0083e1cc21a76349b7d2,"[{""name_in_first_api"": ""id"", ""name_in_second_api"": ""uri"", ""description"": ""This parameter represents the unique identifier for a genre, artist, or song, which can be used to generate a radio playlist based on the seed provided.""}]",
Spotify,Spotify,Genre View,User profile,8b47cc087eb863e507b18f672277dbc0dc0ea65ea966cdf6fb9d43b7ec2a73de,2b73585e25fbab44e3bc56e67b32ae5b3436ad0d36c796d59b58dcbbf7160c34,"[{""name_in_first_api"": ""id"", ""name_in_second_api"": ""id"", ""description"": ""This parameter represents the unique identifier for a genre in the first API and a user in the second API.""}]",
Spotify,Spotify,Genre View,Artist albums,8b47cc087eb863e507b18f672277dbc0dc0ea65ea966cdf6fb9d43b7ec2a73de,65d53e7bc8e99caefd77db73dcaefdde1c8ef41c66376ca44d61e275ddb48cd3,"[{""name_in_first_api"": ""id"", ""name_in_second_api"": ""id"", ""description"": ""This parameter represents the Genre ID in the first API and the Artist ID in the second API.""}]",
Spotify,Spotify,Genre View,Artist related,8b47cc087eb863e507b18f672277dbc0dc0ea65ea966cdf6fb9d43b7ec2a73de,529dcb31d41271816bcf1c72ca686b3b9359cbca252aeaa95ce46366273d214c,"[{""name_in_first_api"": ""id"", ""name_in_second_api"": ""id"", ""description"": ""This parameter represents the unique identifier for a genre or artist, used to fetch related content.""}]",
Spotify,Spotify,Get playlist,Album metadata,32ed3c93bce56d86d606087da065e2c4a621acd7b35635cca68525c484f1b855,09753b59a07a250ac9bbfec5e2bf2a835848497d9a2b4d85b884da2ad1a2c079,"[{""name_in_first_api"": ""id"", ""name_in_second_api"": ""id"", ""description"": ""This parameter represents the unique identifier for a playlist or album in Spotify.""}]",
Spotify,Spotify,Get playlist,Get radio playlist,32ed3c93bce56d86d606087da065e2c4a621acd7b35635cca68525c484f1b855,93506b1734ecd5b7084b3e86bafe742227f1325a50cc0083e1cc21a76349b7d2,"[{""name_in_first_api"": ""uri"", ""name_in_second_api"": ""uri"", ""description"": ""This parameter represents the URI of the playlist, which can be used to get a radio playlist based on the artist or song.""}]",
Spotify,Spotify,Get playlist,Artist related,32ed3c93bce56d86d606087da065e2c4a621acd7b35635cca68525c484f1b855,529dcb31d41271816bcf1c72ca686b3b9359cbca252aeaa95ce46366273d214c,"[{""name_in_first_api"": ""id"", ""name_in_second_api"": ""id"", ""description"": ""This parameter represents the unique identifier for the playlist or artist, which can be used to retrieve related artists or playlist details.""}]",
Spotify,Spotify,Get playlist,User profile,32ed3c93bce56d86d606087da065e2c4a621acd7b35635cca68525c484f1b855,2b73585e25fbab44e3bc56e67b32ae5b3436ad0d36c796d59b58dcbbf7160c34,"[{""name_in_first_api"": ""id"", ""name_in_second_api"": ""id"", ""description"": ""This parameter represents the unique identifier for a playlist or user, which can be used to retrieve detailed information about the playlist or user.""}]",
Spotify,Spotify,Get playlist,Track lyrics,32ed3c93bce56d86d606087da065e2c4a621acd7b35635cca68525c484f1b855,16bbee001e2992e26a330230551bc4690d4813a2749c758cee7eb4d87af4641a,"[{""name_in_first_api"": ""tracks.items[].track.id"", ""name_in_second_api"": ""id"", ""description"": ""This parameter represents the unique identifier of a track in Spotify, which is used to retrieve the lyrics of that track.""}]",
Spotify,Spotify,Get playlist,Artist albums,32ed3c93bce56d86d606087da065e2c4a621acd7b35635cca68525c484f1b855,65d53e7bc8e99caefd77db73dcaefdde1c8ef41c66376ca44d61e275ddb48cd3,"[{""name_in_first_api"": ""id"", ""name_in_second_api"": ""id"", ""description"": ""This parameter represents the unique identifier for a playlist or artist, which can be used to retrieve detailed information about the playlist or artist's albums.""}]",
Spotify,Spotify,Track lyrics,Album metadata,16bbee001e2992e26a330230551bc4690d4813a2749c758cee7eb4d87af4641a,09753b59a07a250ac9bbfec5e2bf2a835848497d9a2b4d85b884da2ad1a2c079,"[{""name_in_first_api"": ""id"", ""name_in_second_api"": ""id"", ""description"": ""This parameter represents the unique identifier for a track or album in Spotify.""}]",
Spotify,Spotify,Track lyrics,Get radio playlist,16bbee001e2992e26a330230551bc4690d4813a2749c758cee7eb4d87af4641a,93506b1734ecd5b7084b3e86bafe742227f1325a50cc0083e1cc21a76349b7d2,"[{""name_in_first_api"": ""id"", ""name_in_second_api"": ""uri"", ""description"": ""This parameter represents the unique identifier of a track or artist, used to fetch related data.""}]",
Spotify,Spotify,Get playlist,Search,32ed3c93bce56d86d606087da065e2c4a621acd7b35635cca68525c484f1b855,3363fc82305d6113cf5f55d0a5e78d2235d1a24fb1061eccf194be757cb810e4,"[{""name_in_first_api"": ""id"", ""name_in_second_api"": ""q"", ""description"": ""This parameter represents the Playlist ID which can be used as a search query to find related playlists or tracks.""}]",
Spotify,Spotify,Genre View,Search,8b47cc087eb863e507b18f672277dbc0dc0ea65ea966cdf6fb9d43b7ec2a73de,3363fc82305d6113cf5f55d0a5e78d2235d1a24fb1061eccf194be757cb810e4,"[{""name_in_first_api"": ""id"", ""name_in_second_api"": ""q"", ""description"": ""This parameter represents the Genre ID from the Genre View API, which can be used as a search query in the Search API to find related content.""}]",
Spotify,Spotify,Track lyrics,Artist related,16bbee001e2992e26a330230551bc4690d4813a2749c758cee7eb4d87af4641a,529dcb31d41271816bcf1c72ca686b3b9359cbca252aeaa95ce46366273d214c,"[{""name_in_first_api"": ""id"", ""name_in_second_api"": ""id"", ""description"": ""This parameter represents the unique identifier for a track or artist in Spotify.""}]",
Spotify,Spotify,Track lyrics,Search,16bbee001e2992e26a330230551bc4690d4813a2749c758cee7eb4d87af4641a,3363fc82305d6113cf5f55d0a5e78d2235d1a24fb1061eccf194be757cb810e4,"[{""name_in_first_api"": ""id"", ""name_in_second_api"": ""q"", ""description"": ""This parameter represents the Track ID which can be used as a search query to find the same track.""}]",
Spotify,Spotify,Track lyrics,Artist albums,16bbee001e2992e26a330230551bc4690d4813a2749c758cee7eb4d87af4641a,65d53e7bc8e99caefd77db73dcaefdde1c8ef41c66376ca44d61e275ddb48cd3,"[{""name_in_first_api"": ""id"", ""name_in_second_api"": ""id"", ""description"": ""This parameter represents the unique identifier for a track or artist, used to retrieve specific data from the Spotify API.""}]",
Spotify,Spotify,Album metadata,Get radio playlist,09753b59a07a250ac9bbfec5e2bf2a835848497d9a2b4d85b884da2ad1a2c079,93506b1734ecd5b7084b3e86bafe742227f1325a50cc0083e1cc21a76349b7d2,"[{""name_in_first_api"": ""album.uri"", ""name_in_second_api"": ""uri"", ""description"": ""This parameter represents the URI of an album or artist, which can be used to generate a radio playlist.""}]",
Spotify,Spotify,Album metadata,Artist related,09753b59a07a250ac9bbfec5e2bf2a835848497d9a2b4d85b884da2ad1a2c079,529dcb31d41271816bcf1c72ca686b3b9359cbca252aeaa95ce46366273d214c,"[{""name_in_first_api"": ""album.artists.items[0].uri"", ""name_in_second_api"": ""id"", ""description"": ""This parameter represents the URI of the artist, which can be used as the Artist ID in the second API to fetch related artists.""}]",
Spotify,Spotify,Get radio playlist,Artist albums,93506b1734ecd5b7084b3e86bafe742227f1325a50cc0083e1cc21a76349b7d2,65d53e7bc8e99caefd77db73dcaefdde1c8ef41c66376ca44d61e275ddb48cd3,"[{""name_in_first_api"": ""uri"", ""name_in_second_api"": ""id"", ""description"": ""This parameter represents the unique identifier for an artist or song, which can be used to retrieve artist albums.""}]",
Spotify,Spotify,Get radio playlist,Artist related,93506b1734ecd5b7084b3e86bafe742227f1325a50cc0083e1cc21a76349b7d2,529dcb31d41271816bcf1c72ca686b3b9359cbca252aeaa95ce46366273d214c,"[{""name_in_first_api"": ""uri"", ""name_in_second_api"": ""id"", ""description"": ""This parameter represents the URI of an artist or song, which can be used to fetch related artists.""}]",
Spotify,Spotify,Album metadata,Artist albums,09753b59a07a250ac9bbfec5e2bf2a835848497d9a2b4d85b884da2ad1a2c079,65d53e7bc8e99caefd77db73dcaefdde1c8ef41c66376ca44d61e275ddb48cd3,"[{""name_in_first_api"": ""data.album.uri"", ""name_in_second_api"": ""id"", ""description"": ""This parameter represents the unique identifier for an album or artist, used to retrieve detailed metadata or albums associated with the artist.""}]",
Spotify,Spotify,User profile,Artist related,2b73585e25fbab44e3bc56e67b32ae5b3436ad0d36c796d59b58dcbbf7160c34,529dcb31d41271816bcf1c72ca686b3b9359cbca252aeaa95ce46366273d214c,"[{""name_in_first_api"": ""id"", ""name_in_second_api"": ""id"", ""description"": ""This parameter represents the unique identifier for a user or artist in Spotify.""}]",
Spotify,Spotify,User profile,Artist albums,2b73585e25fbab44e3bc56e67b32ae5b3436ad0d36c796d59b58dcbbf7160c34,65d53e7bc8e99caefd77db73dcaefdde1c8ef41c66376ca44d61e275ddb48cd3,"[{""name_in_first_api"": ""id"", ""name_in_second_api"": ""id"", ""description"": ""This parameter represents the unique identifier for a user or artist in Spotify.""}]",
Spotify,Spotify,Get radio playlist,User profile,93506b1734ecd5b7084b3e86bafe742227f1325a50cc0083e1cc21a76349b7d2,2b73585e25fbab44e3bc56e67b32ae5b3436ad0d36c796d59b58dcbbf7160c34,"[{""name_in_first_api"": ""uri"", ""name_in_second_api"": ""id"", ""description"": ""This parameter represents the URI of an artist or song, which can be used as the User ID in the second API to retrieve user profile information.""}]",
Spotify,Spotify,Get radio playlist,Search,93506b1734ecd5b7084b3e86bafe742227f1325a50cc0083e1cc21a76349b7d2,3363fc82305d6113cf5f55d0a5e78d2235d1a24fb1061eccf194be757cb810e4,"[{""name_in_first_api"": ""uri"", ""name_in_second_api"": ""q"", ""description"": ""This parameter represents the URI of an artist or song, which can be used as a search query in the second API.""}]",
Spotify,Spotify,User profile,Search,2b73585e25fbab44e3bc56e67b32ae5b3436ad0d36c796d59b58dcbbf7160c34,3363fc82305d6113cf5f55d0a5e78d2235d1a24fb1061eccf194be757cb810e4,"[{""name_in_first_api"": ""uri"", ""name_in_second_api"": ""q"", ""description"": ""This parameter represents the unique identifier for a user, which can be used as a search query to find the same user in the search API.""}]",
Spotify,Spotify,Artist related,Artist albums,529dcb31d41271816bcf1c72ca686b3b9359cbca252aeaa95ce46366273d214c,65d53e7bc8e99caefd77db73dcaefdde1c8ef41c66376ca44d61e275ddb48cd3,"[{""name_in_first_api"": ""id"", ""name_in_second_api"": ""id"", ""description"": ""This parameter represents the unique identifier of an artist.""}]",
Spotify,Spotify,Artist related,Search,529dcb31d41271816bcf1c72ca686b3b9359cbca252aeaa95ce46366273d214c,3363fc82305d6113cf5f55d0a5e78d2235d1a24fb1061eccf194be757cb810e4,"[{""name_in_first_api"": ""id"", ""name_in_second_api"": ""q"", ""description"": ""This parameter represents the Artist ID used to search for related artists.""}]",
Spotify,Spotify,Artist albums,Search,65d53e7bc8e99caefd77db73dcaefdde1c8ef41c66376ca44d61e275ddb48cd3,3363fc82305d6113cf5f55d0a5e78d2235d1a24fb1061eccf194be757cb810e4,"[{""name_in_first_api"": ""id"", ""name_in_second_api"": ""q"", ""description"": ""This parameter represents the Artist ID, which can be used as a search query to find related artists or albums.""}]",
Spotify,Spotify,Album metadata,Search,09753b59a07a250ac9bbfec5e2bf2a835848497d9a2b4d85b884da2ad1a2c079,3363fc82305d6113cf5f55d0a5e78d2235d1a24fb1061eccf194be757cb810e4,"[{""name_in_first_api"": ""data.album.uri"", ""name_in_second_api"": ""q"", ""description"": ""The URI of the album, which can be used as a search query to find the same album.""}, {""name_in_first_api"": ""data.album.name"", ""name_in_second_api"": ""q"", ""description"": ""The name of the album, which can be used as a search query to find the same album.""}, {""name_in_first_api"": ""data.album.artists.items[0].profile.name"", ""name_in_second_api"": ""q"", ""description"": ""The name of the artist, which can be used as a search query to find the same artist.""}, {""name_in_first_api"": ""data.album.artists.items[0].uri"", ""name_in_second_api"": ""q"", ""description"": ""The URI of the artist, which can be used as a search query to find the same artist.""}]",
