category,product_id,tool_name,tool_description,api_name,api_url,required_parameters,test_endpoint,api_description,api_endpoint,hash_id
Movies,api_24a67518-f6b4-446c-b13e-3b6883b622af,Movie and TV shows Quotes,This API helps query for Famous Movies and TV shows quotes.,GET quotes by actor,https://movie-and-tv-shows-quotes.p.rapidapi.com/quotes/actor/al_pachino,"[{'name': 'actor', 'type': 'string', 'description': '', 'default': 'al_pachino'}]","[{'id': 18, 'quote': 'Keep your friends close, but your enemies closer.', 'character': 'Michael Corleone', 'quoteFrom': 'The Godfather Part II', 'actor': 'Al Pachino', 'year': 1974}]",This endpoint will return back quotes by the given actor or actress.,https://movie-and-tv-shows-quotes.p.rapidapi.com/quotes/actor/al_pachino,fd510a5c54928d2512ecdfb16dfd543e1a14f51554173f510114d3934d996e12
Movies,api_24a67518-f6b4-446c-b13e-3b6883b622af,Movie and TV shows Quotes,This API helps query for Famous Movies and TV shows quotes.,GET a random quote,https://movie-and-tv-shows-quotes.p.rapidapi.com/quotes/random/quote,[],"{'id': 49, 'quote': 'Well, I proved once and for all that the limb is mightier than the thumb.', 'character': 'Ellie Andrews', 'quoteFrom': 'It Happened One Night', 'actor': 'Claudette Colbert', 'year': 1934}",This endpoint will return a random quote,https://movie-and-tv-shows-quotes.p.rapidapi.com/quotes/random/quote,9e93debf2bc7f793422a4abd2df31c894b6d1d45c2f5b5b42093465b50928a79
Movies,api_24a67518-f6b4-446c-b13e-3b6883b622af,Movie and TV shows Quotes,This API helps query for Famous Movies and TV shows quotes.,GET quote by movie or TV show name,https://movie-and-tv-shows-quotes.p.rapidapi.com/quotes/from/the_wizard_of_oz,"[{'name': 'show', 'type': 'string', 'description': '', 'default': 'the_wizard_of_oz'}]","[{'id': 4, 'quote': ""Toto, I've a feeling we're not in Kansas anymore."", 'character': 'Dorothy Gale', 'actor': 'judy Garland', 'quoteFrom': 'The Wizard of Oz', 'year': 1939}, {'id': 11, 'quote': ""There's no place like home."", 'character': 'Dorothy Gale', 'quoteFrom': 'The Wizard of Oz', 'actor': 'Judy Graland', 'year': 1939}]",This endpoint will return quotes by given movie or TV show name,https://movie-and-tv-shows-quotes.p.rapidapi.com/quotes/from/the_wizard_of_oz,52bc0efb6427bc9fe8b26da282f28cfa9e17db514978abd24051abbd67cd757b
Movies,api_24a67518-f6b4-446c-b13e-3b6883b622af,Movie and TV shows Quotes,This API helps query for Famous Movies and TV shows quotes.,Get quote by character,https://movie-and-tv-shows-quotes.p.rapidapi.com/quotes/character/dorothy_gale,"[{'name': 'character', 'type': 'string', 'description': '', 'default': 'dorothy_gale'}]","[{'id': 4, 'quote': ""Toto, I've a feeling we're not in Kansas anymore."", 'character': 'Dorothy Gale', 'actor': 'judy Garland', 'quoteFrom': 'The Wizard of Oz', 'year': 1939}, {'id': 11, 'quote': ""There's no place like home."", 'character': 'Dorothy Gale', 'quoteFrom': 'The Wizard of Oz', 'actor': 'Judy Graland', 'year': 1939}]",This end point will return back quotes delivered by the given character,https://movie-and-tv-shows-quotes.p.rapidapi.com/quotes/character/dorothy_gale,838198c99ed36133f371bcef5c59b73084ea68664162c52e2618c826bd088129
Movies,api_f21e64d2-3fb6-4d55-8aa8-e98734551288,MoviesDatabase,"MoviesDatabase provides complete and updated data for over 9 million titles ( movies, series and episodes) and 11 million actors / crew and cast members",/titles/search/keyword/{keyword},https://moviesdatabase.p.rapidapi.com/titles/search/keyword/{keyword},"[{'name': 'keyword', 'type': 'STRING', 'description': 'Keyword', 'default': ''}]","{'error': 'Wrong filter query parameter : keyword', 'stack': '🥞', 'results': None}",,https://moviesdatabase.p.rapidapi.com/titles/search/keyword/{keyword},90f400748e89f0492e6920916e24ac9676413aaf8c68c9c37f15f26090819be3
Movies,api_f21e64d2-3fb6-4d55-8aa8-e98734551288,MoviesDatabase,"MoviesDatabase provides complete and updated data for over 9 million titles ( movies, series and episodes) and 11 million actors / crew and cast members",/titles/search/title/{title},https://moviesdatabase.p.rapidapi.com/titles/search/title/{title},"[{'name': 'title', 'type': 'STRING', 'description': 'Title of  the Movie/Series', 'default': ''}]","{'error': 'Wrong filter query parameter : title', 'stack': '🥞', 'results': None}",Search by Title,https://moviesdatabase.p.rapidapi.com/titles/search/title/{title},ac4b49a9ade7c105b156244c99f3b5c46c45e0b38897fda2957602d61c9851f5
Movies,api_f21e64d2-3fb6-4d55-8aa8-e98734551288,MoviesDatabase,"MoviesDatabase provides complete and updated data for over 9 million titles ( movies, series and episodes) and 11 million actors / crew and cast members",/actors/random,https://moviesdatabase.p.rapidapi.com/actors/random,[],"{'entries': 10, 'results': [{'nconst': 'nm1805909', 'primaryName': 'Sailesh D. Pawar', 'birthYear': '\\N', 'deathYear': '\\N', 'primaryProfession': 'make_up_department,producer,miscellaneous', 'knownForTitles': 'tt7602562,tt0379370,tt0290331'}, {'nconst': 'nm1805910', 'primaryName': 'Lourdes Pearce', 'birthYear': '\\N', 'deathYear': '\\N', 'primaryProfession': 'make_up_department', 'knownForTitles': 'tt0438102'}, {'nconst': 'nm1805911', 'primaryName': 'Maria Grazia Peirce', 'birthYear': '\\N', 'deathYear': '\\N', 'primaryProfession': 'make_up_department', 'knownForTitles': 'tt7222860,tt0112352'}, {'nconst': 'nm1805912', 'primaryName': 'Heli Pekuri', 'birthYear': '\\N', 'deathYear': '\\N', 'primaryProfession': 'make_up_department', 'knownForTitles': 'tt0249131'}, {'nconst': 'nm1805913', 'primaryName': 'Sam Penny', 'birthYear': '\\N', 'deathYear': '\\N', 'primaryProfession': 'make_up_department,costume_department', 'knownForTitles': 'tt0412074,tt1544562'}, {'nconst': 'nm1805914', 'primaryName': 'Alzira Pereira', 'birthYear': '\\N', 'deathYear': '\\N', 'primaryProfession': 'make_up_department', 'knownForTitles': 'tt0439460,tt14036938,tt6849890'}, {'nconst': 'nm1805915', 'primaryName': 'Clara Politi', 'birthYear': '\\N', 'deathYear': '\\N', 'primaryProfession': 'make_up_department', 'knownForTitles': 'tt0054609'}, {'nconst': 'nm1805916', 'primaryName': 'Galina Ponomaryova', 'birthYear': '\\N', 'deathYear': '\\N', 'primaryProfession': 'make_up_department', 'knownForTitles': 'tt8320378,tt1925421,tt2802154,tt0376968'}, {'nconst': 'nm1805917', 'primaryName': 'Elissa Prager', 'birthYear': '\\N', 'deathYear': '\\N', 'primaryProfession': 'make_up_department,special_effects,actress', 'knownForTitles': 'tt2270372,tt3204164,tt1866249,tt0772560'}, {'nconst': 'nm1805918', 'primaryName': 'Colleen Provost', 'birthYear': '\\N', 'deathYear': '\\N', 'primaryProfession': 'make_up_department', 'knownForTitles': 'tt0780567,tt0437245,tt0376890,tt0800205'}]}",,https://moviesdatabase.p.rapidapi.com/actors/random,a703bd315f4ec2ef9d5d116c43770961e3a96ae2e9a92f436a7361237f265ae1
Movies,api_f21e64d2-3fb6-4d55-8aa8-e98734551288,MoviesDatabase,"MoviesDatabase provides complete and updated data for over 9 million titles ( movies, series and episodes) and 11 million actors / crew and cast members",/titles/utils/titleTypes,https://moviesdatabase.p.rapidapi.com/titles/utils/titleTypes,[],"{'results': [None, 'movie', 'musicVideo', 'podcastEpisode', 'podcastSeries', 'short', 'tvEpisode', 'tvMiniSeries', 'tvMovie', 'tvPilot', 'tvSeries', 'tvShort', 'tvSpecial', 'video', 'videoGame']}",,https://moviesdatabase.p.rapidapi.com/titles/utils/titleTypes,4a8e9e925b0d3cf7f48876e725080dfe4f101b4ba11a1cdded43d7ba40220a8a
Movies,api_f21e64d2-3fb6-4d55-8aa8-e98734551288,MoviesDatabase,"MoviesDatabase provides complete and updated data for over 9 million titles ( movies, series and episodes) and 11 million actors / crew and cast members",/actors,https://moviesdatabase.p.rapidapi.com/actors,[],"{'page': 1, 'next': '/actors?page=2&limit=', 'entries': 10, 'results': [{'_id': '617082fa2299cb9f2c2717ac', 'nconst': 'nm0000001', 'primaryName': 'Fred Astaire', 'birthYear': 1899, 'deathYear': 1987, 'primaryProfession': 'soundtrack,actor,miscellaneous', 'knownForTitles': 'tt0053137,tt0072308,tt0031983,tt0050419'}, {'_id': '617082fa2299cb9f2c2717ad', 'nconst': 'nm0000005', 'primaryName': 'Ingmar Bergman', 'birthYear': 1918, 'deathYear': 2007, 'primaryProfession': 'writer,director,actor', 'knownForTitles': 'tt0050976,tt0050986,tt0060827,tt0069467'}, {'_id': '617082fa2299cb9f2c2717ae', 'nconst': 'nm0000006', 'primaryName': 'Ingrid Bergman', 'birthYear': 1915, 'deathYear': 1982, 'primaryProfession': 'actress,soundtrack,producer', 'knownForTitles': 'tt0038109,tt0038787,tt0034583,tt0036855'}, {'_id': '617082fa2299cb9f2c2717af', 'nconst': 'nm0000007', 'primaryName': 'Humphrey Bogart', 'birthYear': 1899, 'deathYear': 1957, 'primaryProfession': 'actor,soundtrack,producer', 'knownForTitles': 'tt0042593,tt0034583,tt0043265,tt0037382'}, {'_id': '617082fa2299cb9f2c2717b0', 'nconst': 'nm0000008', 'primaryName': 'Marlon Brando', 'birthYear': 1924, 'deathYear': 2004, 'primaryProfession': 'actor,soundtrack,director', 'knownForTitles': 'tt0070849,tt0078788,tt0047296,tt0068646'}, {'_id': '617082fa2299cb9f2c2717b1', 'nconst': 'nm0000009', 'primaryName': 'Richard Burton', 'birthYear': 1925, 'deathYear': 1984, 'primaryProfession': 'actor,soundtrack,producer', 'knownForTitles': 'tt0061184,tt0087803,tt0059749,tt0057877'}, {'_id': '617082fa2299cb9f2c2717b2', 'nconst': 'nm0000010', 'primaryName': 'James Cagney', 'birthYear': 1899, 'deathYear': 1986, 'primaryProfession': 'actor,soundtrack,director', 'knownForTitles': 'tt0035575,tt0029870,tt0042041,tt0031867'}, {'_id': '617082fa2299cb9f2c2717b3', 'nconst': 'nm0000011', 'primaryName': 'Gary Cooper', 'birthYear': 1901, 'deathYear': 1961, 'primaryProfession': 'actor,soundtrack,stunts', 'knownForTitles': 'tt0027996,tt0044706,tt0035896,tt0034167'}, {'_id': '617082fa2299cb9f2c2717b4', 'nconst': 'nm0000012', 'primaryName': 'Bette Davis', 'birthYear': 1908, 'deathYear': 1989, 'primaryProfession': 'actress,soundtrack,make_up_department', 'knownForTitles': 'tt0056687,tt0035140,tt0042192,tt0031210'}, {'_id': '617082fa2299cb9f2c2717b5', 'nconst': 'nm0000004', 'primaryName': 'John Belushi', 'birthYear': 1949, 'deathYear': 1982, 'primaryProfession': 'actor,soundtrack,writer', 'knownForTitles': 'tt0078723,tt0077975,tt0072562,tt0080455'}]}",,https://moviesdatabase.p.rapidapi.com/actors,315779f69850ad2b505a5b5a8db545c263cc319e44120e14c0841fa81d75e2c8
Movies,api_f21e64d2-3fb6-4d55-8aa8-e98734551288,MoviesDatabase,"MoviesDatabase provides complete and updated data for over 9 million titles ( movies, series and episodes) and 11 million actors / crew and cast members",/titles/x/upcoming,https://moviesdatabase.p.rapidapi.com/titles/x/upcoming,[],"{'page': 1, 'next': None, 'entries': 0, 'results': []}",,https://moviesdatabase.p.rapidapi.com/titles/x/upcoming,bcc951bd80bf898e42a3be8024d4df202acb570049f0bc541beb9de8c35ba664
Movies,api_f21e64d2-3fb6-4d55-8aa8-e98734551288,MoviesDatabase,"MoviesDatabase provides complete and updated data for over 9 million titles ( movies, series and episodes) and 11 million actors / crew and cast members",/titles/{id}/ratings,https://moviesdatabase.p.rapidapi.com/titles/{id}/ratings,"[{'name': 'id', 'type': 'STRING', 'description': 'Imdb Id of title ex: tt0000002', 'default': ''}]","{'error': 'Wrong filter query parameter : id', 'stack': '🥞', 'results': None}",,https://moviesdatabase.p.rapidapi.com/titles/{id}/ratings,049bc5ac3fbef2db43d9d231fc04765e3dc0e833cce72b53cef53cfec3cf69e8
Movies,api_f21e64d2-3fb6-4d55-8aa8-e98734551288,MoviesDatabase,"MoviesDatabase provides complete and updated data for over 9 million titles ( movies, series and episodes) and 11 million actors / crew and cast members",/titles/{id}/crew,https://moviesdatabase.p.rapidapi.com/titles/{id}/crew,"[{'name': 'id', 'type': 'STRING', 'description': 'Imdb Id of title ex: tt0000002', 'default': ''}]","{'error': 'Wrong filter query parameter : id', 'stack': '🥞', 'results': None}",,https://moviesdatabase.p.rapidapi.com/titles/{id}/crew,8dbaec278254f64e564f8624a7dffda6308812e4a1d584611c72d03aa5ec7150
Movies,api_f21e64d2-3fb6-4d55-8aa8-e98734551288,MoviesDatabase,"MoviesDatabase provides complete and updated data for over 9 million titles ( movies, series and episodes) and 11 million actors / crew and cast members",/titles/series/{seriesId}/{season},https://moviesdatabase.p.rapidapi.com/titles/series/{seriesId}/{season},"[{'name': 'season', 'type': 'STRING', 'description': 'Season number', 'default': ''}, {'name': 'seriesId', 'type': 'STRING', 'description': 'Series Imdb Id', 'default': ''}]","{'error': 'Wrong filter query parameter : season', 'stack': '🥞', 'results': None}",,https://moviesdatabase.p.rapidapi.com/titles/series/{seriesId}/{season},f2ad35e1daab347cc8980d11f754a6c85a9283877513bc1f26d9b447aff5e80a
Movies,api_f21e64d2-3fb6-4d55-8aa8-e98734551288,MoviesDatabase,"MoviesDatabase provides complete and updated data for over 9 million titles ( movies, series and episodes) and 11 million actors / crew and cast members",/titles/{id}/main_actors,https://moviesdatabase.p.rapidapi.com/titles/{id}/main_actors,"[{'name': 'id', 'type': 'STRING', 'description': 'Imdb Id of title ex: tt0000002', 'default': ''}]","{'error': 'Wrong filter query parameter : id', 'stack': '🥞', 'results': None}",,https://moviesdatabase.p.rapidapi.com/titles/{id}/main_actors,657641d9ba8540393ec50f6c9123f15115bd4dd3a0c15a163d73dddbc1bbe156
Movies,api_f21e64d2-3fb6-4d55-8aa8-e98734551288,MoviesDatabase,"MoviesDatabase provides complete and updated data for over 9 million titles ( movies, series and episodes) and 11 million actors / crew and cast members",/titles/x/titles-by-ids,https://moviesdatabase.p.rapidapi.com/titles/x/titles-by-ids,"[{'name': 'idsList', 'type': 'STRING', 'description': ""Imdb id's comma separated -> tt0001702,tt0001856,tt0001856 ..."", 'default': ''}]","{'error': ""List of id's is required"", 'stack': '🥞', 'results': None}",Titles by ids list,https://moviesdatabase.p.rapidapi.com/titles/x/titles-by-ids,d7357c40f5149a7e308ff9f226b2a8c503adf4b4167e5aee3a0a73ed303cd13b
Movies,api_f21e64d2-3fb6-4d55-8aa8-e98734551288,MoviesDatabase,"MoviesDatabase provides complete and updated data for over 9 million titles ( movies, series and episodes) and 11 million actors / crew and cast members",/titles/{id}/aka,https://moviesdatabase.p.rapidapi.com/titles/{id}/aka,"[{'name': 'id', 'type': 'STRING', 'description': 'Imdb Id of title ex: tt0000002', 'default': ''}]","{'error': 'Wrong filter query parameter : id', 'stack': '🥞', 'results': None}",,https://moviesdatabase.p.rapidapi.com/titles/{id}/aka,1f2753718bfb8270bfbab48106bc6ce49b6091a3634594f454f8981589215872
Movies,api_051be1c6-b448-4ad0-85db-5fa209156eca,Anime DB,"Complete anime data. Ranking, synopsis, genre, search by title. Over 20k data updated everyday",Get All,https://anime-db.p.rapidapi.com/anime,"[{'name': 'page', 'type': 'STRING', 'description': '', 'default': '1'}, {'name': 'size', 'type': 'STRING', 'description': '', 'default': '10'}]","{'data': [{'_id': '9135', 'title': 'Fullmetal Alchemist: The Sacred Star of Milos', 'alternativeTitles': ['Fullmetal Alchemist: Milos no Seinaru Hoshi', 'Fullmetal Alchemist Movie 2', 'Hagane no Renkinjutsushi Movie 2', 'FMA Movie 2', '劇場版 鋼の錬金術師 嘆きの丘(ミロス)の聖なる星', 'Fullmetal Alchemist: The Sacred Star of Milos', 'Fullmetal Alchemist: The sacred Star of Milos', 'Fullmetal Alchemist: La Estrella Sagrada de Milos', ""Fullmetal Alchemist: L'Étoile Sacrée de Milos""], 'ranking': 2720, 'genres': ['Action', 'Adventure', 'Drama', 'Fantasy'], 'episodes': 1, 'hasEpisode': True, 'hasRanking': True, 'image': 'https://cdn.myanimelist.net/images/anime/2/29550.webp', 'link': 'https://myanimelist.net/anime/9135/Fullmetal_Alchemist__The_Sacred_Star_of_Milos', 'status': 'Finished Airing', 'synopsis': ""Chasing a runaway alchemist with strange powers, brothers Edward and Alphonse Elric stumble into the squalid valley of the Milos. The Milosians are an oppressed group that seek to reclaim their holy land from Creta: a militaristic country that forcefully annexed their nation. In the eye of the political storm is a girl named Julia Crichton, who emphatically wishes for the Milos to regain their strength and return to being a nation of peace.\n\nBefriending the girl, Edward and Alphonse find themselves in the midst of a rising resistance that involves the use of the very object they have been seeking all along—the Philosopher's Stone. However, their past experiences with the stone cause them reservation, and the brothers are unwilling to help.\n\nBut as they discover the secrets behind Creta's intentions and questionable history, the brothers are drawn into the battle between the rebellious Milos, who desire their liberty, and the Cretan military, who seek absolute power.\n\n[Written by MAL Rewrite]"", 'thumb': 'https://cdn.myanimelist.net/r/50x70/images/anime/2/29550.webp?s=97851a04f3c1fa19e94e5818e25ee293', 'type': 'Movie'}, {'_id': '5114', 'title': 'Fullmetal Alchemist: Brotherhood', 'alternativeTitles': ['Hagane no Renkinjutsushi: Fullmetal Alchemist', 'Fullmetal Alchemist (2009)', 'FMA', 'FMAB', '鋼の錬金術師 FULLMETAL ALCHEMIST', 'Fullmetal Alchemist: Brotherhood', 'Fullmetal Alchemist Brotherhood'], 'ranking': 1, 'genres': ['Action', 'Adventure', 'Drama', 'Fantasy'], 'episodes': 64, 'hasEpisode': True, 'hasRanking': True, 'image': 'https://cdn.myanimelist.net/images/anime/1208/94745.webp', 'link': 'https://myanimelist.net/anime/5114/Fullmetal_Alchemist__Brotherhood', 'status': 'Finished Airing', 'synopsis': 'After a horrific alchemy experiment goes wrong in the Elric household, brothers Edward and Alphonse are left in a catastrophic new reality. Ignoring the alchemical principle banning human transmutation, the boys attempted to bring their recently deceased mother back to life. Instead, they suffered brutal personal loss: Alphonse\'s body disintegrated while Edward lost a leg and then sacrificed an arm to keep Alphonse\'s soul in the physical realm by binding it to a hulking suit of armor.\n\nThe brothers are rescued by their neighbor Pinako Rockbell and her granddaughter Winry. Known as a bio-mechanical engineering prodigy, Winry creates prosthetic limbs for Edward by utilizing ""automail,"" a tough, versatile metal used in robots and combat armor. After years of training, the Elric brothers set off on a quest to restore their bodies by locating the Philosopher\'s Stone—a powerful gem that allows an alchemist to defy the traditional laws of Equivalent Exchange.\n\nAs Edward becomes an infamous alchemist and gains the nickname ""Fullmetal,"" the boys\' journey embroils them in a growing conspiracy that threatens the fate of the world.\n\n[Written by MAL Rewrite]', 'thumb': 'https://cdn.myanimelist.net/r/50x70/images/anime/1208/94745.webp?s=f286786e3bc43d6dc5b4478a1762224b', 'type': 'TV'}, {'_id': '430', 'title': 'Fullmetal Alchemist: The Conqueror of Shamballa', 'alternativeTitles': ['Gekijyouban Hagane no Renkinjutsushi - Shanbara wo Yuku Mono', 'Fullmetal Alchemist the Movie: Conqueror of Shamballa', 'FMA Movie', '劇場版 鋼の錬金術師 シャンバラを征く者', 'Fullmetal Alchemist: The Movie - Conqueror of Shamballa', 'Fullmetal Alchemist: Der Eroberer von Shamballa', 'Fullmetal Alchemist: El Conquistador de Shamballa', 'Fullmetal Alchemist: Conqueror of shamballa'], 'ranking': 1654, 'genres': ['Comedy', 'Drama', 'Fantasy'], 'episodes': 1, 'hasEpisode': True, 'hasRanking': True, 'image': 'https://cdn.myanimelist.net/images/anime/1707/94039.webp', 'link': 'https://myanimelist.net/anime/430/Fullmetal_Alchemist__The_Conqueror_of_Shamballa', 'status': 'Finished Airing', 'synopsis': ""In desperation, Edward Elric sacrificed his body and soul to rescue his brother Alphonse, and is now displaced in the heart of Munich, Germany. He struggles to adapt to a world completely foreign to him in the wake of the economic crisis that followed the end of World War I. Isolated and unable to return home with his alchemy skills, Edward continues to research other methods of escaping the prison alongside colleagues who bear striking resemblances to many of the people he left behind. As dissent brews among the German citizenry, its neighbors also feel the unrest of the humiliated nation.\n\nMeanwhile, Alphonse continues to investigate Edward's disappearance, delving into the science of alchemy in the hopes of finally reuniting with his older brother. \n\n[Written by MAL Rewrite]"", 'thumb': 'https://cdn.myanimelist.net/r/50x70/images/anime/1707/94039.webp?s=147309ffbb052b9981db50f8a1bcba91', 'type': 'Movie'}, {'_id': '6421', 'title': 'Fullmetal Alchemist: Brotherhood Specials', 'alternativeTitles': ['Moumoku no Renkinjutsushi', 'The Blind Alchemist', 'Shinpuru na Hitobito', 'Simple People', 'The Tale of Teacher', 'Tales of the Master', ""Yet Another Man's Battlefield"", 'FMA', '鋼の錬金術師', 'Fullmetal Alchemist: Brotherhood OVA Collection', 'Fullmetal Alchemist: Brootherhood OVA Collection', 'Fullmetal Alchemist: Brotherhood OAV Collection'], 'ranking': 586, 'genres': ['Drama', 'Fantasy'], 'episodes': 4, 'hasEpisode': True, 'hasRanking': True, 'image': 'https://cdn.myanimelist.net/images/anime/1493/91571.webp', 'link': 'https://myanimelist.net/anime/6421/Fullmetal_Alchemist__Brotherhood_Specials', 'status': 'Finished Airing', 'synopsis': ""Amazing secrets and startling facts are exposed for the first time in the Fullmetal Alchemist: Brotherhood OVA Collection, a new assortment of stories set in never-before-seen corners of the FMA universe. Join Ed and Al as they chase rumors of successful human transmutation into a web of shocking family drama and lies. Sneak a glance at hidden sides of Winry and Hawkeye's personalities. Survive the frigid north with a young Izumi Curtis as she fights to gain a deeper understanding of alchemy. Explore the legendary friendship shared by Mustang and Hughes and watch them grow from military school rivals into hardened brothers transformed by the horrors of the Ishvalan War. You thought you knew the whole story. You thought all the tales were told. The Fullmetal Alchemist: Brotherhood OVA Collection offers proof: You were wrong. \n\n(Source: FUNimation)"", 'thumb': 'https://cdn.myanimelist.net/r/50x70/images/anime/1493/91571.webp?s=5fa73f115aa7ab1be4e26b29a2fae53c', 'type': 'Special'}, {'_id': '121', 'title': 'Fullmetal Alchemist', 'alternativeTitles': ['Hagane no Renkinjutsushi', 'FMA', 'Full Metal Alchemist', '鋼の錬金術師', 'Fullmetal Alchemist'], 'ranking': 452, 'genres': ['Action', 'Adventure', 'Drama', 'Fantasy'], 'episodes': 51, 'hasEpisode': True, 'hasRanking': True, 'image': 'https://cdn.myanimelist.net/images/anime/10/75815.webp', 'link': 'https://myanimelist.net/anime/121/Fullmetal_Alchemist', 'status': 'Finished Airing', 'synopsis': ""Edward Elric, a young, brilliant alchemist, has lost much in his twelve-year life: when he and his brother Alphonse try to resurrect their dead mother through the forbidden act of human transmutation, Edward loses his brother as well as two of his limbs. With his supreme alchemy skills, Edward binds Alphonse's soul to a large suit of armor.\n\nA year later, Edward, now promoted to the fullmetal alchemist of the state, embarks on a journey with his younger brother to obtain the Philosopher's Stone. The fabled mythical object is rumored to be capable of amplifying an alchemist's abilities by leaps and bounds, thus allowing them to override the fundamental law of alchemy: to gain something, an alchemist must sacrifice something of equal value. Edward hopes to draw into the military's resources to find the fabled stone and restore his and Alphonse's bodies to normal. However, the Elric brothers soon discover that there is more to the legendary stone than meets the eye, as they are led to the epicenter of a far darker battle than they could have ever imagined.\n\n[Written by MAL Rewrite]"", 'thumb': 'https://cdn.myanimelist.net/r/50x70/images/anime/10/75815.webp?s=14768f109a5a5f8e87a4ea03d6f00853', 'type': 'TV'}, {'_id': '908', 'title': 'Fullmetal Alchemist: Premium Collection', 'alternativeTitles': ['State Alchemists vs Seven Homunculi', 'Enkai-hen', 'Chibi Party', 'Kodomo-hen', 'Kids', 'FMA', '鋼の錬金術師 PREMIUM COLLECTION', 'Fullmetal Alchemist: Premium OVA Collection'], 'ranking': 2527, 'genres': ['Comedy', 'Fantasy'], 'episodes': 3, 'hasEpisode': True, 'hasRanking': True, 'image': 'https://cdn.myanimelist.net/images/anime/10/18689.webp', 'link': 'https://myanimelist.net/anime/908/Fullmetal_Alchemist__Premium_Collection', 'status': 'Finished Airing', 'synopsis': '1. State Alchemists vs Seven Homunculi\nA 10 minute film featuring: Ed, Al, Mustang and many other members of the State doing battle with the deadly Homonculi in an alternate reality Amestris.\n\n2. Chibi Party (Enkai-hen)\nShort 6 minute Skit drawn in Super Deformed style where every character in the series (including bad guys) are celebrating an ""After Party"" of the Conqueror of Shambala movie.\n\n3. Kids (Kodomo-hen)\nShort 3 minute story which features Edward and his grandkids in present day 2005.\n\n(Source: ANN) ', 'thumb': 'https://cdn.myanimelist.net/r/50x70/images/anime/10/18689.webp?s=4be5d65aa6c6c079f70d7cce08e50df3', 'type': 'OVA'}, {'_id': '7902', 'title': 'Fullmetal Alchemist: Brotherhood - 4-Koma Theater', 'alternativeTitles': ['Hagane no Renkinjutsushi: Hagaren 4-Koma Gekijou', 'Hiromu Arakawa 4-Koma Theater', 'FMA: 4-Koma Theater', '荒川弘 描き下ろし4コマ劇場', 'Fullmetal Alchemist: Brotherhood: 4-Koma Theater'], 'ranking': 1849, 'genres': ['Comedy', 'Fantasy'], 'episodes': 16, 'hasEpisode': True, 'hasRanking': True, 'image': 'https://cdn.myanimelist.net/images/anime/3/76154.webp', 'link': 'https://myanimelist.net/anime/7902/Fullmetal_Alchemist__Brotherhood_-_4-Koma_Theater', 'status': 'Finished Airing', 'synopsis': 'Short specials from the DVDs/BDs.', 'thumb': 'https://cdn.myanimelist.net/r/50x70/images/anime/3/76154.webp?s=40351d6b663c8421c81f4ebff5986a42', 'type': 'Special'}, {'_id': '10842', 'title': 'Fullmetal Alchemist: The Sacred Star of Milos Specials', 'alternativeTitles': ['Hagane no Renkinjutsushi: Milos no Seinaru Hoshi PV', 'FMA Movie 2 PV', '鋼の錬金術師 嘆きの丘[ミロス]の聖なる星 特別動画', 'Fullmetal Alchemist: The Sacred Star of Milos PV'], 'ranking': 4714, 'genres': ['Comedy', 'Fantasy'], 'episodes': 4, 'hasEpisode': True, 'hasRanking': True, 'image': 'https://cdn.myanimelist.net/images/anime/9/29928.webp', 'link': 'https://myanimelist.net/anime/10842/Fullmetal_Alchemist__The_Sacred_Star_of_Milos_Specials', 'status': 'Finished Airing', 'synopsis': 'To mark the July 2 opening of the Fullmetal Alchemist: The Sacred Star of Milos film, the Pia Eiga Seikatsu website posted an exclusive video ""interview"" with the stars of the film, Edward and Alphonse Elric (as voiced by Romi Park and Rie Kugimiya, respectively). In keeping with the spirit of Hiromu Arakawa\'s original manga and the two television anime, the interviewer has trouble early on in figuring out who the ""Fullmetal Alchemist"" is. (The interview has cameos by the other stars of the anime.) Also includes 3 ""Study"" sessions with ""Professor"" Mustang, teaching Winry and Hawkeye about Creta and Milos.', 'thumb': 'https://cdn.myanimelist.net/r/50x70/images/anime/9/29928.webp?s=70cd20332081bbce4bd8c0626e9e2f5b', 'type': 'ONA'}, {'_id': '664', 'title': 'Fullmetal Alchemist: Reflections', 'alternativeTitles': ['Hagane no Renkinjutsushi: Tabi no Hajimari', 'FMA: Reflections', '鋼の錬金術師 旅の始まり'], 'ranking': 2838, 'genres': ['Adventure', 'Comedy', 'Drama', 'Fantasy'], 'episodes': 1, 'hasEpisode': True, 'hasRanking': True, 'image': 'https://cdn.myanimelist.net/images/anime/2/18690.webp', 'link': 'https://myanimelist.net/anime/664/Fullmetal_Alchemist__Reflections', 'status': 'Finished Airing', 'synopsis': 'A reflection on what happened during the FMA TV series.', 'thumb': 'https://cdn.myanimelist.net/r/50x70/images/anime/2/18690.webp?s=1ecbb456287c658c7ee38904207278be', 'type': 'Special'}], 'meta': {'page': 1, 'size': 10, 'totalData': 9, 'totalPage': 1}}","Get List of anime. You can search, sort an specify genre",https://anime-db.p.rapidapi.com/anime,3f8778dc539a81ca252bbbf1a3c5286dc7b6cb7ee13469148ff25c641245c380
Movies,api_051be1c6-b448-4ad0-85db-5fa209156eca,Anime DB,"Complete anime data. Ranking, synopsis, genre, search by title. Over 20k data updated everyday",Get by id,https://anime-db.p.rapidapi.com/anime/by-id/1,"[{'name': 'id', 'type': 'NUMBER', 'description': '', 'default': 1}]","{'_id': '1', 'title': 'Cowboy Bebop', 'alternativeTitles': ['カウボーイビバップ', 'Cowboy Bebop'], 'ranking': 40, 'genres': ['Action', 'Award Winning', 'Sci-Fi'], 'episodes': 26, 'hasEpisode': True, 'hasRanking': True, 'image': 'https://cdn.myanimelist.net/images/anime/4/19644.webp', 'link': 'https://myanimelist.net/anime/1/Cowboy_Bebop', 'status': 'Finished Airing', 'synopsis': ""Crime is timeless. By the year 2071, humanity has expanded across the galaxy, filling the surface of other planets with settlements like those on Earth. These new societies are plagued by murder, drug use, and theft, and intergalactic outlaws are hunted by a growing number of tough bounty hunters.\n\nSpike Spiegel and Jet Black pursue criminals throughout space to make a humble living. Beneath his goofy and aloof demeanor, Spike is haunted by the weight of his violent past. Meanwhile, Jet manages his own troubled memories while taking care of Spike and the Bebop, their ship. The duo is joined by the beautiful con artist Faye Valentine, odd child Edward Wong Hau Pepelu Tivrusky IV, and Ein, a bioengineered Welsh Corgi.\n\nWhile developing bonds and working to catch a colorful cast of criminals, the Bebop crew's lives are disrupted by a menace from Spike's past. As a rival's maniacal plot continues to unravel, Spike must choose between life with his newfound family or revenge for his old wounds.\n\n[Written by MAL Rewrite]\n"", 'thumb': 'https://cdn.myanimelist.net/r/50x70/images/anime/4/19644.webp?s=7701780d5a9b45e3c371a724b05a2422', 'type': 'TV'}","Get anime by its corresponding ID.

ID is got from 'Get All' endpoint",https://anime-db.p.rapidapi.com/anime/by-id/1,7382f9429c286a02d92e646ae387d1f03d1aef4ddc201bea72bdf53e6ce33d43
Movies,api_051be1c6-b448-4ad0-85db-5fa209156eca,Anime DB,"Complete anime data. Ranking, synopsis, genre, search by title. Over 20k data updated everyday",Get Genres,https://anime-db.p.rapidapi.com/genre,[],"[{'_id': 'Award Winning'}, {'_id': 'Action'}, {'_id': 'Suspense'}, {'_id': 'Horror'}, {'_id': 'Ecchi'}, {'_id': 'Avant Garde'}, {'_id': 'Sports'}, {'_id': 'Supernatural'}, {'_id': 'Fantasy'}, {'_id': 'Gourmet'}, {'_id': 'Boys Love'}, {'_id': 'Drama'}, {'_id': 'Comedy'}, {'_id': 'Mystery'}, {'_id': 'Girls Love'}, {'_id': 'Slice of Life'}, {'_id': 'Adventure'}, {'_id': 'Romance'}, {'_id': 'Sci-Fi'}, {'_id': 'Erotica'}, {'_id': 'Hentai'}]",Get Genres,https://anime-db.p.rapidapi.com/genre,6004b5323625d91508db77582b5513ddcd048e2eb420264f8edda73c76ae2b1b
Movies,api_051be1c6-b448-4ad0-85db-5fa209156eca,Anime DB,"Complete anime data. Ranking, synopsis, genre, search by title. Over 20k data updated everyday",Get one anime by ranking,https://anime-db.p.rapidapi.com/anime/by-ranking/1,"[{'name': 'rank', 'type': 'NUMBER', 'description': '', 'default': '1'}]","{'message': 'You have exceeded the rate limit per second for your plan, BASIC, by the API provider'}",Get anime by ranking,https://anime-db.p.rapidapi.com/anime/by-ranking/1,b5dbeb2666963372a8e79300fcf90b8cdfdba8bb7dc400a55d5e7140bf066399
Movies,api_34d9da68-22ba-4ad6-bb58-0b0f125ccdcd,Advanced Movie Search,"Search for movies via advanced queries like genre, name, etc. And get all their details",Genre List,https://advanced-movie-search.p.rapidapi.com/genre/movie/list,[],"{'genres': [{'id': 28, 'name': 'Action'}, {'id': 12, 'name': 'Adventure'}, {'id': 16, 'name': 'Animation'}, {'id': 35, 'name': 'Comedy'}, {'id': 80, 'name': 'Crime'}, {'id': 99, 'name': 'Documentary'}, {'id': 18, 'name': 'Drama'}, {'id': 10751, 'name': 'Family'}, {'id': 14, 'name': 'Fantasy'}, {'id': 36, 'name': 'History'}, {'id': 27, 'name': 'Horror'}, {'id': 10402, 'name': 'Music'}, {'id': 9648, 'name': 'Mystery'}, {'id': 10749, 'name': 'Romance'}, {'id': 878, 'name': 'Science Fiction'}, {'id': 10770, 'name': 'TV Movie'}, {'id': 53, 'name': 'Thriller'}, {'id': 10752, 'name': 'War'}, {'id': 37, 'name': 'Western'}]}",Get list of all available genres,https://advanced-movie-search.p.rapidapi.com/genre/movie/list,05843e17287537ea8cb2819bb3b8451a0d25065da9399fc61c7541a316041810
Movies,api_34d9da68-22ba-4ad6-bb58-0b0f125ccdcd,Advanced Movie Search,"Search for movies via advanced queries like genre, name, etc. And get all their details",Search by Genre,https://advanced-movie-search.p.rapidapi.com/discover/movie,[],"{'page': 1, 'results': [{'adult': False, 'backdrop_path': 'https://image.tmdb.org/t/p/original/2e7fc8eNwLXZ5Uvehvl3xj8wVyv.jpg', 'genre_ids': [28, 80, 53], 'id': 385687, 'original_language': 'en', 'original_title': 'Fast X', 'overview': ""Over many missions and against impossible odds, Dom Toretto and his family have outsmarted, out-nerved and outdriven every foe in their path. Now, they confront the most lethal opponent they've ever faced: A terrifying threat emerging from the shadows of the past who's fueled by blood revenge, and who is determined to shatter this family and destroy everything—and everyone—that Dom loves, forever."", 'popularity': 11557.896, 'poster_path': 'https://image.tmdb.org/t/p/original/fiVW06jE7z9YnO4trhaMEdclSiC.jpg', 'release_date': '2023-05-17', 'title': 'Fast X', 'video': False, 'vote_average': 7.4, 'vote_count': 1540}, {'adult': False, 'backdrop_path': 'https://image.tmdb.org/t/p/original/1inZm0xxXrpRfN0LxwE2TXzyLN6.jpg', 'genre_ids': [28, 53, 80], 'id': 603692, 'original_language': 'en', 'original_title': 'John Wick: Chapter 4', 'overview': 'With the price on his head ever increasing, John Wick uncovers a path to defeating The High Table. But before he can earn his freedom, Wick must face off against a new enemy with powerful alliances across the globe and forces that turn old friends into foes.', 'popularity': 3046.463, 'poster_path': 'https://image.tmdb.org/t/p/original/vZloFAK7NmvMGKE7VkF5UHaz0I.jpg', 'release_date': '2023-03-22', 'title': 'John Wick: Chapter 4', 'video': False, 'vote_average': 7.9, 'vote_count': 2990}, {'adult': False, 'backdrop_path': 'https://image.tmdb.org/t/p/original/r2tDSD6kcHflPzsGepl8aTPTWxy.jpg', 'genre_ids': [28, 35, 80], 'id': 879444, 'original_language': 'en', 'original_title': ""Accident Man: Hitman's Holiday"", 'overview': 'The Accident Man is back, and this time he must best the top assassins in the world to protect the ungrateful son of a mafia boss, save the life of his only friend and rekindle his relationship with his maniacal father figure.', 'popularity': 819.322, 'poster_path': 'https://image.tmdb.org/t/p/original/npW9nfL7F3ZVpaCpabqo98KTLw6.jpg', 'release_date': '2022-10-14', 'title': ""Accident Man: Hitman's Holiday"", 'video': False, 'vote_average': 6.7, 'vote_count': 80}, {'adult': False, 'backdrop_path': 'https://image.tmdb.org/t/p/original/T5xXoFqyc9jNXZIbH4Sw0jwWjw.jpg', 'genre_ids': [28, 80, 53, 9648], 'id': 605886, 'original_language': 'en', 'original_title': 'To Catch a Killer', 'overview': ""Baltimore. New Year's Eve. A talented but troubled police officer is recruited by the FBI's chief investigator to help profile and track down a mass murderer."", 'popularity': 657.471, 'poster_path': 'https://image.tmdb.org/t/p/original/mFp3l4lZg1NSEsyxKrdi0rNK8r1.jpg', 'release_date': '2023-04-06', 'title': 'To Catch a Killer', 'video': False, 'vote_average': 6.9, 'vote_count': 263}, {'adult': False, 'backdrop_path': 'https://image.tmdb.org/t/p/original/9yqRiqGoNFcZlSrVS9Ezvt0wJbm.jpg', 'genre_ids': [28, 80], 'id': 1074178, 'original_language': 'zh', 'original_title': '追龙番外篇之龙争虎斗', 'overview': 'Legendary heroes, lame-rich rises, dragons fight tigers, wealth and danger', 'popularity': 546.492, 'poster_path': 'https://image.tmdb.org/t/p/original/clAzJXKTRXOfmLovb8vyJsixB1H.jpg', 'release_date': '2023-01-14', 'title': 'Extras For Chasing The Dragon', 'video': False, 'vote_average': 3, 'vote_count': 4}, {'adult': False, 'backdrop_path': 'https://image.tmdb.org/t/p/original/rOKBBs0Hn4yu60wDF7xZUH7CVgh.jpg', 'genre_ids': [28, 80, 53], 'id': 1105803, 'original_language': 'en', 'original_title': 'Snag', 'overview': ""An Australian lone wolf's quiet existence is shattered when he learns that the woman he once loved and thought was dead is alive and held captive by ruthless gangsters. Now, to take on this dangerous criminal organization, he must seek out allies and storm into a world of violence to rescue the love of his life in this gritty, modern day violent fairytale."", 'popularity': 462.771, 'poster_path': 'https://image.tmdb.org/t/p/original/nhj4Q39qMSk6X5Ly9j9Yqyjrg5A.jpg', 'release_date': '2023-04-28', 'title': 'Snag', 'video': False, 'vote_average': 5.8, 'vote_count': 33}, {'adult': False, 'backdrop_path': 'https://image.tmdb.org/t/p/original/ahjfjrRiWVK8ErZBd5o4AVs6mp.jpg', 'genre_ids': [28, 53, 80], 'id': 1070777, 'original_language': 'en', 'original_title': 'One Day as a Lion', 'overview': 'Jackie Powers will stop at nothing to prevent his son from following him into a life of crime. With his mob employer in pursuit, a chance encounter at a roadside diner charts a new path.', 'popularity': 491.345, 'poster_path': 'https://image.tmdb.org/t/p/original/cxSKca4dNlk7O7PMiEYT203vlIw.jpg', 'release_date': '2023-04-04', 'title': 'One Day as a Lion', 'video': False, 'vote_average': 5.8, 'vote_count': 23}, {'adult': False, 'backdrop_path': 'https://image.tmdb.org/t/p/original/zPEDfWece7gg1I0904KFFVUq5mg.jpg', 'genre_ids': [53, 28, 80], 'id': 1102776, 'original_language': 'fr', 'original_title': 'AKA', 'overview': ""A steely special ops agent finds his morality put to the test when he infiltrates a crime syndicate and unexpectedly bonds with the boss' young son."", 'popularity': 243.298, 'poster_path': 'https://image.tmdb.org/t/p/original/3BSxAjiporlwQTWzaHZ9Yrl5C9D.jpg', 'release_date': '2023-04-28', 'title': 'AKA', 'video': False, 'vote_average': 7.1, 'vote_count': 364}, {'adult': False, 'backdrop_path': 'https://image.tmdb.org/t/p/original/3ZRSDh5GootTeo2gAdOyUDosCmm.jpg', 'genre_ids': [35, 80], 'id': 638974, 'original_language': 'en', 'original_title': 'Murder Mystery 2', 'overview': 'After starting their own detective agency, Nick and Audrey Spitz land a career-making case when their billionaire pal is kidnapped from his wedding.', 'popularity': 290.277, 'poster_path': 'https://image.tmdb.org/t/p/original/s1VzVhXlqsevi8zeCMG9A16nEUf.jpg', 'release_date': '2023-03-28', 'title': 'Murder Mystery 2', 'video': False, 'vote_average': 6.6, 'vote_count': 1144}, {'adult': False, 'backdrop_path': 'https://image.tmdb.org/t/p/original/8K9UjencUfDVS4nKFmSk4URSoeU.jpg', 'genre_ids': [53, 35, 80], 'id': 804150, 'original_language': 'en', 'original_title': 'Cocaine Bear', 'overview': 'Inspired by a true story, an oddball group of cops, criminals, tourists and teens converge in a Georgia forest where a 500-pound black bear goes on a murderous rampage after unintentionally ingesting cocaine.', 'popularity': 257.498, 'poster_path': 'https://image.tmdb.org/t/p/original/gOnmaxHo0412UVr1QM5Nekv1xPi.jpg', 'release_date': '2023-02-22', 'title': 'Cocaine Bear', 'video': False, 'vote_average': 6.3, 'vote_count': 1169}, {'adult': False, 'backdrop_path': 'https://image.tmdb.org/t/p/original/gGZxCy9keK0D6TxbmS8GJj85Ut4.jpg', 'genre_ids': [80, 35], 'id': 809787, 'original_language': 'en', 'original_title': 'Mafia Mamma', 'overview': 'A suburban American woman inherits her grandfather’s Mafia empire and, guided by the Firm’s trusted consigliere, defies everyone’s expectations, including her own, as the new head of the family business.', 'popularity': 204.764, 'poster_path': 'https://image.tmdb.org/t/p/original/zi0Lrmtvhrz52VXUjwEKlXItF9q.jpg', 'release_date': '2023-04-13', 'title': 'Mafia Mamma', 'video': False, 'vote_average': 6.7, 'vote_count': 61}, {'adult': False, 'backdrop_path': 'https://image.tmdb.org/t/p/original/b0PlSFdDwbyK0cf5RxwDpaOJQvQ.jpg', 'genre_ids': [80, 9648, 53], 'id': 414906, 'original_language': 'en', 'original_title': 'The Batman', 'overview': 'In his second year of fighting crime, Batman uncovers corruption in Gotham City that connects to his own family while facing a serial killer known as the Riddler.', 'popularity': 165.257, 'poster_path': 'https://image.tmdb.org/t/p/original/74xTEgt7R36Fpooo50r9T25onhq.jpg', 'release_date': '2022-03-01', 'title': 'The Batman', 'video': False, 'vote_average': 7.7, 'vote_count': 8072}, {'adult': False, 'backdrop_path': 'https://image.tmdb.org/t/p/original/r17jFHAemzcWPPtoO0UxjIX0xas.jpg', 'genre_ids': [28, 53, 80], 'id': 324552, 'original_language': 'en', 'original_title': 'John Wick: Chapter 2', 'overview': 'John Wick is forced out of retirement by a former associate looking to seize control of a shadowy international assassins’ guild. Bound by a blood oath to aid him, Wick travels to Rome and does battle against some of the world’s most dangerous killers.', 'popularity': 129.534, 'poster_path': 'https://image.tmdb.org/t/p/original/hXWBc0ioZP3cN4zCu6SN3YHXZVO.jpg', 'release_date': '2017-02-08', 'title': 'John Wick: Chapter 2', 'video': False, 'vote_average': 7.3, 'vote_count': 11654}, {'adult': False, 'backdrop_path': 'https://image.tmdb.org/t/p/original/vVpEOvdxVBP2aV166j5Xlvb5Cdc.jpg', 'genre_ids': [28, 53, 80], 'id': 458156, 'original_language': 'en', 'original_title': 'John Wick: Chapter 3 - Parabellum', 'overview': 'Super-assassin John Wick returns with a $14 million price tag on his head and an army of bounty-hunting killers on his trail. After killing a member of the shadowy international assassin’s guild, the High Table, John Wick is excommunicado, but the world’s most ruthless hit men and women await his every turn.', 'popularity': 125.582, 'poster_path': 'https://image.tmdb.org/t/p/original/ziEuG1essDuWuC5lpWUaw1uXY2O.jpg', 'release_date': '2019-05-15', 'title': 'John Wick: Chapter 3 - Parabellum', 'video': False, 'vote_average': 7.4, 'vote_count': 9354}, {'adult': False, 'backdrop_path': 'https://image.tmdb.org/t/p/original/Aqldsq65Nj1KAkQD2MzkZsAk5N5.jpg', 'genre_ids': [28, 80, 18, 53], 'id': 846433, 'original_language': 'en', 'original_title': 'The Enforcer', 'overview': 'A noir thriller set in Miami, the film follows an enforcer who discovers his femme fatale boss has branched out into cyber sex trafficking, putting a young runaway he’s befriended at risk. He sacrifices everything to save the young girl from the deadly organization he’s spent his life building.', 'popularity': 115.879, 'poster_path': 'https://image.tmdb.org/t/p/original/pXC8JJbfnRWtbD8i2yKFqqWEO4X.jpg', 'release_date': '2022-09-22', 'title': 'The Enforcer', 'video': False, 'vote_average': 7.3, 'vote_count': 311}, {'adult': False, 'backdrop_path': 'https://image.tmdb.org/t/p/original/a4I481szRmycyreQTLrRe4f4YJe.jpg', 'genre_ids': [80], 'id': 842544, 'original_language': 'en', 'original_title': 'Transfusion', 'overview': 'Ryan Logan, a former Special Forces operative, is battling to cope with life after the loss of his wife.  He is thrusted into the criminal underworld to keep his only son from being taken from him.', 'popularity': 124.242, 'poster_path': 'https://image.tmdb.org/t/p/original/bxh5xCCW9Ynfg6EZJWUkc1zqTnr.jpg', 'release_date': '2023-01-05', 'title': 'Transfusion', 'video': False, 'vote_average': 6.2, 'vote_count': 177}, {'adult': False, 'backdrop_path': 'https://image.tmdb.org/t/p/original/kmzppWh7ljL6K9fXW72bPN3gKwu.jpg', 'genre_ids': [28, 35, 14, 80], 'id': 1013860, 'original_language': 'en', 'original_title': 'R.I.P.D. 2: Rise of the Damned', 'overview': 'When Sheriff Roy Pulsipher finds himself in the afterlife, he joins a special police force and returns to Earth to save humanity from the undead.', 'popularity': 123.859, 'poster_path': 'https://image.tmdb.org/t/p/original/g4yJTzMtOBUTAR2Qnmj8TYIcFVq.jpg', 'release_date': '2022-11-15', 'title': 'R.I.P.D. 2: Rise of the Damned', 'video': False, 'vote_average': 6.5, 'vote_count': 485}, {'adult': False, 'backdrop_path': 'https://image.tmdb.org/t/p/original/rPSJAElGxOTko1zK6uIlYnTMFxN.jpg', 'genre_ids': [80], 'id': 1104040, 'original_language': 'en', 'original_title': 'Gangs of Lagos', 'overview': 'A group of friends who each have to navigate their own destiny, growing up on the bustling streets and neighborhood of Isale Eko, Lagos.', 'popularity': 105.771, 'poster_path': 'https://image.tmdb.org/t/p/original/nGwFsB6EXUCr21wzPgtP5juZPSv.jpg', 'release_date': '2023-04-07', 'title': 'Gangs of Lagos', 'video': False, 'vote_average': 6.3, 'vote_count': 41}, {'adult': False, 'backdrop_path': 'https://image.tmdb.org/t/p/original/xXHZeb1yhJvnSHPzZDqee0zfMb6.jpg', 'genre_ids': [28, 12, 80], 'id': 385128, 'original_language': 'en', 'original_title': 'F9', 'overview': ""Dominic Toretto and his crew battle the most skilled assassin and high-performance driver they've ever encountered: his forsaken brother."", 'popularity': 124.008, 'poster_path': 'https://image.tmdb.org/t/p/original/bOFaAXmWWXC3Rbv4u4uM9ZSzRXP.jpg', 'release_date': '2021-05-19', 'title': 'F9', 'video': False, 'vote_average': 7.2, 'vote_count': 6435}, {'adult': False, 'backdrop_path': 'https://image.tmdb.org/t/p/original/tYcmm8XtzRdcT6kliCbHuWwLCwB.jpg', 'genre_ids': [28, 80, 53], 'id': 849869, 'original_language': 'ko', 'original_title': '길복순', 'overview': ""At work, she's a renowned assassin. At home, she's a single mom to a teenage daughter. Killing? That's easy. It's parenting that's the hard part."", 'popularity': 99.787, 'poster_path': 'https://image.tmdb.org/t/p/original/taYgn3RRpCGlTGdaGQvnSIOzXFy.jpg', 'release_date': '2023-02-17', 'title': 'Kill Boksoon', 'video': False, 'vote_average': 7, 'vote_count': 273}], 'total_pages': 1445, 'total_results': 28896}",Discover movies by Genre,https://advanced-movie-search.p.rapidapi.com/discover/movie,29dfaeb4e52690e574b8c62a8387d331524712833a24153c19a852f1fe26738a
Movies,api_34d9da68-22ba-4ad6-bb58-0b0f125ccdcd,Advanced Movie Search,"Search for movies via advanced queries like genre, name, etc. And get all their details",Search by Name,https://advanced-movie-search.p.rapidapi.com/search/movie,"[{'name': 'query', 'type': 'STRING', 'description': '', 'default': 'kong'}]","{'message': 'You have exceeded the rate limit per second for your plan, BASIC, by the API provider'}",Search a movie by query string,https://advanced-movie-search.p.rapidapi.com/search/movie,fcc70959abedb57d9165d4e3f30a3f3e484a685733e4e3a54ce4d14721417f47
Movies,api_34d9da68-22ba-4ad6-bb58-0b0f125ccdcd,Advanced Movie Search,"Search for movies via advanced queries like genre, name, etc. And get all their details",Get Detailed Response,https://advanced-movie-search.p.rapidapi.com/movies/getdetails,"[{'name': 'movie_id', 'type': 'NUMBER', 'description': '', 'default': '399566'}]","{'adult': False, 'backdrop_path': 'https://image.tmdb.org/t/p/original/inJjDhCjfhh3RtrJWBmmDqeuSYC.jpg', 'belongs_to_collection': {'id': 535313, 'name': 'Godzilla Collection', 'poster_path': 'https://image.tmdb.org/t/p/original/inNN466SKHNjbGmpfhfsaPQNleS.jpg', 'backdrop_path': 'https://image.tmdb.org/t/p/original/oboBn4VYB79uDxnyIri0Nt3U3N2.jpg'}, 'budget': 200000000, 'genres': [{'id': 28, 'name': 'Action'}, {'id': 14, 'name': 'Fantasy'}, {'id': 878, 'name': 'Science Fiction'}], 'homepage': 'https://www.warnerbros.com/movies/godzilla-vs-kong', 'id': 399566, 'imdb_id': 'tt5034838', 'original_language': 'en', 'original_title': 'Godzilla vs. Kong', 'overview': 'In a time when monsters walk the Earth, humanity’s fight for its future sets Godzilla and Kong on a collision course that will see the two most powerful forces of nature on the planet collide in a spectacular battle for the ages.', 'popularity': 84.541, 'poster_path': 'https://image.tmdb.org/t/p/original/pgqgaUx1cJb5oZQQ5v0tNARCeBp.jpg', 'production_companies': [{'id': 923, 'logo_path': 'https://image.tmdb.org/t/p/original/5UQsZrfbfG2dYJbx8DxfoTr2Bvu.png', 'name': 'Legendary Pictures', 'origin_country': 'US'}], 'production_countries': [{'iso_3166_1': 'US', 'name': 'United States of America'}], 'release_date': '2021-03-24', 'revenue': 470116094, 'runtime': 114, 'spoken_languages': [{'english_name': 'English', 'iso_639_1': 'en', 'name': 'English'}], 'status': 'Released', 'tagline': 'One Will Fall', 'title': 'Godzilla vs. Kong', 'video': False, 'vote_average': 7.678, 'vote_count': 8884}",Get detailed response for a movie ID,https://advanced-movie-search.p.rapidapi.com/movies/getdetails,b49716314b40bd81f8474858318cd562b8238311420d567333600a4ab9dd1435
Music,api_b7cf9aca-e647-4ec1-b11e-ff4fbfc33d67,Spotify,"Spotify Data API for Millions of songs & podcasts, artists, albums, playlists and more.",Genre View,https://spotify23.p.rapidapi.com/genre_view/,"[{'name': 'id', 'type': 'STRING', 'description': 'Genre ID', 'default': '0JQ5DAqbMKFEC4WFtoNRpw'}]","{'content': {'items': [{'content': {'items': [], 'limit': 10, 'next': None, 'offset': 0, 'previous': None, 'total': 0}, 'custom_fields': [], 'external_urls': None, 'id': 'section0JQ5DAqZH9ZZx2p0HZnp6H', 'images': [{'height': 422, 'name': 'background', 'url': 'https://i.scdn.co/image/ab6728880000dcf3ebf5982131aaedfb6da426c6', 'width': 750}, {'height': 840, 'name': 'background', 'url': 'https://i.scdn.co/image/ab6728880000e31eebf5982131aaedfb6da426c6', 'width': 1494}, {'height': 1496, 'name': 'background', 'url': 'https://i.scdn.co/image/ab6728880000f94debf5982131aaedfb6da426c6', 'width': 2660}], 'name': 'Pop', 'rendering': 'HEADER', 'tag_line': None, 'type': 'view'}, {'content': {'items': [{'collaborative': False, 'description': 'Doja Cat on top of the Hottest 50!', 'external_urls': {'spotify': 'https://open.spotify.com/playlist/37i9dQZF1DXcBWIGoYBM5M'}, 'id': '37i9dQZF1DXcBWIGoYBM5M', 'images': [{'height': None, 'url': 'https://i.scdn.co/image/ab67706f000000024a7b7b828b33d4ba83a63a27', 'width': None}], 'name': ""Today's Top Hits "", 'owner': {'display_name': 'Spotify', 'external_urls': {'spotify': 'https://open.spotify.com/user/spotify'}, 'id': 'spotify', 'type': 'user', 'uri': 'spotify:user:spotify'}, 'primary_color': None, 'public': None, 'snapshot_id': 'MTY4Njg4ODAwMCwwMDAwMDAwMGQ0M2IyZWMzZTFmOGZlNjE4MGM2OGVjMmZjNTJlOWRh', 'tracks': {'total': 50}, 'type': 'playlist', 'uri': 'spotify:playlist:37i9dQZF1DXcBWIGoYBM5M'}, {'collaborative': False, 'description': 'The hottest tracks in the United States. Cover: Kali', 'external_urls': {'spotify': 'https://open.spotify.com/playlist/37i9dQZF1DX0kbJZpiYdZl'}, 'id': '37i9dQZF1DX0kbJZpiYdZl', 'images': [{'height': None, 'url': 'https://i.scdn.co/image/ab67706f000000024d8390835fd408f6f13f7227', 'width': None}], 'name': 'Hot Hits USA', 'owner': {'display_name': 'Spotify', 'external_urls': {'spotify': 'https://open.spotify.com/user/spotify'}, 'id': 'spotify', 'type': 'user', 'uri': 'spotify:user:spotify'}, 'primary_color': None, 'public': None, 'snapshot_id': 'MTY4Njg4ODAwMCwwMDAwMDAwMDBmMjRkMzIzMzJlZGE4ODI3OWQyN2VkOTcxZTYzOTQ3', 'tracks': {'total': 50}, 'type': 'playlist', 'uri': 'spotify:playlist:37i9dQZF1DX0kbJZpiYdZl'}, {'collaborative': False, 'description': ""we've made it through the winter! cover: Reneé Rapp"", 'external_urls': {'spotify': 'https://open.spotify.com/playlist/37i9dQZF1DWWvvyNmW9V9a'}, 'id': '37i9dQZF1DWWvvyNmW9V9a', 'images': [{'height': None, 'url': 'https://i.scdn.co/image/ab67706f00000002ab6637105b0c273b24596ddb', 'width': None}], 'name': 'teen beats', 'owner': {'display_name': 'Spotify', 'external_urls': {'spotify': 'https://open.spotify.com/user/spotify'}, 'id': 'spotify', 'type': 'user', 'uri': 'spotify:user:spotify'}, 'primary_color': None, 'public': None, 'snapshot_id': 'MTY4NjkyMDc0OSwwMDAwMDAwMGEyNWZlNTUyZDZhMGEwNzhkN2NkNzI0OTY0YWYzMzli', 'tracks': {'total': 104}, 'type': 'playlist', 'uri': 'spotify:playlist:37i9dQZF1DWWvvyNmW9V9a'}, {'collaborative': False, 'description': 'Recent hits and new songs from your fave artists. Cover: Noah Kahan', 'external_urls': {'spotify': 'https://open.spotify.com/playlist/37i9dQZF1DX0b1hHYQtJjp'}, 'id': '37i9dQZF1DX0b1hHYQtJjp', 'images': [{'height': None, 'url': 'https://i.scdn.co/image/ab67706f00000002208eb408e387c8e8dfcd5e18', 'width': None}], 'name': 'Just Good Music', 'owner': {'display_name': 'Spotify', 'external_urls': {'spotify': 'https://open.spotify.com/user/spotify'}, 'id': 'spotify', 'type': 'user', 'uri': 'spotify:user:spotify'}, 'primary_color': None, 'public': None, 'snapshot_id': 'MTY4Njg4ODMwNCwwMDAwMDAwMGUwZGM2MjE2N2E1ZjQyYTJmNTY1ZGUwYmNhMWYwZDgz', 'tracks': {'total': 65}, 'type': 'playlist', 'uri': 'spotify:playlist:37i9dQZF1DX0b1hHYQtJjp'}, {'collaborative': False, 'description': ""Who's now and next in pop. Cover: Dominic Fike"", 'external_urls': {'spotify': 'https://open.spotify.com/playlist/37i9dQZF1DWUa8ZRTfalHk'}, 'id': '37i9dQZF1DWUa8ZRTfalHk', 'images': [{'height': None, 'url': 'https://i.scdn.co/image/ab67706f000000020c4745b5e32d982849a37252', 'width': None}], 'name': 'Pop Rising', 'owner': {'display_name': 'Spotify', 'external_urls': {'spotify': 'https://open.spotify.com/user/spotify'}, 'id': 'spotify', 'type': 'user', 'uri': 'spotify:user:spotify'}, 'primary_color': None, 'public': None, 'snapshot_id': 'MTY4Njg4ODAwMCwwMDAwMDAwMDhhNzY0OTAxNjQ0NWQxYmVkOGViNjRjZjRjMTdmYzZj', 'tracks': {'total': 85}, 'type': 'playlist', 'uri': 'spotify:playlist:37i9dQZF1DWUa8ZRTfalHk'}, {'collaborative': False, 'description': 'Warm familiar pop you know and love. Cover: Lady Gaga', 'external_urls': {'spotify': 'https://open.spotify.com/playlist/37i9dQZF1DWTwnEm1IYyoj'}, 'id': '37i9dQZF1DWTwnEm1IYyoj', 'images': [{'height': None, 'url': 'https://i.scdn.co/image/ab67706f00000002163207c8107a08d4a480493e', 'width': None}], 'name': 'Soft Pop Hits', 'owner': {'display_name': 'Spotify', 'external_urls': {'spotify': 'https://open.spotify.com/user/spotify'}, 'id': 'spotify', 'type': 'user', 'uri': 'spotify:user:spotify'}, 'primary_color': None, 'public': None, 'snapshot_id': 'MTY4NjkyMDMyNSwwMDAwMDAwMDQ2YmZmNWVkMTgyY2MxZDg4YWM5ODJlNGU4NWFjZmZk', 'tracks': {'total': 100}, 'type': 'playlist', 'uri': 'spotify:playlist:37i9dQZF1DWTwnEm1IYyoj'}, {'collaborative': False, 'description': 'Somehow heartbreak feels good in a place like this. Cover: Rowan Drake', 'external_urls': {'spotify': 'https://open.spotify.com/playlist/37i9dQZF1DWSqBruwoIXkA'}, 'id': '37i9dQZF1DWSqBruwoIXkA', 'images': [{'height': None, 'url': 'https://i.scdn.co/image/ab67706f000000025635de38f0871159835012eb', 'width': None}], 'name': 'sad hour', 'owner': {'display_name': 'Spotify', 'external_urls': {'spotify': 'https://open.spotify.com/user/spotify'}, 'id': 'spotify', 'type': 'user', 'uri': 'spotify:user:spotify'}, 'primary_color': None, 'public': None, 'snapshot_id': 'MTY4Njg4ODAwMCwwMDAwMDAwMGE4NjgxZDAxMWM0YWNlZGU0ZWI2NmY0YzNmMDFiNWZk', 'tracks': {'total': 150}, 'type': 'playlist', 'uri': 'spotify:playlist:37i9dQZF1DWSqBruwoIXkA'}, {'collaborative': False, 'description': 'Pop music driving the current, every week.  Cover: Billy Porter', 'external_urls': {'spotify': 'https://open.spotify.com/playlist/37i9dQZF1DX1UnoGuyf388'}, 'id': '37i9dQZF1DX1UnoGuyf388', 'images': [{'height': None, 'url': 'https://i.scdn.co/image/ab67706f000000026ee0f2f073fa20c246add5a2', 'width': None}], 'name': 'Pop Frequency', 'owner': {'display_name': 'Spotify', 'external_urls': {'spotify': 'https://open.spotify.com/user/spotify'}, 'id': 'spotify', 'type': 'user', 'uri': 'spotify:user:spotify'}, 'primary_color': None, 'public': None, 'snapshot_id': 'MTY4NjkyMTQyNSwwMDAwMDAwMDA1MGFjODJkMzliNWRiYTg2ZmNlODhhYjRlNWFiNDNi', 'tracks': {'total': 65}, 'type': 'playlist', 'uri': 'spotify:playlist:37i9dQZF1DX1UnoGuyf388'}, {'collaborative': False, 'description': ""livin' life in your 250 sq ft apt cover: Chappell Roan"", 'external_urls': {'spotify': 'https://open.spotify.com/playlist/37i9dQZF1DXca8AyWK6Y7g'}, 'id': '37i9dQZF1DXca8AyWK6Y7g', 'images': [{'height': None, 'url': 'https://i.scdn.co/image/ab67706f0000000216b89c88e6a8bde6e78b446b', 'width': None}], 'name': 'young & free', 'owner': {'display_name': 'Spotify', 'external_urls': {'spotify': 'https://open.spotify.com/user/spotify'}, 'id': 'spotify', 'type': 'user', 'uri': 'spotify:user:spotify'}, 'primary_color': None, 'public': None, 'snapshot_id': 'MTY4Njg4ODAwMCwwMDAwMDAwMGYyNTdmZGVhMjVkYTc4MGRlZDg0M2M2MjhhMjZhMTA1', 'tracks': {'total': 150}, 'type': 'playlist', 'uri': 'spotify:playlist:37i9dQZF1DXca8AyWK6Y7g'}, {'collaborative': False, 'description': 'A mix of the biggest pop, dance, and hip hop party songs. Cover: J Hus & Drake', 'external_urls': {'spotify': 'https://open.spotify.com/playlist/37i9dQZF1DXa2PvUpywmrr'}, 'id': '37i9dQZF1DXa2PvUpywmrr', 'images': [{'height': None, 'url': 'https://i.scdn.co/image/ab67706f0000000239a97bac627f0adc8574ec61', 'width': None}], 'name': 'Party Hits', 'owner': {'display_name': 'Spotify', 'external_urls': {'spotify': 'https://open.spotify.com/user/spotify'}, 'id': 'spotify', 'type': 'user', 'uri': 'spotify:user:spotify'}, 'primary_color': None, 'public': None, 'snapshot_id': 'MTY4Njg5MjYyMCwwMDAwMDAwMGQwODUwMjI3Y2Y2Y2M1N2Q2YjQwMDhjMDgwZThmZGQx', 'tracks': {'total': 90}, 'type': 'playlist', 'uri': 'spotify:playlist:37i9dQZF1DXa2PvUpywmrr'}], 'limit': 10, 'next': True, 'offset': 0, 'previous': None, 'total': 35}, 'custom_fields': [], 'external_urls': None, 'id': 'section0JQ5IMCbQBLx2bk4MeMEPd', 'images': [], 'name': 'Popular Pop Playlists', 'rendering': 'LIST', 'tag_line': None, 'type': 'view'}, {'content': {'items': [{'collaborative': False, 'description': 'New music from Black artists across the globe in celebration of Juneteenth. Cover: Asake', 'external_urls': {'spotify': 'https://open.spotify.com/playlist/37i9dQZF1DX4JAvHpjipBk'}, 'id': '37i9dQZF1DX4JAvHpjipBk', 'images': [{'height': None, 'url': 'https://i.scdn.co/image/ab67706f00000002325034d7872254be5b6a52a1', 'width': None}], 'name': 'New Music Friday', 'owner': {'display_name': 'Spotify', 'external_urls': {'spotify': 'https://open.spotify.com/user/spotify'}, 'id': 'spotify', 'type': 'user', 'uri': 'spotify:user:spotify'}, 'primary_color': None, 'public': None, 'snapshot_id': 'MTY4Njg5MjE5MiwwMDAwMDAwMDMwMmE0Nzc5ZGVlN2NmZjBjMDhlY2RiNjQ2ZTY1NmVj', 'tracks': {'total': 100}, 'type': 'playlist', 'uri': 'spotify:playlist:37i9dQZF1DX4JAvHpjipBk'}, {'collaborative': False, 'description': ""This week's essential new pop tracks. Cover: Gracie Abrams"", 'external_urls': {'spotify': 'https://open.spotify.com/playlist/37i9dQZF1DX11otjJ7crqp'}, 'id': '37i9dQZF1DX11otjJ7crqp', 'images': [{'height': None, 'url': 'https://i.scdn.co/image/ab67706f00000002b78160be7d371ef573663f32', 'width': None}], 'name': 'New Pop Picks', 'owner': {'display_name': 'Spotify', 'external_urls': {'spotify': 'https://open.spotify.com/user/spotify'}, 'id': 'spotify', 'type': 'user', 'uri': 'spotify:user:spotify'}, 'primary_color': None, 'public': None, 'snapshot_id': 'MTY4Njg4ODAwMCwwMDAwMDAwMGM5NDY0ZjEwMzRiNjBkNGU5YzI5MWMxNzg1NTEwNTc0', 'tracks': {'total': 100}, 'type': 'playlist', 'uri': 'spotify:playlist:37i9dQZF1DX11otjJ7crqp'}, {'album_type': 'album', 'artists': [{'external_urls': {'spotify': 'https://open.spotify.com/artist/06HL4z0CvFAxyc27GXpf02'}, 'id': '06HL4z0CvFAxyc27GXpf02', 'name': 'Taylor Swift', 'type': 'artist', 'uri': 'spotify:artist:06HL4z0CvFAxyc27GXpf02'}], 'external_urls': {'spotify': 'https://open.spotify.com/album/1fnJ7k0bllNfL1kVdNVW1A'}, 'id': '1fnJ7k0bllNfL1kVdNVW1A', 'images': [{'height': 640, 'url': 'https://i.scdn.co/image/ab67616d0000b273fa747621a53c8e2cc436dee0', 'width': 640}, {'height': 300, 'url': 'https://i.scdn.co/image/ab67616d00001e02fa747621a53c8e2cc436dee0', 'width': 300}, {'height': 64, 'url': 'https://i.scdn.co/image/ab67616d00004851fa747621a53c8e2cc436dee0', 'width': 64}], 'is_playable': True, 'name': 'Midnights (The Til Dawn Edition)', 'release_date': '2023-05-26', 'release_date_precision': 'day', 'total_tracks': 23, 'type': 'album', 'uri': 'spotify:album:1fnJ7k0bllNfL1kVdNVW1A'}, {'album_type': 'album', 'artists': [{'external_urls': {'spotify': 'https://open.spotify.com/artist/4GNC7GD6oZMSxPGyXy4MNB'}, 'id': '4GNC7GD6oZMSxPGyXy4MNB', 'name': 'Lewis Capaldi', 'type': 'artist', 'uri': 'spotify:artist:4GNC7GD6oZMSxPGyXy4MNB'}], 'external_urls': {'spotify': 'https://open.spotify.com/album/0ECSyPejfD7oL95dD3jgoi'}, 'id': '0ECSyPejfD7oL95dD3jgoi', 'images': [{'height': 640, 'url': 'https://i.scdn.co/image/ab67616d0000b2737cdf9838412bb52df6e9a952', 'width': 640}, {'height': 300, 'url': 'https://i.scdn.co/image/ab67616d00001e027cdf9838412bb52df6e9a952', 'width': 300}, {'height': 64, 'url': 'https://i.scdn.co/image/ab67616d000048517cdf9838412bb52df6e9a952', 'width': 64}], 'is_playable': True, 'name': 'Broken By Desire To Be Heavenly Sent', 'release_date': '2023-05-19', 'release_date_precision': 'day', 'total_tracks': 12, 'type': 'album', 'uri': 'spotify:album:0ECSyPejfD7oL95dD3jgoi'}, {'album_type': 'album', 'artists': [{'external_urls': {'spotify': 'https://open.spotify.com/artist/6eUKZXaKkcviH0Ku9w2n3V'}, 'id': '6eUKZXaKkcviH0Ku9w2n3V', 'name': 'Ed Sheeran', 'type': 'artist', 'uri': 'spotify:artist:6eUKZXaKkcviH0Ku9w2n3V'}], 'external_urls': {'spotify': 'https://open.spotify.com/album/2WFFcvzM0CgLaSq4MSkyZk'}, 'id': '2WFFcvzM0CgLaSq4MSkyZk', 'images': [{'height': 640, 'url': 'https://i.scdn.co/image/ab67616d0000b273a0aea3805ed6a87aa394c796', 'width': 640}, {'height': 300, 'url': 'https://i.scdn.co/image/ab67616d00001e02a0aea3805ed6a87aa394c796', 'width': 300}, {'height': 64, 'url': 'https://i.scdn.co/image/ab67616d00004851a0aea3805ed6a87aa394c796', 'width': 64}], 'is_playable': True, 'name': '- (Deluxe)', 'release_date': '2023-05-05', 'release_date_precision': 'day', 'total_tracks': 18, 'type': 'album', 'uri': 'spotify:album:2WFFcvzM0CgLaSq4MSkyZk'}, {'album_type': 'album', 'artists': [{'external_urls': {'spotify': 'https://open.spotify.com/artist/2feDdbD5araYcm6JhFHHw7'}, 'id': '2feDdbD5araYcm6JhFHHw7', 'name': 'Labrinth', 'type': 'artist', 'uri': 'spotify:artist:2feDdbD5araYcm6JhFHHw7'}], 'external_urls': {'spotify': 'https://open.spotify.com/album/5kGUy2eONqGocT26fvKo9v'}, 'id': '5kGUy2eONqGocT26fvKo9v', 'images': [{'height': 640, 'url': 'https://i.scdn.co/image/ab67616d0000b2731df535f5089e544a3cc86069', 'width': 640}, {'height': 300, 'url': 'https://i.scdn.co/image/ab67616d00001e021df535f5089e544a3cc86069', 'width': 300}, {'height': 64, 'url': 'https://i.scdn.co/image/ab67616d000048511df535f5089e544a3cc86069', 'width': 64}], 'is_playable': True, 'name': 'Ends & Begins', 'release_date': '2023-04-28', 'release_date_precision': 'day', 'total_tracks': 10, 'type': 'album', 'uri': 'spotify:album:5kGUy2eONqGocT26fvKo9v'}, {'album_type': 'album', 'artists': [{'external_urls': {'spotify': 'https://open.spotify.com/artist/64M6ah0SkkRsnPGtGiRAbb'}, 'id': '64M6ah0SkkRsnPGtGiRAbb', 'name': 'Bebe Rexha', 'type': 'artist', 'uri': 'spotify:artist:64M6ah0SkkRsnPGtGiRAbb'}], 'external_urls': {'spotify': 'https://open.spotify.com/album/0FWLTTcCKsd3b1PiW9GTEN'}, 'id': '0FWLTTcCKsd3b1PiW9GTEN', 'images': [{'height': 640, 'url': 'https://i.scdn.co/image/ab67616d0000b2735f559f85414c439427edcc68', 'width': 640}, {'height': 300, 'url': 'https://i.scdn.co/image/ab67616d00001e025f559f85414c439427edcc68', 'width': 300}, {'height': 64, 'url': 'https://i.scdn.co/image/ab67616d000048515f559f85414c439427edcc68', 'width': 64}], 'is_playable': True, 'name': 'Bebe', 'release_date': '2023-04-28', 'release_date_precision': 'day', 'total_tracks': 12, 'type': 'album', 'uri': 'spotify:album:0FWLTTcCKsd3b1PiW9GTEN'}, {'album_type': 'album', 'artists': [{'external_urls': {'spotify': 'https://open.spotify.com/artist/5Mq7iqCWBzofK39FBqblNc'}, 'id': '5Mq7iqCWBzofK39FBqblNc', 'name': 'Jessie Ware', 'type': 'artist', 'uri': 'spotify:artist:5Mq7iqCWBzofK39FBqblNc'}], 'external_urls': {'spotify': 'https://open.spotify.com/album/17g3sAeWfpHSJlqMHuRAr6'}, 'id': '17g3sAeWfpHSJlqMHuRAr6', 'images': [{'height': 640, 'url': 'https://i.scdn.co/image/ab67616d0000b273f3a0088f5fc645693815c8ef', 'width': 640}, {'height': 300, 'url': 'https://i.scdn.co/image/ab67616d00001e02f3a0088f5fc645693815c8ef', 'width': 300}, {'height': 64, 'url': 'https://i.scdn.co/image/ab67616d00004851f3a0088f5fc645693815c8ef', 'width': 64}], 'is_playable': True, 'name': 'That! Feels Good!', 'release_date': '2023-04-28', 'release_date_precision': 'day', 'total_tracks': 10, 'type': 'album', 'uri': 'spotify:album:17g3sAeWfpHSJlqMHuRAr6'}, {'album_type': 'album', 'artists': [{'external_urls': {'spotify': 'https://open.spotify.com/artist/0X2BH1fck6amBIoJhDVmmJ'}, 'id': '0X2BH1fck6amBIoJhDVmmJ', 'name': 'Ellie Goulding', 'type': 'artist', 'uri': 'spotify:artist:0X2BH1fck6amBIoJhDVmmJ'}], 'external_urls': {'spotify': 'https://open.spotify.com/album/6FL3GfTcb8cf4xwMJlcynq'}, 'id': '6FL3GfTcb8cf4xwMJlcynq', 'images': [{'height': 640, 'url': 'https://i.scdn.co/image/ab67616d0000b2737b9e39fd9d0bf688a50d5d90', 'width': 640}, {'height': 300, 'url': 'https://i.scdn.co/image/ab67616d00001e027b9e39fd9d0bf688a50d5d90', 'width': 300}, {'height': 64, 'url': 'https://i.scdn.co/image/ab67616d000048517b9e39fd9d0bf688a50d5d90', 'width': 64}], 'is_playable': True, 'name': 'Higher Than Heaven (Deluxe)', 'release_date': '2023-04-07', 'release_date_precision': 'day', 'total_tracks': 16, 'type': 'album', 'uri': 'spotify:album:6FL3GfTcb8cf4xwMJlcynq'}, {'album_type': 'album', 'artists': [{'external_urls': {'spotify': 'https://open.spotify.com/artist/63yrD80RY3RNEM2YDpUpO8'}, 'id': '63yrD80RY3RNEM2YDpUpO8', 'name': 'Melanie Martinez', 'type': 'artist', 'uri': 'spotify:artist:63yrD80RY3RNEM2YDpUpO8'}], 'external_urls': {'spotify': 'https://open.spotify.com/album/4kI7ZZF6CgDGFTjZNFwXYG'}, 'id': '4kI7ZZF6CgDGFTjZNFwXYG', 'images': [{'height': 640, 'url': 'https://i.scdn.co/image/ab67616d0000b273c8198f7160d64bb9e8eae7c1', 'width': 640}, {'height': 300, 'url': 'https://i.scdn.co/image/ab67616d00001e02c8198f7160d64bb9e8eae7c1', 'width': 300}, {'height': 64, 'url': 'https://i.scdn.co/image/ab67616d00004851c8198f7160d64bb9e8eae7c1', 'width': 64}], 'is_playable': True, 'name': 'PORTALS', 'release_date': '2023-03-31', 'release_date_precision': 'day', 'total_tracks': 13, 'type': 'album', 'uri': 'spotify:album:4kI7ZZF6CgDGFTjZNFwXYG'}], 'limit': 10, 'next': True, 'offset': 0, 'previous': None, 'total': 16}, 'custom_fields': [], 'external_urls': None, 'id': 'section0JQ5IMCbQBLyjAcESOTeAo', 'images': [], 'name': 'New Releases in Pop', 'rendering': 'LIST', 'tag_line': None, 'type': 'view'}, {'content': {'items': [{'collaborative': False, 'description': 'Back when we had Kelly Clarkson, Usher, Lady Gaga and Justin Timberlake on repeat! Cover: Katy Perry. ', 'external_urls': {'spotify': 'https://open.spotify.com/playlist/37i9dQZF1DX4UZCW3u80le'}, 'id': '37i9dQZF1DX4UZCW3u80le', 'images': [{'height': None, 'url': 'https://i.scdn.co/image/ab67706f00000002ce00ba1ceb29c1e94bbc6bb5', 'width': None}], 'name': '2000s Pop', 'owner': {'display_name': 'Spotify', 'external_urls': {'spotify': 'https://open.spotify.com/user/spotify'}, 'id': 'spotify', 'type': 'user', 'uri': 'spotify:user:spotify'}, 'primary_color': None, 'public': None, 'snapshot_id': 'MTY4NjI1MjgwMSwwMDAwMDAwMDFjNDhmZTdkZGIwYTllODYwYWVhMTI0YzRhYzMzNDVk', 'tracks': {'total': 150}, 'type': 'playlist', 'uri': 'spotify:playlist:37i9dQZF1DX4UZCW3u80le'}, {'collaborative': False, 'description': 'From the decade that brought us Britney, Spice Girls, Coolio and so many more!', 'external_urls': {'spotify': 'https://open.spotify.com/playlist/37i9dQZF1DWVcJK7WY4M52'}, 'id': '37i9dQZF1DWVcJK7WY4M52', 'images': [{'height': None, 'url': 'https://i.scdn.co/image/ab67706f00000002c3cca5b445085585eb2c01c5', 'width': None}], 'name': '90s Pop', 'owner': {'display_name': 'Spotify', 'external_urls': {'spotify': 'https://open.spotify.com/user/spotify'}, 'id': 'spotify', 'type': 'user', 'uri': 'spotify:user:spotify'}, 'primary_color': None, 'public': None, 'snapshot_id': 'MTY4NjgzNzEzNSwwMDAwMDAwMDA2OGI5YzJjNGNiNTk0NjI1ZTJmOGFkZmNkZDNmMjYz', 'tracks': {'total': 100}, 'type': 'playlist', 'uri': 'spotify:playlist:37i9dQZF1DWVcJK7WY4M52'}, {'collaborative': False, 'description': ""leggings, walking pads, water tumblers - that's hot"", 'external_urls': {'spotify': 'https://open.spotify.com/playlist/37i9dQZF1DXbdNhlZLjJXz'}, 'id': '37i9dQZF1DXbdNhlZLjJXz', 'images': [{'height': None, 'url': 'https://i.scdn.co/image/ab67706f00000002173ffa3f2bd3352bc3312fbc', 'width': None}], 'name': 'hot girl walk', 'owner': {'display_name': 'Spotify', 'external_urls': {'spotify': 'https://open.spotify.com/user/spotify'}, 'id': 'spotify', 'type': 'user', 'uri': 'spotify:user:spotify'}, 'primary_color': None, 'public': None, 'snapshot_id': 'MTY4NjgzNjQ0OSwwMDAwMDAwMDc4ZGQzNzY2Y2IwNThmN2I3MDNhYzE5ZmM5MjJiMTU4', 'tracks': {'total': 50}, 'type': 'playlist', 'uri': 'spotify:playlist:37i9dQZF1DXbdNhlZLjJXz'}, {'collaborative': False, 'description': 'summer has landed', 'external_urls': {'spotify': 'https://open.spotify.com/playlist/37i9dQZF1DX9nkam6FKfgM'}, 'id': '37i9dQZF1DX9nkam6FKfgM', 'images': [{'height': None, 'url': 'https://i.scdn.co/image/ab67706f000000022ce4b7e4b4fc77e44b206063', 'width': None}], 'name': 'Summer Pop', 'owner': {'display_name': 'Spotify', 'external_urls': {'spotify': 'https://open.spotify.com/user/spotify'}, 'id': 'spotify', 'type': 'user', 'uri': 'spotify:user:spotify'}, 'primary_color': None, 'public': None, 'snapshot_id': 'MTY4NjA4Mzk0NCwwMDAwMDAwMGU1ZTQ4ZTE4Yzg1OTI5MDFjMjQ3ZWU4NmU5YzhlYTJk', 'tracks': {'total': 50}, 'type': 'playlist', 'uri': 'spotify:playlist:37i9dQZF1DX9nkam6FKfgM'}, {'collaborative': False, 'description': 'The sweetest bops. Cover: FIFTY FIFTY', 'external_urls': {'spotify': 'https://open.spotify.com/playlist/37i9dQZF1DWZlwhy05h4Og'}, 'id': '37i9dQZF1DWZlwhy05h4Og', 'images': [{'height': None, 'url': 'https://i.scdn.co/image/ab67706f000000026645fdf6f194b2389269c57c', 'width': None}], 'name': 'SUGAR', 'owner': {'display_name': 'Spotify', 'external_urls': {'spotify': 'https://open.spotify.com/user/spotify'}, 'id': 'spotify', 'type': 'user', 'uri': 'spotify:user:spotify'}, 'primary_color': None, 'public': None, 'snapshot_id': 'MTY4Njc2MDQyNCwwMDAwMDAwMDIxZjM2YTg4MGUyMzNiMjQ4NWE4NTA0NGQ4MTIwMjcx', 'tracks': {'total': 78}, 'type': 'playlist', 'uri': 'spotify:playlist:37i9dQZF1DWZlwhy05h4Og'}, {'collaborative': False, 'description': 'remember when we were dark and brooding. Cover: VÉRITÉ\n', 'external_urls': {'spotify': 'https://open.spotify.com/playlist/37i9dQZF1DWYPN7VhE3PnY'}, 'id': '37i9dQZF1DWYPN7VhE3PnY', 'images': [{'height': None, 'url': 'https://i.scdn.co/image/ab67706f00000002fdc58eda3c457f7a04156cc5', 'width': None}], 'name': 'bitter/sweet', 'owner': {'display_name': 'Spotify', 'external_urls': {'spotify': 'https://open.spotify.com/user/spotify'}, 'id': 'spotify', 'type': 'user', 'uri': 'spotify:user:spotify'}, 'primary_color': None, 'public': None, 'snapshot_id': 'MTY4NjgzNjc0NCwwMDAwMDAwMDlkNzk0N2JkMGY3MjA5NWQyYTMzOWQyOTIxN2I2MDdh', 'tracks': {'total': 50}, 'type': 'playlist', 'uri': 'spotify:playlist:37i9dQZF1DWYPN7VhE3PnY'}, {'collaborative': False, 'description': 'For a love story straight out of the 2000s. Cover: Elle Woods. ', 'external_urls': {'spotify': 'https://open.spotify.com/playlist/37i9dQZF1DX4cizS4wQeF2'}, 'id': '37i9dQZF1DX4cizS4wQeF2', 'images': [{'height': None, 'url': 'https://i.scdn.co/image/ab67706f000000022311a464c7fd83c571a6fcec', 'width': None}], 'name': 'Romcom', 'owner': {'display_name': 'Spotify', 'external_urls': {'spotify': 'https://open.spotify.com/user/spotify'}, 'id': 'spotify', 'type': 'user', 'uri': 'spotify:user:spotify'}, 'primary_color': None, 'public': None, 'snapshot_id': 'MTY4NjI2NDUyOCwwMDAwMDAwMDYyZmZkMmJjNWI2MDI1MTM0Yzc1OWFkZTIyNThlZDFj', 'tracks': {'total': 50}, 'type': 'playlist', 'uri': 'spotify:playlist:37i9dQZF1DX4cizS4wQeF2'}, {'collaborative': False, 'description': 'bossa vibes and a romantic daydream', 'external_urls': {'spotify': 'https://open.spotify.com/playlist/37i9dQZF1DXcUY9O5yRihK'}, 'id': '37i9dQZF1DXcUY9O5yRihK', 'images': [{'height': None, 'url': 'https://i.scdn.co/image/ab67706f00000002aaa232268d421ddd4e390c28', 'width': None}], 'name': 'blush', 'owner': {'display_name': 'Spotify', 'external_urls': {'spotify': 'https://open.spotify.com/user/spotify'}, 'id': 'spotify', 'type': 'user', 'uri': 'spotify:user:spotify'}, 'primary_color': None, 'public': None, 'snapshot_id': 'MTY4NjkxOTcxNSwwMDAwMDAwMDA0MTE2ZjZlYjE0OTNjNjNlZWIzOGNhNDMyZmIwN2Uz', 'tracks': {'total': 60}, 'type': 'playlist', 'uri': 'spotify:playlist:37i9dQZF1DXcUY9O5yRihK'}, {'collaborative': False, 'description': 'The soundtrack to mall walking... once upon a time.', 'external_urls': {'spotify': 'https://open.spotify.com/playlist/37i9dQZF1DX5QvuBqAhuBS'}, 'id': '37i9dQZF1DX5QvuBqAhuBS', 'images': [{'height': None, 'url': 'https://i.scdn.co/image/ab67706f000000020ac24b2ec49d8290f7724f9d', 'width': None}], 'name': 'Mall Anthems', 'owner': {'display_name': 'Spotify', 'external_urls': {'spotify': 'https://open.spotify.com/user/spotify'}, 'id': 'spotify', 'type': 'user', 'uri': 'spotify:user:spotify'}, 'primary_color': None, 'public': None, 'snapshot_id': 'MTY4NjkxOTIwNywwMDAwMDAwMGY1N2U1NzI5NjExOGJkMjkzYTQxNTFmYThmOGY5NmJl', 'tracks': {'total': 50}, 'type': 'playlist', 'uri': 'spotify:playlist:37i9dQZF1DX5QvuBqAhuBS'}, {'collaborative': False, 'description': ""Warm, inspirational pop, that's good at heart"", 'external_urls': {'spotify': 'https://open.spotify.com/playlist/37i9dQZF1DWYzhk8ayyoEy'}, 'id': '37i9dQZF1DWYzhk8ayyoEy', 'images': [{'height': None, 'url': 'https://i.scdn.co/image/ab67706f00000002e1846dd05b9063150def6dd6', 'width': None}], 'name': 'shine', 'owner': {'display_name': 'Spotify', 'external_urls': {'spotify': 'https://open.spotify.com/user/spotify'}, 'id': 'spotify', 'type': 'user', 'uri': 'spotify:user:spotify'}, 'primary_color': None, 'public': None, 'snapshot_id': 'MTY4NjkxOTc0OSwwMDAwMDAwMGU4ZDU2NTBkOGRjN2JhZGJlNTgzYjkzNmZiZTY3N2My', 'tracks': {'total': 70}, 'type': 'playlist', 'uri': 'spotify:playlist:37i9dQZF1DWYzhk8ayyoEy'}], 'limit': 10, 'next': True, 'offset': 0, 'previous': None, 'total': 11}, 'custom_fields': [], 'external_urls': None, 'id': 'section0JQ5IMCbQBLBCbtiCKfDNE', 'images': [], 'name': 'New pop playlists', 'rendering': 'LIST', 'tag_line': None, 'type': 'view'}, {'content': {'items': [{'collaborative': False, 'description': 'Imagine the graduation ceremony echoing through the scenes of a classic 90s/00s coming-of-age movie. Cover: Dionne & Cher. ', 'external_urls': {'spotify': 'https://open.spotify.com/playlist/37i9dQZF1DWWwaxRea1LWS'}, 'id': '37i9dQZF1DWWwaxRea1LWS', 'images': [{'height': None, 'url': 'https://i.scdn.co/image/ab67706f0000000278a6b437f68c62cc9c5a6f9b', 'width': None}], 'name': 'Throwback Thursday', 'owner': {'display_name': 'Spotify', 'external_urls': {'spotify': 'https://open.spotify.com/user/spotify'}, 'id': 'spotify', 'type': 'user', 'uri': 'spotify:user:spotify'}, 'primary_color': None, 'public': None, 'snapshot_id': 'MTY4NjgwMTYwMCwwMDAwMDAwMGYxNDJhMWZhM2E3ZmEzYzI2NzYzMWVkMzc3MDc1NWVk', 'tracks': {'total': 50}, 'type': 'playlist', 'uri': 'spotify:playlist:37i9dQZF1DWWwaxRea1LWS'}, {'collaborative': False, 'description': 'Yay me! Starring London Tipton \U0001fa77', 'external_urls': {'spotify': 'https://open.spotify.com/playlist/37i9dQZF1DX24HW7kIIcEV'}, 'id': '37i9dQZF1DX24HW7kIIcEV', 'images': [{'height': None, 'url': 'https://i.scdn.co/image/ab67706f00000002bf3deb260957bb1677e962b6', 'width': None}], 'name': 'after school club 🪄', 'owner': {'display_name': 'Spotify', 'external_urls': {'spotify': 'https://open.spotify.com/user/spotify'}, 'id': 'spotify', 'type': 'user', 'uri': 'spotify:user:spotify'}, 'primary_color': None, 'public': None, 'snapshot_id': 'MTY4NjMyODQ0MSwwMDAwMDAwMDBmN2RkODE3MzAxNjNkMzc0Y2VmYzQ2NjQ2ZmUxZDVi', 'tracks': {'total': 85}, 'type': 'playlist', 'uri': 'spotify:playlist:37i9dQZF1DX24HW7kIIcEV'}, {'collaborative': False, 'description': ""Turn up with the biggest party tracks of the '90s and '00s."", 'external_urls': {'spotify': 'https://open.spotify.com/playlist/37i9dQZF1DX8ky12eWIvcW'}, 'id': '37i9dQZF1DX8ky12eWIvcW', 'images': [{'height': None, 'url': 'https://i.scdn.co/image/ab67706f000000022e43e05e7e378b7756c0bdb7', 'width': None}], 'name': 'Throwback Jams', 'owner': {'display_name': 'Spotify', 'external_urls': {'spotify': 'https://open.spotify.com/user/spotify'}, 'id': 'spotify', 'type': 'user', 'uri': 'spotify:user:spotify'}, 'primary_color': None, 'public': None, 'snapshot_id': 'MTY4NjkyMDI3OSwwMDAwMDAwMDEzNmQ2ZmQ1MDE1OThhZTJiZDFmNTlhM2U1NWU4MjVk', 'tracks': {'total': 93}, 'type': 'playlist', 'uri': 'spotify:playlist:37i9dQZF1DX8ky12eWIvcW'}, {'collaborative': False, 'description': 'Back when we had Kelly Clarkson, Usher, Lady Gaga and Justin Timberlake on repeat! Cover: Katy Perry. ', 'external_urls': {'spotify': 'https://open.spotify.com/playlist/37i9dQZF1DX4UZCW3u80le'}, 'id': '37i9dQZF1DX4UZCW3u80le', 'images': [{'height': None, 'url': 'https://i.scdn.co/image/ab67706f00000002ce00ba1ceb29c1e94bbc6bb5', 'width': None}], 'name': '2000s Pop', 'owner': {'display_name': 'Spotify', 'external_urls': {'spotify': 'https://open.spotify.com/user/spotify'}, 'id': 'spotify', 'type': 'user', 'uri': 'spotify:user:spotify'}, 'primary_color': None, 'public': None, 'snapshot_id': 'MTY4NjI1MjgwMSwwMDAwMDAwMDFjNDhmZTdkZGIwYTllODYwYWVhMTI0YzRhYzMzNDVk', 'tracks': {'total': 150}, 'type': 'playlist', 'uri': 'spotify:playlist:37i9dQZF1DX4UZCW3u80le'}, {'collaborative': False, 'description': 'All the biggest hits from the biggest boybands!  Cover: Backstreet Boys', 'external_urls': {'spotify': 'https://open.spotify.com/playlist/37i9dQZF1DX17dmzi8A5FV'}, 'id': '37i9dQZF1DX17dmzi8A5FV', 'images': [{'height': None, 'url': 'https://i.scdn.co/image/ab67706f00000002d702f497aa089ed6611d3bc7', 'width': None}], 'name': 'Ultimate Boybands', 'owner': {'display_name': 'Spotify', 'external_urls': {'spotify': 'https://open.spotify.com/user/spotify'}, 'id': 'spotify', 'type': 'user', 'uri': 'spotify:user:spotify'}, 'primary_color': None, 'public': None, 'snapshot_id': 'MTY4NjkyMDYxNywwMDAwMDAwMGNkMDU1ZjkzZTViYjhhNjU2MmFhYTcxNjk5YTc1OTU0', 'tracks': {'total': 75}, 'type': 'playlist', 'uri': 'spotify:playlist:37i9dQZF1DX17dmzi8A5FV'}, {'collaborative': False, 'description': 'From the decade that brought us Britney, Spice Girls, Coolio and so many more!', 'external_urls': {'spotify': 'https://open.spotify.com/playlist/37i9dQZF1DWVcJK7WY4M52'}, 'id': '37i9dQZF1DWVcJK7WY4M52', 'images': [{'height': None, 'url': 'https://i.scdn.co/image/ab67706f00000002c3cca5b445085585eb2c01c5', 'width': None}], 'name': '90s Pop', 'owner': {'display_name': 'Spotify', 'external_urls': {'spotify': 'https://open.spotify.com/user/spotify'}, 'id': 'spotify', 'type': 'user', 'uri': 'spotify:user:spotify'}, 'primary_color': None, 'public': None, 'snapshot_id': 'MTY4NjgzNzEzNSwwMDAwMDAwMDA2OGI5YzJjNGNiNTk0NjI1ZTJmOGFkZmNkZDNmMjYz', 'tracks': {'total': 100}, 'type': 'playlist', 'uri': 'spotify:playlist:37i9dQZF1DWVcJK7WY4M52'}, {'collaborative': False, 'description': 'You say guilty, we say non stop bangers!', 'external_urls': {'spotify': 'https://open.spotify.com/playlist/37i9dQZF1DX4pUKG1kS0Ac'}, 'id': '37i9dQZF1DX4pUKG1kS0Ac', 'images': [{'height': None, 'url': 'https://i.scdn.co/image/ab67706f00000002d45924b0c5bf77a474e7be2a', 'width': None}], 'name': 'Guilty Pleasures', 'owner': {'display_name': 'Spotify', 'external_urls': {'spotify': 'https://open.spotify.com/user/spotify'}, 'id': 'spotify', 'type': 'user', 'uri': 'spotify:user:spotify'}, 'primary_color': None, 'public': None, 'snapshot_id': 'MTY4NjkyMDY5OSwwMDAwMDAwMGQ5NTFmOTgyMDQzY2QxYjk2MWUyODJjOGM4YWQyOGIz', 'tracks': {'total': 150}, 'type': 'playlist', 'uri': 'spotify:playlist:37i9dQZF1DX4pUKG1kS0Ac'}, {'collaborative': False, 'description': ""Listen to all the tracks you've been missing. Cover: Katy Perry"", 'external_urls': {'spotify': 'https://open.spotify.com/playlist/37i9dQZF1DX0s5kDXi1oC5'}, 'id': '37i9dQZF1DX0s5kDXi1oC5', 'images': [{'height': None, 'url': 'https://i.scdn.co/image/ab67706f000000024477d03df61b0379b33f8e4f', 'width': None}], 'name': 'Hit Rewind', 'owner': {'display_name': 'Spotify', 'external_urls': {'spotify': 'https://open.spotify.com/user/spotify'}, 'id': 'spotify', 'type': 'user', 'uri': 'spotify:user:spotify'}, 'primary_color': None, 'public': None, 'snapshot_id': 'MTY4NjkyMDU3MSwwMDAwMDAwMGZiMDNmNjNjYWQ3Mjc0NWRmZTE1YWM4NmM3ZTlmOThj', 'tracks': {'total': 100}, 'type': 'playlist', 'uri': 'spotify:playlist:37i9dQZF1DX0s5kDXi1oC5'}, {'collaborative': False, 'description': 'Talented, brilliant, incredible, amazing, show-stopping… See also: <a href=""spotify:playlist:37i9dQZF1DX7YE2tQ4q86h"">OBSESSED</a>', 'external_urls': {'spotify': 'https://open.spotify.com/playlist/37i9dQZF1DX1SbnWqcjJBz'}, 'id': '37i9dQZF1DX1SbnWqcjJBz', 'images': [{'height': None, 'url': 'https://i.scdn.co/image/ab67706f000000023ce090554d0581ccd556df0f', 'width': None}], 'name': 'Deserved', 'owner': {'display_name': 'Spotify', 'external_urls': {'spotify': 'https://open.spotify.com/user/spotify'}, 'id': 'spotify', 'type': 'user', 'uri': 'spotify:user:spotify'}, 'primary_color': None, 'public': None, 'snapshot_id': 'MTY4NjkxODc3MywwMDAwMDAwMDNjMzAyOTcxYWIzZDIyNjc5NGM1ZjZjY2ZlMzRmOTNj', 'tracks': {'total': 100}, 'type': 'playlist', 'uri': 'spotify:playlist:37i9dQZF1DX1SbnWqcjJBz'}, {'collaborative': False, 'description': 'The most essential R&B songs from the 2000s. Cover: Usher', 'external_urls': {'spotify': 'https://open.spotify.com/playlist/37i9dQZF1DWYmmr74INQlb'}, 'id': '37i9dQZF1DWYmmr74INQlb', 'images': [{'height': None, 'url': 'https://i.scdn.co/image/ab67706f000000026b8c8226423e394adb60aae7', 'width': None}], 'name': ""I Love My '00s R&B"", 'owner': {'display_name': 'Spotify', 'external_urls': {'spotify': 'https://open.spotify.com/user/spotify'}, 'id': 'spotify', 'type': 'user', 'uri': 'spotify:user:spotify'}, 'primary_color': None, 'public': None, 'snapshot_id': 'MTY4NjkxOTU4MiwwMDAwMDAwMDI1M2Y2ZDE1ZGUyMzcyNTBjYTYxYWRkZGFjYWYzYzYx', 'tracks': {'total': 100}, 'type': 'playlist', 'uri': 'spotify:playlist:37i9dQZF1DWYmmr74INQlb'}], 'limit': 10, 'next': True, 'offset': 0, 'previous': None, 'total': 14}, 'custom_fields': [], 'external_urls': None, 'id': 'section0JQ5IMCbQBLmcZWO4bmt66', 'images': [], 'name': 'Pop Throwbacks', 'rendering': 'LIST', 'tag_line': None, 'type': 'view'}, {'content': {'items': [{'collaborative': False, 'description': 'Listen to the surprise songs from each night of Taylor Swift | The Eras tour', 'external_urls': {'spotify': 'https://open.spotify.com/playlist/37i9dQZF1DX0D996ZXujBy'}, 'id': '37i9dQZF1DX0D996ZXujBy', 'images': [{'height': None, 'url': 'https://i.scdn.co/image/ab67706f000000025d15fa82b300568e9c851fb4', 'width': None}], 'name': 'Surprise Song Era', 'owner': {'display_name': 'Spotify', 'external_urls': {'spotify': 'https://open.spotify.com/user/spotify'}, 'id': 'spotify', 'type': 'user', 'uri': 'spotify:user:spotify'}, 'primary_color': None, 'public': None, 'snapshot_id': 'MTY4NjYyODgwMCwwMDAwMDAwMDliOGJkNmM4MThjZWI3OTc4ZjVhY2FhYzUxZjY1Mjc0', 'tracks': {'total': 65}, 'type': 'playlist', 'uri': 'spotify:playlist:37i9dQZF1DX0D996ZXujBy'}, {'collaborative': False, 'description': 'make the whole place shimmer ✨', 'external_urls': {'spotify': 'https://open.spotify.com/playlist/37i9dQZF1DXa90jZU6E5GN'}, 'id': '37i9dQZF1DXa90jZU6E5GN', 'images': [{'height': None, 'url': 'https://i.scdn.co/image/ab67706f0000000281944d6c11d4a25c2e96149a', 'width': None}], 'name': 'neon cowgirl', 'owner': {'display_name': 'Spotify', 'external_urls': {'spotify': 'https://open.spotify.com/user/spotify'}, 'id': 'spotify', 'type': 'user', 'uri': 'spotify:user:spotify'}, 'primary_color': None, 'public': None, 'snapshot_id': 'MTY4NjkxOTYzMCwwMDAwMDAwMDdlYjc3MGY0NzA2YjMwZmU2NzM1MGI3MTFhMGY1NTEy', 'tracks': {'total': 100}, 'type': 'playlist', 'uri': 'spotify:playlist:37i9dQZF1DXa90jZU6E5GN'}, {'collaborative': False, 'description': 'Lovely, acoustic pop. Cover: Taylor Swift', 'external_urls': {'spotify': 'https://open.spotify.com/playlist/37i9dQZF1DWWxrt1tiKYiX'}, 'id': '37i9dQZF1DWWxrt1tiKYiX', 'images': [{'height': None, 'url': 'https://i.scdn.co/image/ab67706f0000000228ec4737fa79edcc6c1b6f56', 'width': None}], 'name': 'Acoustic Pop', 'owner': {'display_name': 'Spotify', 'external_urls': {'spotify': 'https://open.spotify.com/user/spotify'}, 'id': 'spotify', 'type': 'user', 'uri': 'spotify:user:spotify'}, 'primary_color': None, 'public': None, 'snapshot_id': 'MTY4NjkyMTQzMCwwMDAwMDAwMDg2MWM3MjI4MDVlZDk4MzA0YWRhOGQ3YzNiYzU4ZDI2', 'tracks': {'total': 100}, 'type': 'playlist', 'uri': 'spotify:playlist:37i9dQZF1DWWxrt1tiKYiX'}, {'collaborative': False, 'description': 'The essential tracks, all in one playlist.', 'external_urls': {'spotify': 'https://open.spotify.com/playlist/37i9dQZF1DX5KpP2LN299J'}, 'id': '37i9dQZF1DX5KpP2LN299J', 'images': [{'height': None, 'url': 'https://i.scdn.co/image/ab67706f00000002b0c066c63921e8d43068982c', 'width': None}], 'name': 'This Is Taylor Swift', 'owner': {'display_name': 'Spotify', 'external_urls': {'spotify': 'https://open.spotify.com/user/spotify'}, 'id': 'spotify', 'type': 'user', 'uri': 'spotify:user:spotify'}, 'primary_color': None, 'public': None, 'snapshot_id': 'MTY4NjkxOTgwNywwMDAwMDAwMDNlNWYyMzI5NDQ0ZDM5YzlhMWU1MjUyOGNjZGUyYTdi', 'tracks': {'total': 153}, 'type': 'playlist', 'uri': 'spotify:playlist:37i9dQZF1DX5KpP2LN299J'}, {'album_type': 'album', 'artists': [{'external_urls': {'spotify': 'https://open.spotify.com/artist/06HL4z0CvFAxyc27GXpf02'}, 'id': '06HL4z0CvFAxyc27GXpf02', 'name': 'Taylor Swift', 'type': 'artist', 'uri': 'spotify:artist:06HL4z0CvFAxyc27GXpf02'}], 'external_urls': {'spotify': 'https://open.spotify.com/album/1fnJ7k0bllNfL1kVdNVW1A'}, 'id': '1fnJ7k0bllNfL1kVdNVW1A', 'images': [{'height': 640, 'url': 'https://i.scdn.co/image/ab67616d0000b273fa747621a53c8e2cc436dee0', 'width': 640}, {'height': 300, 'url': 'https://i.scdn.co/image/ab67616d00001e02fa747621a53c8e2cc436dee0', 'width': 300}, {'height': 64, 'url': 'https://i.scdn.co/image/ab67616d00004851fa747621a53c8e2cc436dee0', 'width': 64}], 'is_playable': True, 'name': 'Midnights (The Til Dawn Edition)', 'release_date': '2023-05-26', 'release_date_precision': 'day', 'total_tracks': 23, 'type': 'album', 'uri': 'spotify:album:1fnJ7k0bllNfL1kVdNVW1A'}, {'album_type': 'album', 'artists': [{'external_urls': {'spotify': 'https://open.spotify.com/artist/06HL4z0CvFAxyc27GXpf02'}, 'id': '06HL4z0CvFAxyc27GXpf02', 'name': 'Taylor Swift', 'type': 'artist', 'uri': 'spotify:artist:06HL4z0CvFAxyc27GXpf02'}], 'external_urls': {'spotify': 'https://open.spotify.com/album/6kZ42qRrzov54LcAk4onW9'}, 'id': '6kZ42qRrzov54LcAk4onW9', 'images': [{'height': 640, 'url': 'https://i.scdn.co/image/ab67616d0000b273318443aab3531a0558e79a4d', 'width': 640}, {'height': 300, 'url': 'https://i.scdn.co/image/ab67616d00001e02318443aab3531a0558e79a4d', 'width': 300}, {'height': 64, 'url': 'https://i.scdn.co/image/ab67616d00004851318443aab3531a0558e79a4d', 'width': 64}], 'is_playable': True, 'name': ""Red (Taylor's Version)"", 'release_date': '2021-11-12', 'release_date_precision': 'day', 'total_tracks': 30, 'type': 'album', 'uri': 'spotify:album:6kZ42qRrzov54LcAk4onW9'}, {'album_type': 'album', 'artists': [{'external_urls': {'spotify': 'https://open.spotify.com/artist/06HL4z0CvFAxyc27GXpf02'}, 'id': '06HL4z0CvFAxyc27GXpf02', 'name': 'Taylor Swift', 'type': 'artist', 'uri': 'spotify:artist:06HL4z0CvFAxyc27GXpf02'}], 'external_urls': {'spotify': 'https://open.spotify.com/album/4hDok0OAJd57SGIT8xuWJH'}, 'id': '4hDok0OAJd57SGIT8xuWJH', 'images': [{'height': 640, 'url': 'https://i.scdn.co/image/ab67616d0000b273a48964b5d9a3d6968ae3e0de', 'width': 640}, {'height': 300, 'url': 'https://i.scdn.co/image/ab67616d00001e02a48964b5d9a3d6968ae3e0de', 'width': 300}, {'height': 64, 'url': 'https://i.scdn.co/image/ab67616d00004851a48964b5d9a3d6968ae3e0de', 'width': 64}], 'is_playable': True, 'name': ""Fearless (Taylor's Version)"", 'release_date': '2021-04-09', 'release_date_precision': 'day', 'total_tracks': 26, 'type': 'album', 'uri': 'spotify:album:4hDok0OAJd57SGIT8xuWJH'}, {'album_type': 'album', 'artists': [{'external_urls': {'spotify': 'https://open.spotify.com/artist/06HL4z0CvFAxyc27GXpf02'}, 'id': '06HL4z0CvFAxyc27GXpf02', 'name': 'Taylor Swift', 'type': 'artist', 'uri': 'spotify:artist:06HL4z0CvFAxyc27GXpf02'}], 'external_urls': {'spotify': 'https://open.spotify.com/album/6AORtDjduMM3bupSWzbTSG'}, 'id': '6AORtDjduMM3bupSWzbTSG', 'images': [{'height': 640, 'url': 'https://i.scdn.co/image/ab67616d0000b27390fd9741e1838115cd90b3b6', 'width': 640}, {'height': 300, 'url': 'https://i.scdn.co/image/ab67616d00001e0290fd9741e1838115cd90b3b6', 'width': 300}, {'height': 64, 'url': 'https://i.scdn.co/image/ab67616d0000485190fd9741e1838115cd90b3b6', 'width': 64}], 'is_playable': True, 'name': 'evermore (deluxe version)', 'release_date': '2021-01-07', 'release_date_precision': 'day', 'total_tracks': 17, 'type': 'album', 'uri': 'spotify:album:6AORtDjduMM3bupSWzbTSG'}, {'album_type': 'album', 'artists': [{'external_urls': {'spotify': 'https://open.spotify.com/artist/06HL4z0CvFAxyc27GXpf02'}, 'id': '06HL4z0CvFAxyc27GXpf02', 'name': 'Taylor Swift', 'type': 'artist', 'uri': 'spotify:artist:06HL4z0CvFAxyc27GXpf02'}], 'external_urls': {'spotify': 'https://open.spotify.com/album/1pzvBxYgT6OVwJLtHkrdQK'}, 'id': '1pzvBxYgT6OVwJLtHkrdQK', 'images': [{'height': 640, 'url': 'https://i.scdn.co/image/ab67616d0000b273c288028c2592f400dd0b9233', 'width': 640}, {'height': 300, 'url': 'https://i.scdn.co/image/ab67616d00001e02c288028c2592f400dd0b9233', 'width': 300}, {'height': 64, 'url': 'https://i.scdn.co/image/ab67616d00004851c288028c2592f400dd0b9233', 'width': 64}], 'is_playable': True, 'name': 'folklore (deluxe version)', 'release_date': '2020-08-18', 'release_date_precision': 'day', 'total_tracks': 17, 'type': 'album', 'uri': 'spotify:album:1pzvBxYgT6OVwJLtHkrdQK'}, {'album_type': 'album', 'artists': [{'external_urls': {'spotify': 'https://open.spotify.com/artist/06HL4z0CvFAxyc27GXpf02'}, 'id': '06HL4z0CvFAxyc27GXpf02', 'name': 'Taylor Swift', 'type': 'artist', 'uri': 'spotify:artist:06HL4z0CvFAxyc27GXpf02'}], 'external_urls': {'spotify': 'https://open.spotify.com/album/1NAmidJlEaVgA3MpcPFYGq'}, 'id': '1NAmidJlEaVgA3MpcPFYGq', 'images': [{'height': 640, 'url': 'https://i.scdn.co/image/ab67616d0000b273e787cffec20aa2a396a61647', 'width': 640}, {'height': 300, 'url': 'https://i.scdn.co/image/ab67616d00001e02e787cffec20aa2a396a61647', 'width': 300}, {'height': 64, 'url': 'https://i.scdn.co/image/ab67616d00004851e787cffec20aa2a396a61647', 'width': 64}], 'is_playable': True, 'name': 'Lover', 'release_date': '2019-08-23', 'release_date_precision': 'day', 'total_tracks': 18, 'type': 'album', 'uri': 'spotify:album:1NAmidJlEaVgA3MpcPFYGq'}], 'limit': 10, 'next': True, 'offset': 0, 'previous': None, 'total': 30}, 'custom_fields': [], 'external_urls': None, 'id': 'section0JQ5IMCbQBLyzKqD6dpkzX', 'images': [], 'name': 'The Eras Tour is here!', 'rendering': 'LIST', 'tag_line': None, 'type': 'view'}, {'content': {'items': [{'collaborative': False, 'description': 'The best new music by independent artists and labels. Updates every Wednesday. Cover: La Rhonza', 'external_urls': {'spotify': 'https://open.spotify.com/playlist/37i9dQZF1DX3u9TSHqpdJC'}, 'id': '37i9dQZF1DX3u9TSHqpdJC', 'images': [{'height': None, 'url': 'https://i.scdn.co/image/ab67706f000000025f9219d921c8486c1b6fc1be', 'width': None}], 'name': 'Fresh Finds Pop', 'owner': {'display_name': 'Spotify', 'external_urls': {'spotify': 'https://open.spotify.com/user/spotify'}, 'id': 'spotify', 'type': 'user', 'uri': 'spotify:user:spotify'}, 'primary_color': None, 'public': None, 'snapshot_id': 'MTY4NjgzODE4OCwwMDAwMDAwMDA2YTcwNjQxNGQ4M2I3YmM0NDNhMzRjMGY0YzhlMmEz', 'tracks': {'total': 100}, 'type': 'playlist', 'uri': 'spotify:playlist:37i9dQZF1DX3u9TSHqpdJC'}, {'collaborative': False, 'description': 'The <a href=""spotify:genre:0JQ5DAqbMKFImHYGo3eTSg"">best new music</a> by independent artists and labels. Cover: Angel White. Artwork by Isu Kim. Updates every Wednesday.', 'external_urls': {'spotify': 'https://open.spotify.com/playlist/37i9dQZF1DWWjGdmeTyeJ6'}, 'id': '37i9dQZF1DWWjGdmeTyeJ6', 'images': [{'height': None, 'url': 'https://i.scdn.co/image/ab67706f00000002f0444e9ad56a4ebf64eb066a', 'width': None}], 'name': 'Fresh Finds', 'owner': {'display_name': 'Spotify', 'external_urls': {'spotify': 'https://open.spotify.com/user/spotify'}, 'id': 'spotify', 'type': 'user', 'uri': 'spotify:user:spotify'}, 'primary_color': None, 'public': None, 'snapshot_id': 'MTY4Njg0OTQxMSwwMDAwMDAwMGRiM2ZiNTY2MWY5MDQ5Y2ViNGE2OWFhY2UyMDc2Njli', 'tracks': {'total': 72}, 'type': 'playlist', 'uri': 'spotify:playlist:37i9dQZF1DWWjGdmeTyeJ6'}, {'album_type': 'single', 'artists': [{'external_urls': {'spotify': 'https://open.spotify.com/artist/31bkN7gszM3TNGZrpTa2tR'}, 'id': '31bkN7gszM3TNGZrpTa2tR', 'name': 'Riley Biederer', 'type': 'artist', 'uri': 'spotify:artist:31bkN7gszM3TNGZrpTa2tR'}], 'external_urls': {'spotify': 'https://open.spotify.com/album/6pCfsQZiAiWXx9zMctgxyj'}, 'id': '6pCfsQZiAiWXx9zMctgxyj', 'images': [{'height': 640, 'url': 'https://i.scdn.co/image/ab67616d0000b273761e6c5385110a2f5eee29ee', 'width': 640}, {'height': 300, 'url': 'https://i.scdn.co/image/ab67616d00001e02761e6c5385110a2f5eee29ee', 'width': 300}, {'height': 64, 'url': 'https://i.scdn.co/image/ab67616d00004851761e6c5385110a2f5eee29ee', 'width': 64}], 'is_playable': True, 'name': 'idk if this is it', 'release_date': '2023-03-31', 'release_date_precision': 'day', 'total_tracks': 6, 'type': 'album', 'uri': 'spotify:album:6pCfsQZiAiWXx9zMctgxyj'}, {'album_type': 'single', 'artists': [{'external_urls': {'spotify': 'https://open.spotify.com/artist/4MfdeUAPPDpi4xdc1jvnwg'}, 'id': '4MfdeUAPPDpi4xdc1jvnwg', 'name': 'Meg Smith', 'type': 'artist', 'uri': 'spotify:artist:4MfdeUAPPDpi4xdc1jvnwg'}], 'external_urls': {'spotify': 'https://open.spotify.com/album/2UsMZi3Icg6ZbsCDzsMVhJ'}, 'id': '2UsMZi3Icg6ZbsCDzsMVhJ', 'images': [{'height': 640, 'url': 'https://i.scdn.co/image/ab67616d0000b2732946435e16e0779cc681d4b8', 'width': 640}, {'height': 300, 'url': 'https://i.scdn.co/image/ab67616d00001e022946435e16e0779cc681d4b8', 'width': 300}, {'height': 64, 'url': 'https://i.scdn.co/image/ab67616d000048512946435e16e0779cc681d4b8', 'width': 64}], 'is_playable': True, 'name': 'Rom Com Pop', 'release_date': '2023-02-23', 'release_date_precision': 'day', 'total_tracks': 4, 'type': 'album', 'uri': 'spotify:album:2UsMZi3Icg6ZbsCDzsMVhJ'}, {'album_type': 'single', 'artists': [{'external_urls': {'spotify': 'https://open.spotify.com/artist/5gv5fvzy1TWJmDj7jyMiLO'}, 'id': '5gv5fvzy1TWJmDj7jyMiLO', 'name': 'Abigail Osborn', 'type': 'artist', 'uri': 'spotify:artist:5gv5fvzy1TWJmDj7jyMiLO'}], 'external_urls': {'spotify': 'https://open.spotify.com/album/6folJQBb4rFX7gvPQbqFek'}, 'id': '6folJQBb4rFX7gvPQbqFek', 'images': [{'height': 640, 'url': 'https://i.scdn.co/image/ab67616d0000b27389f34caacfa2e2d262e0debf', 'width': 640}, {'height': 300, 'url': 'https://i.scdn.co/image/ab67616d00001e0289f34caacfa2e2d262e0debf', 'width': 300}, {'height': 64, 'url': 'https://i.scdn.co/image/ab67616d0000485189f34caacfa2e2d262e0debf', 'width': 64}], 'is_playable': True, 'name': 'Bad Lover: Chapter 2', 'release_date': '2023-02-24', 'release_date_precision': 'day', 'total_tracks': 5, 'type': 'album', 'uri': 'spotify:album:6folJQBb4rFX7gvPQbqFek'}, {'album_type': 'album', 'artists': [{'external_urls': {'spotify': 'https://open.spotify.com/artist/6nR3bxU4P6KV6678GbfhLk'}, 'id': '6nR3bxU4P6KV6678GbfhLk', 'name': 'Olivia Knox', 'type': 'artist', 'uri': 'spotify:artist:6nR3bxU4P6KV6678GbfhLk'}], 'external_urls': {'spotify': 'https://open.spotify.com/album/0p1ql9eCAEBI6pkxpxLiSs'}, 'id': '0p1ql9eCAEBI6pkxpxLiSs', 'images': [{'height': 640, 'url': 'https://i.scdn.co/image/ab67616d0000b273d19b89b4ce2764b79802c5e6', 'width': 640}, {'height': 300, 'url': 'https://i.scdn.co/image/ab67616d00001e02d19b89b4ce2764b79802c5e6', 'width': 300}, {'height': 64, 'url': 'https://i.scdn.co/image/ab67616d00004851d19b89b4ce2764b79802c5e6', 'width': 64}], 'is_playable': True, 'name': 'Smoke Signal', 'release_date': '2022-12-02', 'release_date_precision': 'day', 'total_tracks': 8, 'type': 'album', 'uri': 'spotify:album:0p1ql9eCAEBI6pkxpxLiSs'}, {'album_type': 'single', 'artists': [{'external_urls': {'spotify': 'https://open.spotify.com/artist/2OTqocUdUt52tEuCd1sJ15'}, 'id': '2OTqocUdUt52tEuCd1sJ15', 'name': 'Florence Arman', 'type': 'artist', 'uri': 'spotify:artist:2OTqocUdUt52tEuCd1sJ15'}], 'external_urls': {'spotify': 'https://open.spotify.com/album/0O2TuhmkaSjT6Xo1K4x4zC'}, 'id': '0O2TuhmkaSjT6Xo1K4x4zC', 'images': [{'height': 640, 'url': 'https://i.scdn.co/image/ab67616d0000b273247ad39b5eb1ab5c10c63775', 'width': 640}, {'height': 300, 'url': 'https://i.scdn.co/image/ab67616d00001e02247ad39b5eb1ab5c10c63775', 'width': 300}, {'height': 64, 'url': 'https://i.scdn.co/image/ab67616d00004851247ad39b5eb1ab5c10c63775', 'width': 64}], 'is_playable': True, 'name': 'Out of the Blue EP', 'release_date': '2021-06-18', 'release_date_precision': 'day', 'total_tracks': 7, 'type': 'album', 'uri': 'spotify:album:0O2TuhmkaSjT6Xo1K4x4zC'}, {'album_type': 'single', 'artists': [{'external_urls': {'spotify': 'https://open.spotify.com/artist/2oKcZslW7y9ILALBZJhoha'}, 'id': '2oKcZslW7y9ILALBZJhoha', 'name': 'Alex Sloane', 'type': 'artist', 'uri': 'spotify:artist:2oKcZslW7y9ILALBZJhoha'}], 'external_urls': {'spotify': 'https://open.spotify.com/album/0XqwZbB6TwIBSLyv2Kjq9C'}, 'id': '0XqwZbB6TwIBSLyv2Kjq9C', 'images': [{'height': 640, 'url': 'https://i.scdn.co/image/ab67616d0000b2737b2484d01d69e14acba40533', 'width': 640}, {'height': 300, 'url': 'https://i.scdn.co/image/ab67616d00001e027b2484d01d69e14acba40533', 'width': 300}, {'height': 64, 'url': 'https://i.scdn.co/image/ab67616d000048517b2484d01d69e14acba40533', 'width': 64}], 'is_playable': True, 'name': 'Dear Diary', 'release_date': '2023-01-27', 'release_date_precision': 'day', 'total_tracks': 6, 'type': 'album', 'uri': 'spotify:album:0XqwZbB6TwIBSLyv2Kjq9C'}, {'album_type': 'album', 'artists': [{'external_urls': {'spotify': 'https://open.spotify.com/artist/7w5Wl6HLdfWVEFUtledlbI'}, 'id': '7w5Wl6HLdfWVEFUtledlbI', 'name': 'Paddy Echo', 'type': 'artist', 'uri': 'spotify:artist:7w5Wl6HLdfWVEFUtledlbI'}], 'external_urls': {'spotify': 'https://open.spotify.com/album/7H4yAJA2xnoxNoLge6WYIM'}, 'id': '7H4yAJA2xnoxNoLge6WYIM', 'images': [{'height': 640, 'url': 'https://i.scdn.co/image/ab67616d0000b273dbf53ad3b2a3a49bfa58ba70', 'width': 640}, {'height': 300, 'url': 'https://i.scdn.co/image/ab67616d00001e02dbf53ad3b2a3a49bfa58ba70', 'width': 300}, {'height': 64, 'url': 'https://i.scdn.co/image/ab67616d00004851dbf53ad3b2a3a49bfa58ba70', 'width': 64}], 'is_playable': True, 'name': 'Stay For Dinner', 'release_date': '2023-01-27', 'release_date_precision': 'day', 'total_tracks': 7, 'type': 'album', 'uri': 'spotify:album:7H4yAJA2xnoxNoLge6WYIM'}, {'album_type': 'single', 'artists': [{'external_urls': {'spotify': 'https://open.spotify.com/artist/6viAbkzgmLgGVJz1WK5knC'}, 'id': '6viAbkzgmLgGVJz1WK5knC', 'name': 'Finn Matthews', 'type': 'artist', 'uri': 'spotify:artist:6viAbkzgmLgGVJz1WK5knC'}], 'external_urls': {'spotify': 'https://open.spotify.com/album/0a2xw5pdmtS1saGqq9CIHU'}, 'id': '0a2xw5pdmtS1saGqq9CIHU', 'images': [{'height': 640, 'url': 'https://i.scdn.co/image/ab67616d0000b273d47fcc6c4047124d7c2c23c2', 'width': 640}, {'height': 300, 'url': 'https://i.scdn.co/image/ab67616d00001e02d47fcc6c4047124d7c2c23c2', 'width': 300}, {'height': 64, 'url': 'https://i.scdn.co/image/ab67616d00004851d47fcc6c4047124d7c2c23c2', 'width': 64}], 'is_playable': True, 'name': 'COOL BLUE WATER', 'release_date': '2023-01-20', 'release_date_precision': 'day', 'total_tracks': 3, 'type': 'album', 'uri': 'spotify:album:0a2xw5pdmtS1saGqq9CIHU'}], 'limit': 10, 'next': None, 'offset': 0, 'previous': None, 'total': 10}, 'custom_fields': [], 'external_urls': None, 'id': 'section0JQ5IMCbQBLv76zselc4IE', 'images': [], 'name': 'Fresh Finds Pop', 'rendering': 'LIST', 'tag_line': None, 'type': 'view'}, {'content': {'items': [{'collaborative': False, 'description': ""we've made it through the winter! cover: Reneé Rapp"", 'external_urls': {'spotify': 'https://open.spotify.com/playlist/37i9dQZF1DWWvvyNmW9V9a'}, 'id': '37i9dQZF1DWWvvyNmW9V9a', 'images': [{'height': None, 'url': 'https://i.scdn.co/image/ab67706f00000002ab6637105b0c273b24596ddb', 'width': None}], 'name': 'teen beats', 'owner': {'display_name': 'Spotify', 'external_urls': {'spotify': 'https://open.spotify.com/user/spotify'}, 'id': 'spotify', 'type': 'user', 'uri': 'spotify:user:spotify'}, 'primary_color': None, 'public': None, 'snapshot_id': 'MTY4NjkyMDc0OSwwMDAwMDAwMGEyNWZlNTUyZDZhMGEwNzhkN2NkNzI0OTY0YWYzMzli', 'tracks': {'total': 104}, 'type': 'playlist', 'uri': 'spotify:playlist:37i9dQZF1DWWvvyNmW9V9a'}, {'collaborative': False, 'description': 'iykyk', 'external_urls': {'spotify': 'https://open.spotify.com/playlist/37i9dQZF1DX5Vy6DFOcx00'}, 'id': '37i9dQZF1DX5Vy6DFOcx00', 'images': [{'height': None, 'url': 'https://i.scdn.co/image/ab67706f000000021c9bfca9b2fd2f546a30f751', 'width': None}], 'name': 'big on the internet', 'owner': {'display_name': 'Spotify', 'external_urls': {'spotify': 'https://open.spotify.com/user/spotify'}, 'id': 'spotify', 'type': 'user', 'uri': 'spotify:user:spotify'}, 'primary_color': None, 'public': None, 'snapshot_id': 'MTY4NjkyMDk3NSwwMDAwMDAwMDE4ZDc1NzY0YzIyNDhiMzI4N2FhOTNlYWE2YjU5OTgx', 'tracks': {'total': 121}, 'type': 'playlist', 'uri': 'spotify:playlist:37i9dQZF1DX5Vy6DFOcx00'}, {'collaborative': False, 'description': 'Viral, trending and taking off.', 'external_urls': {'spotify': 'https://open.spotify.com/playlist/37i9dQZF1DX2L0iB23Enbq'}, 'id': '37i9dQZF1DX2L0iB23Enbq', 'images': [{'height': None, 'url': 'https://i.scdn.co/image/ab67706f00000002d971c6c23114fc7636dc23eb', 'width': None}], 'name': 'Viral Hits', 'owner': {'display_name': 'Spotify', 'external_urls': {'spotify': 'https://open.spotify.com/user/spotify'}, 'id': 'spotify', 'type': 'user', 'uri': 'spotify:user:spotify'}, 'primary_color': None, 'public': None, 'snapshot_id': 'MTY4Njg4ODAwMCwwMDAwMDAwMGNmYTg5ZGU3NzMzNDAyYTIwOWNmMzhkMzViNzVkNDAw', 'tracks': {'total': 75}, 'type': 'playlist', 'uri': 'spotify:playlist:37i9dQZF1DX2L0iB23Enbq'}, {'collaborative': False, 'description': 'Bad b**** energy. Be blessed, be spicy. Cover: Doja Cat ', 'external_urls': {'spotify': 'https://open.spotify.com/playlist/37i9dQZF1DX66m4icL86Ru'}, 'id': '37i9dQZF1DX66m4icL86Ru', 'images': [{'height': None, 'url': 'https://i.scdn.co/image/ab67706f00000002e36cd6abc77a672b713e9d50', 'width': None}], 'name': 'BBE', 'owner': {'display_name': 'Spotify', 'external_urls': {'spotify': 'https://open.spotify.com/user/spotify'}, 'id': 'spotify', 'type': 'user', 'uri': 'spotify:user:spotify'}, 'primary_color': None, 'public': None, 'snapshot_id': 'MTY4NjkyMTE4MCwwMDAwMDAwMDZlMjBhNDBhY2I4ZWQ1NmJkZTE4ZjdiMjUzMmJmY2Yw', 'tracks': {'total': 79}, 'type': 'playlist', 'uri': 'spotify:playlist:37i9dQZF1DX66m4icL86Ru'}, {'collaborative': False, 'description': 'the mood is to scream into your dashboard/choke back tears in the parking lot', 'external_urls': {'spotify': 'https://open.spotify.com/playlist/37i9dQZF1DX4mWCZw6qYIw'}, 'id': '37i9dQZF1DX4mWCZw6qYIw', 'images': [{'height': None, 'url': 'https://i.scdn.co/image/ab67706f0000000266fb6ec4a53920e8c30b8304', 'width': None}], 'name': 'songs to scream in the car', 'owner': {'display_name': 'Spotify', 'external_urls': {'spotify': 'https://open.spotify.com/user/spotify'}, 'id': 'spotify', 'type': 'user', 'uri': 'spotify:user:spotify'}, 'primary_color': None, 'public': None, 'snapshot_id': 'MTY4NjkyMDY5MCwwMDAwMDAwMDhjNGFjNTE4YWUzNjgzOTRiY2Q3YWFmMGVlMGY1MTk0', 'tracks': {'total': 60}, 'type': 'playlist', 'uri': 'spotify:playlist:37i9dQZF1DX4mWCZw6qYIw'}, {'collaborative': False, 'description': 'Discover the next wave of talent on the scene writing their own songs. Cover: Hunter Daily', 'external_urls': {'spotify': 'https://open.spotify.com/playlist/37i9dQZF1DXdbTERrLjYkP'}, 'id': '37i9dQZF1DXdbTERrLjYkP', 'images': [{'height': None, 'url': 'https://i.scdn.co/image/ab67706f00000002cbe7fee99398879813bac9f3', 'width': None}], 'name': 'Next Gen Singer-Songwriters', 'owner': {'display_name': 'Spotify', 'external_urls': {'spotify': 'https://open.spotify.com/user/spotify'}, 'id': 'spotify', 'type': 'user', 'uri': 'spotify:user:spotify'}, 'primary_color': None, 'public': None, 'snapshot_id': 'MTY4Njg4ODAwMCwwMDAwMDAwMGQ5YjU1NmI1YjJhMDgxZWFmMGI4OWJiMDRmZGE0YmUz', 'tracks': {'total': 75}, 'type': 'playlist', 'uri': 'spotify:playlist:37i9dQZF1DXdbTERrLjYkP'}, {'collaborative': False, 'description': 'resurging tracks coming in hot. cover: Dog Days Are Over era Florence + The Machine', 'external_urls': {'spotify': 'https://open.spotify.com/playlist/37i9dQZF1DWYPhtvsbr1Fn'}, 'id': '37i9dQZF1DWYPhtvsbr1Fn', 'images': [{'height': None, 'url': 'https://i.scdn.co/image/ab67706f00000002fd479b03d3eedc5c8a18aba3', 'width': None}], 'name': 'reheat', 'owner': {'display_name': 'Spotify', 'external_urls': {'spotify': 'https://open.spotify.com/user/spotify'}, 'id': 'spotify', 'type': 'user', 'uri': 'spotify:user:spotify'}, 'primary_color': None, 'public': None, 'snapshot_id': 'MTY4NjgzNzMzMCwwMDAwMDAwMGExZTUzMWMxMGNhMGZjZWIwMGZiYmQ1ZjhkM2E4YTdj', 'tracks': {'total': 85}, 'type': 'playlist', 'uri': 'spotify:playlist:37i9dQZF1DWYPhtvsbr1Fn'}, {'collaborative': False, 'description': ""Viral classics. Yup, we're at that stage."", 'external_urls': {'spotify': 'https://open.spotify.com/playlist/37i9dQZF1DWSPMbB1kcXmo'}, 'id': '37i9dQZF1DWSPMbB1kcXmo', 'images': [{'height': None, 'url': 'https://i.scdn.co/image/ab67706f0000000294bddc1d05920cce685229c5', 'width': None}], 'name': 'internet rewind', 'owner': {'display_name': 'Spotify', 'external_urls': {'spotify': 'https://open.spotify.com/user/spotify'}, 'id': 'spotify', 'type': 'user', 'uri': 'spotify:user:spotify'}, 'primary_color': None, 'public': None, 'snapshot_id': 'MTY4NjkyMDI1NywwMDAwMDAwMDBiZjYzOGE2M2E4ZGUyNDYzMzI5NjdhMDNlMmRlNGU5', 'tracks': {'total': 80}, 'type': 'playlist', 'uri': 'spotify:playlist:37i9dQZF1DWSPMbB1kcXmo'}], 'limit': 10, 'next': None, 'offset': 0, 'previous': None, 'total': 8}, 'custom_fields': [], 'external_urls': None, 'id': 'section0JQ5IMCbQBLhxvYUQvvK0q', 'images': [], 'name': 'Viral Pop', 'rendering': 'LIST', 'tag_line': None, 'type': 'view'}, {'content': {'items': [{'collaborative': False, 'description': 'All the indescribable feelings that music gives you. cover: waterbaby', 'external_urls': {'spotify': 'https://open.spotify.com/playlist/37i9dQZF1DXdwmD5Q7Gxah'}, 'id': '37i9dQZF1DXdwmD5Q7Gxah', 'images': [{'height': None, 'url': 'https://i.scdn.co/image/ab67706f00000002faebcab9f424b5491e4beb4d', 'width': None}], 'name': 'Lorem', 'owner': {'display_name': 'Spotify', 'external_urls': {'spotify': 'https://open.spotify.com/user/spotify'}, 'id': 'spotify', 'type': 'user', 'uri': 'spotify:user:spotify'}, 'primary_color': None, 'public': None, 'snapshot_id': 'MTY4Njg4ODAwMCwwMDAwMDAwMDIwYTYzZDlkMDIzYmJkYTQ0MzE1MDI3ZTk3MTM1YTIw', 'tracks': {'total': 110}, 'type': 'playlist', 'uri': 'spotify:playlist:37i9dQZF1DXdwmD5Q7Gxah'}, {'collaborative': False, 'description': 'A little bit of pop, a little bit of rap. Cover: Nicky Youre', 'external_urls': {'spotify': 'https://open.spotify.com/playlist/37i9dQZF1DXdWMJMjqz9bm'}, 'id': '37i9dQZF1DXdWMJMjqz9bm', 'images': [{'height': None, 'url': 'https://i.scdn.co/image/ab67706f00000002f7e06fa11456ce110ad2ab5c', 'width': None}], 'name': 'Varsity Bars', 'owner': {'display_name': 'Spotify', 'external_urls': {'spotify': 'https://open.spotify.com/user/spotify'}, 'id': 'spotify', 'type': 'user', 'uri': 'spotify:user:spotify'}, 'primary_color': None, 'public': None, 'snapshot_id': 'MTY4NjkyNDcwMiwwMDAwMDAwMDkxNzFkOGE4ZjBlNmZiODA1ZDA5MDA5NWZjZGUwNzQw', 'tracks': {'total': 100}, 'type': 'playlist', 'uri': 'spotify:playlist:37i9dQZF1DXdWMJMjqz9bm'}, {'collaborative': False, 'description': 'The hottest tracks of today ft. Metro Boomin, Lil Durk, The Weekend and more.', 'external_urls': {'spotify': 'https://open.spotify.com/playlist/37i9dQZF1DWYs83FtTMQFw'}, 'id': '37i9dQZF1DWYs83FtTMQFw', 'images': [{'height': None, 'url': 'https://i.scdn.co/image/ab67706f00000002a5cb5037d51c4c4bcd0bab3f', 'width': None}], 'name': 'Hot Rhythmic', 'owner': {'display_name': 'Spotify', 'external_urls': {'spotify': 'https://open.spotify.com/user/spotify'}, 'id': 'spotify', 'type': 'user', 'uri': 'spotify:user:spotify'}, 'primary_color': None, 'public': None, 'snapshot_id': 'MTY4Njg4OTk1MSwwMDAwMDAwMDAyODdlYTcyMTZlMjI4NzJjNWFjMWM2ZDBiYjMxZmZm', 'tracks': {'total': 97}, 'type': 'playlist', 'uri': 'spotify:playlist:37i9dQZF1DWYs83FtTMQFw'}, {'collaborative': False, 'description': 'New and approved indie pop. Cover: Sarah Kinsley', 'external_urls': {'spotify': 'https://open.spotify.com/playlist/37i9dQZF1DWWEcRhUVtL8n'}, 'id': '37i9dQZF1DWWEcRhUVtL8n', 'images': [{'height': None, 'url': 'https://i.scdn.co/image/ab67706f00000002d5ede390c23442dbced70142', 'width': None}], 'name': 'Indie Pop', 'owner': {'display_name': 'Spotify', 'external_urls': {'spotify': 'https://open.spotify.com/user/spotify'}, 'id': 'spotify', 'type': 'user', 'uri': 'spotify:user:spotify'}, 'primary_color': None, 'public': None, 'snapshot_id': 'MTY4Njg4ODAwMCwwMDAwMDAwMDViODU0MjJmZTM1NjQyYjVhYTc5MDliNDFjY2E1MmEx', 'tracks': {'total': 100}, 'type': 'playlist', 'uri': 'spotify:playlist:37i9dQZF1DWWEcRhUVtL8n'}, {'collaborative': False, 'description': 'A mix of soulful, folksy, and beloved singer-songwriter acoustic gems. Cover: Ed Sheeran', 'external_urls': {'spotify': 'https://open.spotify.com/playlist/37i9dQZF1DX4VvfRBFClxm'}, 'id': '37i9dQZF1DX4VvfRBFClxm', 'images': [{'height': None, 'url': 'https://i.scdn.co/image/ab67706f00000002063d064d44947886a297b8ce', 'width': None}], 'name': 'Acoustic Hits', 'owner': {'display_name': 'Spotify', 'external_urls': {'spotify': 'https://open.spotify.com/user/spotify'}, 'id': 'spotify', 'type': 'user', 'uri': 'spotify:user:spotify'}, 'primary_color': None, 'public': None, 'snapshot_id': 'MTY4NjkyMDAzNSwwMDAwMDAwMDgxOWIyZWQzZjFmYTA3MjQzZjE0MmZkMzhjMWNjYWY0', 'tracks': {'total': 125}, 'type': 'playlist', 'uri': 'spotify:playlist:37i9dQZF1DX4VvfRBFClxm'}, {'collaborative': False, 'description': 'Pop country hits of today and tomorrow. Cover: Jessie Murph and Maren Morris', 'external_urls': {'spotify': 'https://open.spotify.com/playlist/37i9dQZF1DXadasIcsfbqh'}, 'id': '37i9dQZF1DXadasIcsfbqh', 'images': [{'height': None, 'url': 'https://i.scdn.co/image/ab67706f00000002f9c011ccb7e900c9491bfbc0', 'width': None}], 'name': 'Pop Country', 'owner': {'display_name': 'Spotify', 'external_urls': {'spotify': 'https://open.spotify.com/user/spotify'}, 'id': 'spotify', 'type': 'user', 'uri': 'spotify:user:spotify'}, 'primary_color': None, 'public': None, 'snapshot_id': 'MTY4NjkyMDQ1NSwwMDAwMDAwMDc0NDRiMzYxZTQ5MzIxY2I0MWY4ZDU1MjE4MWU1ZmMy', 'tracks': {'total': 100}, 'type': 'playlist', 'uri': 'spotify:playlist:37i9dQZF1DXadasIcsfbqh'}, {'collaborative': False, 'description': 'The hottest Afropop, Afrobeats and Afro-Caribbean hits, all in one place. Cover: Omah Lay', 'external_urls': {'spotify': 'https://open.spotify.com/playlist/37i9dQZF1DWX0o6sD1a6P5'}, 'id': '37i9dQZF1DWX0o6sD1a6P5', 'images': [{'height': None, 'url': 'https://i.scdn.co/image/ab67706f000000026bf414ef2b31b286b42ab8d9', 'width': None}], 'name': 'Afro Hits', 'owner': {'display_name': 'Spotify', 'external_urls': {'spotify': 'https://open.spotify.com/user/spotify'}, 'id': 'spotify', 'type': 'user', 'uri': 'spotify:user:spotify'}, 'primary_color': None, 'public': None, 'snapshot_id': 'MTY4Njg2NjQwMCwwMDAwMDAwMDQ5M2FkMTA4ZjFjY2RjMzFhMzliNjk3OTNmNjI5ZmQz', 'tracks': {'total': 50}, 'type': 'playlist', 'uri': 'spotify:playlist:37i9dQZF1DWX0o6sD1a6P5'}, {'collaborative': False, 'description': 'The best of folk-infused pop and singer-songwriter. Cover: Noah Kahan', 'external_urls': {'spotify': 'https://open.spotify.com/playlist/37i9dQZF1DWXJyjYpHunCf'}, 'id': '37i9dQZF1DWXJyjYpHunCf', 'images': [{'height': None, 'url': 'https://i.scdn.co/image/ab67706f0000000238f513f2f5fe0d5a53248ada', 'width': None}], 'name': 'Folk Pop', 'owner': {'display_name': 'Spotify', 'external_urls': {'spotify': 'https://open.spotify.com/user/spotify'}, 'id': 'spotify', 'type': 'user', 'uri': 'spotify:user:spotify'}, 'primary_color': None, 'public': None, 'snapshot_id': 'MTY4Njg4ODAwMCwwMDAwMDAwMDRkYmFiNTkyZGJjMjg0YzA0ZDUwNjcxMTI2ZTdlM2Rk', 'tracks': {'total': 100}, 'type': 'playlist', 'uri': 'spotify:playlist:37i9dQZF1DWXJyjYpHunCf'}, {'collaborative': False, 'description': 'The hottest Latin hits in the US! Cover: Fuerza Regida', 'external_urls': {'spotify': 'https://open.spotify.com/playlist/37i9dQZF1DX4oUPBOaEkL6'}, 'id': '37i9dQZF1DX4oUPBOaEkL6', 'images': [{'height': None, 'url': 'https://i.scdn.co/image/ab67706f0000000200b39d6fa85c59d60629aea9', 'width': None}], 'name': 'Éxitos USA', 'owner': {'display_name': 'Spotify', 'external_urls': {'spotify': 'https://open.spotify.com/user/spotify'}, 'id': 'spotify', 'type': 'user', 'uri': 'spotify:user:spotify'}, 'primary_color': None, 'public': None, 'snapshot_id': 'MTY4NjkyMDg2MywwMDAwMDAwMDk2ODYzNDllMWVhNTQzODc5ZmMyMjVhNzFhMTUwOGQ3', 'tracks': {'total': 50}, 'type': 'playlist', 'uri': 'spotify:playlist:37i9dQZF1DX4oUPBOaEkL6'}, {'collaborative': False, 'description': 'cant wait till hyperpop2 drops [Cover: Madge]', 'external_urls': {'spotify': 'https://open.spotify.com/playlist/37i9dQZF1DX7HOk71GPfSw'}, 'id': '37i9dQZF1DX7HOk71GPfSw', 'images': [{'height': None, 'url': 'https://i.scdn.co/image/ab67706f000000020ca7e36b9cc3d6a6721f4b10', 'width': None}], 'name': 'hyperpop', 'owner': {'display_name': 'Spotify', 'external_urls': {'spotify': 'https://open.spotify.com/user/spotify'}, 'id': 'spotify', 'type': 'user', 'uri': 'spotify:user:spotify'}, 'primary_color': None, 'public': None, 'snapshot_id': 'MTY4NjgzNzk0NywwMDAwMDAwMDY0Y2JjMWE0NWQyYTFhODRlMjVhYjM1ZWFmYmFlZjli', 'tracks': {'total': 100}, 'type': 'playlist', 'uri': 'spotify:playlist:37i9dQZF1DX7HOk71GPfSw'}], 'limit': 10, 'next': True, 'offset': 0, 'previous': None, 'total': 14}, 'custom_fields': [], 'external_urls': None, 'id': 'section0JQ5IMCbQBLBZelbhA8mt6', 'images': [], 'name': 'Pop Adjacent', 'rendering': 'LIST', 'tag_line': None, 'type': 'view'}, {'content': {'items': [{'collaborative': False, 'description': 'Classic hits from the 50s and 60s.', 'external_urls': {'spotify': 'https://open.spotify.com/playlist/37i9dQZF1DX56bqlsMxJYR'}, 'id': '37i9dQZF1DX56bqlsMxJYR', 'images': [{'height': None, 'url': 'https://i.scdn.co/image/ab67706f00000002c96c5f4f4b930ac50ab25a93', 'width': None}], 'name': 'Classic Oldies', 'owner': {'display_name': 'Spotify', 'external_urls': {'spotify': 'https://open.spotify.com/user/spotify'}, 'id': 'spotify', 'type': 'user', 'uri': 'spotify:user:spotify'}, 'primary_color': None, 'public': None, 'snapshot_id': 'MTY4NjkyMDQwOSwwMDAwMDAwMDRmMWNkNDhiY2UzMDJkYzBmMzU3ODdkNThjMGMzYzQ2', 'tracks': {'total': 150}, 'type': 'playlist', 'uri': 'spotify:playlist:37i9dQZF1DX56bqlsMxJYR'}, {'collaborative': False, 'description': 'Celebrating some of the most iconic female voices of all time.  Cover: Céline Dion', 'external_urls': {'spotify': 'https://open.spotify.com/playlist/37i9dQZF1DX9loJQLuEvap'}, 'id': '37i9dQZF1DX9loJQLuEvap', 'images': [{'height': None, 'url': 'https://i.scdn.co/image/ab67706f0000000200815d0cfa96beb9db555c5f', 'width': None}], 'name': 'Great Female Voices', 'owner': {'display_name': 'Spotify', 'external_urls': {'spotify': 'https://open.spotify.com/user/spotify'}, 'id': 'spotify', 'type': 'user', 'uri': 'spotify:user:spotify'}, 'primary_color': None, 'public': None, 'snapshot_id': 'MTY4NjkxOTc0MSwwMDAwMDAwMDgyNTFiZjczYzhmMmU3ZDhkNThhMmUzNzY5MWFjNzBm', 'tracks': {'total': 50}, 'type': 'playlist', 'uri': 'spotify:playlist:37i9dQZF1DX9loJQLuEvap'}, {'collaborative': False, 'description': 'All your Disco favorites. Cover: Donna Summer', 'external_urls': {'spotify': 'https://open.spotify.com/playlist/37i9dQZF1DX1MUPbVKMgJE'}, 'id': '37i9dQZF1DX1MUPbVKMgJE', 'images': [{'height': None, 'url': 'https://i.scdn.co/image/ab67706f0000000294f1eded8f2da04912814805', 'width': None}], 'name': 'Disco Forever', 'owner': {'display_name': 'Spotify', 'external_urls': {'spotify': 'https://open.spotify.com/user/spotify'}, 'id': 'spotify', 'type': 'user', 'uri': 'spotify:user:spotify'}, 'primary_color': None, 'public': None, 'snapshot_id': 'MTY4NjkxOTA3MywwMDAwMDAwMDc3ZmIyNGU2MTRlMjI0MWY3NzRmYjliNmRjYmNiYTVj', 'tracks': {'total': 50}, 'type': 'playlist', 'uri': 'spotify:playlist:37i9dQZF1DX1MUPbVKMgJE'}, {'collaborative': False, 'description': 'Sing-along favorites. Cover: Billy Joel', 'external_urls': {'spotify': 'https://open.spotify.com/playlist/37i9dQZF1DWUh7dobVCfAj'}, 'id': '37i9dQZF1DWUh7dobVCfAj', 'images': [{'height': None, 'url': 'https://i.scdn.co/image/ab67706f00000002b42327ac784b69cf7fdbda9b', 'width': None}], 'name': 'Piano Bar Classics', 'owner': {'display_name': 'Spotify', 'external_urls': {'spotify': 'https://open.spotify.com/user/spotify'}, 'id': 'spotify', 'type': 'user', 'uri': 'spotify:user:spotify'}, 'primary_color': None, 'public': None, 'snapshot_id': 'MTY4NjkxOTE1OSwwMDAwMDAwMDZmYzU3OGM1ODEyZGYwZTM2ZjRlZmRjOWNjYzJhNjI2', 'tracks': {'total': 65}, 'type': 'playlist', 'uri': 'spotify:playlist:37i9dQZF1DWUh7dobVCfAj'}, {'collaborative': False, 'description': ""Relive the good ol' days with these 60s and 70s classics."", 'external_urls': {'spotify': 'https://open.spotify.com/playlist/37i9dQZF1DX84kJlLdo9vT'}, 'id': '37i9dQZF1DX84kJlLdo9vT', 'images': [{'height': None, 'url': 'https://i.scdn.co/image/ab67706f00000002679aa492b820d62256659b77', 'width': None}], 'name': 'Happy Days', 'owner': {'display_name': 'Spotify', 'external_urls': {'spotify': 'https://open.spotify.com/user/spotify'}, 'id': 'spotify', 'type': 'user', 'uri': 'spotify:user:spotify'}, 'primary_color': None, 'public': None, 'snapshot_id': 'MTY4NjkxODk1NiwwMDAwMDAwMDdiM2VhOGEyYzY1ZTYxNDIwNDgwMjg1NjI3ODc3YTY0', 'tracks': {'total': 50}, 'type': 'playlist', 'uri': 'spotify:playlist:37i9dQZF1DX84kJlLdo9vT'}, {'collaborative': False, 'description': 'Timeless and smooth. Here are your favorite crooners. Cover: Nat King Cole. ', 'external_urls': {'spotify': 'https://open.spotify.com/playlist/37i9dQZF1DX1cC4JrF1e4o'}, 'id': '37i9dQZF1DX1cC4JrF1e4o', 'images': [{'height': None, 'url': 'https://i.scdn.co/image/ab67706f000000023e098b97552112554b048f96', 'width': None}], 'name': 'Crooner Classics', 'owner': {'display_name': 'Spotify', 'external_urls': {'spotify': 'https://open.spotify.com/user/spotify'}, 'id': 'spotify', 'type': 'user', 'uri': 'spotify:user:spotify'}, 'primary_color': None, 'public': None, 'snapshot_id': 'MTY4NjkxOTAxNiwwMDAwMDAwMGZkOGRlMzU0NTVkYWQ1ZmFiNmM0NWVjMWE3Mzg1OGVi', 'tracks': {'total': 50}, 'type': 'playlist', 'uri': 'spotify:playlist:37i9dQZF1DX1cC4JrF1e4o'}, {'collaborative': False, 'description': 'Dancing to electro-pop like a robot from 1984. Cover: Depeche Mode. ', 'external_urls': {'spotify': 'https://open.spotify.com/playlist/37i9dQZF1DWU1f2CQHNexG'}, 'id': '37i9dQZF1DWU1f2CQHNexG', 'images': [{'height': None, 'url': 'https://i.scdn.co/image/ab67706f00000002a19ab0602aa2b39be06b44da', 'width': None}], 'name': 'Synthpop Classics ', 'owner': {'display_name': 'Spotify', 'external_urls': {'spotify': 'https://open.spotify.com/user/spotify'}, 'id': 'spotify', 'type': 'user', 'uri': 'spotify:user:spotify'}, 'primary_color': None, 'public': None, 'snapshot_id': 'MTY4NjgzNTY0NiwwMDAwMDAwMDIwYmRlMDY0YjdmZjBlZWE1ZjFhNDY1ZmQ2MDE3OTQy', 'tracks': {'total': 75}, 'type': 'playlist', 'uri': 'spotify:playlist:37i9dQZF1DWU1f2CQHNexG'}, {'collaborative': False, 'description': 'The biggest songs of the 1990s. Cover: TLC.', 'external_urls': {'spotify': 'https://open.spotify.com/playlist/37i9dQZF1DXbTxeAdrVG2l'}, 'id': '37i9dQZF1DXbTxeAdrVG2l', 'images': [{'height': None, 'url': 'https://i.scdn.co/image/ab67706f0000000259a6f72404b53faa6fabb088', 'width': None}], 'name': 'All Out 90s', 'owner': {'display_name': 'Spotify', 'external_urls': {'spotify': 'https://open.spotify.com/user/spotify'}, 'id': 'spotify', 'type': 'user', 'uri': 'spotify:user:spotify'}, 'primary_color': None, 'public': None, 'snapshot_id': 'MTY4NjkxOTkyOSwwMDAwMDAwMGI0ZmNlZmQ3ODNkYzliZTkzMjVlMmRiMDVkZGE4Y2Ix', 'tracks': {'total': 150}, 'type': 'playlist', 'uri': 'spotify:playlist:37i9dQZF1DXbTxeAdrVG2l'}, {'collaborative': False, 'description': 'The biggest songs of the 1980s.', 'external_urls': {'spotify': 'https://open.spotify.com/playlist/37i9dQZF1DX4UtSsGT1Sbe'}, 'id': '37i9dQZF1DX4UtSsGT1Sbe', 'images': [{'height': None, 'url': 'https://i.scdn.co/image/ab67706f000000020eb6c5b5ed2855a95ce770d2', 'width': None}], 'name': 'All Out 80s', 'owner': {'display_name': 'Spotify', 'external_urls': {'spotify': 'https://open.spotify.com/user/spotify'}, 'id': 'spotify', 'type': 'user', 'uri': 'spotify:user:spotify'}, 'primary_color': None, 'public': None, 'snapshot_id': 'MTY4NjkxOTkzMiwwMDAwMDAwMDA2ZDRkMzFjMDY4MmFhYzg5YmMyMTk3ZDE3MzA3ZDkz', 'tracks': {'total': 150}, 'type': 'playlist', 'uri': 'spotify:playlist:37i9dQZF1DX4UtSsGT1Sbe'}, {'collaborative': False, 'description': 'The biggest songs of the 1970s. \n', 'external_urls': {'spotify': 'https://open.spotify.com/playlist/37i9dQZF1DWTJ7xPn4vNaz'}, 'id': '37i9dQZF1DWTJ7xPn4vNaz', 'images': [{'height': None, 'url': 'https://i.scdn.co/image/ab67706f00000002e973c34650c72b5ad115fc3a', 'width': None}], 'name': 'All Out 70s', 'owner': {'display_name': 'Spotify', 'external_urls': {'spotify': 'https://open.spotify.com/user/spotify'}, 'id': 'spotify', 'type': 'user', 'uri': 'spotify:user:spotify'}, 'primary_color': None, 'public': None, 'snapshot_id': 'MTY4NjkxOTAzOSwwMDAwMDAwMGQwNjMwZWExZTNhOGZkOTBkNWEwMzVhOTFlZDczNDZk', 'tracks': {'total': 150}, 'type': 'playlist', 'uri': 'spotify:playlist:37i9dQZF1DWTJ7xPn4vNaz'}], 'limit': 10, 'next': True, 'offset': 0, 'previous': None, 'total': 20}, 'custom_fields': [], 'external_urls': None, 'id': 'section0JQ5IMCbQBLl4Nf8GB5Hbn', 'images': [], 'name': 'Classic Pop', 'rendering': 'LIST', 'tag_line': None, 'type': 'view'}, {'content': {'items': [{'collaborative': False, 'description': 'Warm familiar pop you know and love. Cover: Lady Gaga', 'external_urls': {'spotify': 'https://open.spotify.com/playlist/37i9dQZF1DWTwnEm1IYyoj'}, 'id': '37i9dQZF1DWTwnEm1IYyoj', 'images': [{'height': None, 'url': 'https://i.scdn.co/image/ab67706f00000002163207c8107a08d4a480493e', 'width': None}], 'name': 'Soft Pop Hits', 'owner': {'display_name': 'Spotify', 'external_urls': {'spotify': 'https://open.spotify.com/user/spotify'}, 'id': 'spotify', 'type': 'user', 'uri': 'spotify:user:spotify'}, 'primary_color': None, 'public': None, 'snapshot_id': 'MTY4NjkyMDMyNSwwMDAwMDAwMDQ2YmZmNWVkMTgyY2MxZDg4YWM5ODJlNGU4NWFjZmZk', 'tracks': {'total': 100}, 'type': 'playlist', 'uri': 'spotify:playlist:37i9dQZF1DWTwnEm1IYyoj'}, {'collaborative': False, 'description': ""Warm, inspirational pop, that's good at heart"", 'external_urls': {'spotify': 'https://open.spotify.com/playlist/37i9dQZF1DWYzhk8ayyoEy'}, 'id': '37i9dQZF1DWYzhk8ayyoEy', 'images': [{'height': None, 'url': 'https://i.scdn.co/image/ab67706f00000002e1846dd05b9063150def6dd6', 'width': None}], 'name': 'shine', 'owner': {'display_name': 'Spotify', 'external_urls': {'spotify': 'https://open.spotify.com/user/spotify'}, 'id': 'spotify', 'type': 'user', 'uri': 'spotify:user:spotify'}, 'primary_color': None, 'public': None, 'snapshot_id': 'MTY4NjkxOTc0OSwwMDAwMDAwMGU4ZDU2NTBkOGRjN2JhZGJlNTgzYjkzNmZiZTY3N2My', 'tracks': {'total': 70}, 'type': 'playlist', 'uri': 'spotify:playlist:37i9dQZF1DWYzhk8ayyoEy'}, {'collaborative': False, 'description': 'Recent hits and new songs from your fave artists. Cover: Noah Kahan', 'external_urls': {'spotify': 'https://open.spotify.com/playlist/37i9dQZF1DX0b1hHYQtJjp'}, 'id': '37i9dQZF1DX0b1hHYQtJjp', 'images': [{'height': None, 'url': 'https://i.scdn.co/image/ab67706f00000002208eb408e387c8e8dfcd5e18', 'width': None}], 'name': 'Just Good Music', 'owner': {'display_name': 'Spotify', 'external_urls': {'spotify': 'https://open.spotify.com/user/spotify'}, 'id': 'spotify', 'type': 'user', 'uri': 'spotify:user:spotify'}, 'primary_color': None, 'public': None, 'snapshot_id': 'MTY4Njg4ODMwNCwwMDAwMDAwMGUwZGM2MjE2N2E1ZjQyYTJmNTY1ZGUwYmNhMWYwZDgz', 'tracks': {'total': 65}, 'type': 'playlist', 'uri': 'spotify:playlist:37i9dQZF1DX0b1hHYQtJjp'}, {'collaborative': False, 'description': 'Vocals and keys, front and center. Cover: Adele', 'external_urls': {'spotify': 'https://open.spotify.com/playlist/37i9dQZF1DWVIzZt2GAU4X'}, 'id': '37i9dQZF1DWVIzZt2GAU4X', 'images': [{'height': None, 'url': 'https://i.scdn.co/image/ab67706f0000000294bc9666fa5fcb6f31b1cde8', 'width': None}], 'name': 'Piano Ballads', 'owner': {'display_name': 'Spotify', 'external_urls': {'spotify': 'https://open.spotify.com/user/spotify'}, 'id': 'spotify', 'type': 'user', 'uri': 'spotify:user:spotify'}, 'primary_color': None, 'public': None, 'snapshot_id': 'MTY4NjkyNDY1MCwwMDAwMDAwMDliNDUzODdhNGY2MzJmMDBiYmY0NjY5ZTQ5MTUyYTY5', 'tracks': {'total': 75}, 'type': 'playlist', 'uri': 'spotify:playlist:37i9dQZF1DWVIzZt2GAU4X'}, {'collaborative': False, 'description': 'Lovely, acoustic pop. Cover: Taylor Swift', 'external_urls': {'spotify': 'https://open.spotify.com/playlist/37i9dQZF1DWWxrt1tiKYiX'}, 'id': '37i9dQZF1DWWxrt1tiKYiX', 'images': [{'height': None, 'url': 'https://i.scdn.co/image/ab67706f0000000228ec4737fa79edcc6c1b6f56', 'width': None}], 'name': 'Acoustic Pop', 'owner': {'display_name': 'Spotify', 'external_urls': {'spotify': 'https://open.spotify.com/user/spotify'}, 'id': 'spotify', 'type': 'user', 'uri': 'spotify:user:spotify'}, 'primary_color': None, 'public': None, 'snapshot_id': 'MTY4NjkyMTQzMCwwMDAwMDAwMDg2MWM3MjI4MDVlZDk4MzA0YWRhOGQ3YzNiYzU4ZDI2', 'tracks': {'total': 100}, 'type': 'playlist', 'uri': 'spotify:playlist:37i9dQZF1DWWxrt1tiKYiX'}, {'collaborative': False, 'description': ""Keeping it lowkey with the best of today's chill pop. Cover: Laufey"", 'external_urls': {'spotify': 'https://open.spotify.com/playlist/37i9dQZF1DX0MLFaUdXnjA'}, 'id': '37i9dQZF1DX0MLFaUdXnjA', 'images': [{'height': None, 'url': 'https://i.scdn.co/image/ab67706f000000026cf10a780e0f7236c70eb034', 'width': None}], 'name': 'Chill Pop', 'owner': {'display_name': 'Spotify', 'external_urls': {'spotify': 'https://open.spotify.com/user/spotify'}, 'id': 'spotify', 'type': 'user', 'uri': 'spotify:user:spotify'}, 'primary_color': None, 'public': None, 'snapshot_id': 'MTY4NjkyMTQyNSwwMDAwMDAwMDVkMDlmZWUxMjllMDAwN2FmNmY5YWZjZDJhMDhmMWE1', 'tracks': {'total': 100}, 'type': 'playlist', 'uri': 'spotify:playlist:37i9dQZF1DX0MLFaUdXnjA'}, {'collaborative': False, 'description': ""It's giving coastal grandmother, it's giving Diane Keaton, it's giving apple pies."", 'external_urls': {'spotify': 'https://open.spotify.com/playlist/37i9dQZF1DXc2jw7z4RD7k'}, 'id': '37i9dQZF1DXc2jw7z4RD7k', 'images': [{'height': None, 'url': 'https://i.scdn.co/image/ab67706f00000002dc780f7433d8e769fd2e8e12', 'width': None}], 'name': ""Grandma's Home"", 'owner': {'display_name': 'Spotify', 'external_urls': {'spotify': 'https://open.spotify.com/user/spotify'}, 'id': 'spotify', 'type': 'user', 'uri': 'spotify:user:spotify'}, 'primary_color': None, 'public': None, 'snapshot_id': 'MTY4NjkxOTMzNywwMDAwMDAwMGI2OThmOGYwOWU0ZmQwZmJjZjFlOGU2NjhlOTNjMzE5', 'tracks': {'total': 75}, 'type': 'playlist', 'uri': 'spotify:playlist:37i9dQZF1DXc2jw7z4RD7k'}, {'collaborative': False, 'description': 'Everything Broadway-adjacent. Cover: Idina Menzel', 'external_urls': {'spotify': 'https://open.spotify.com/playlist/37i9dQZF1DWZs0W69wXP5G'}, 'id': '37i9dQZF1DWZs0W69wXP5G', 'images': [{'height': None, 'url': 'https://i.scdn.co/image/ab67706f0000000281742d71e5531fd46c1ae912', 'width': None}], 'name': 'Off Broadway', 'owner': {'display_name': 'Spotify', 'external_urls': {'spotify': 'https://open.spotify.com/user/spotify'}, 'id': 'spotify', 'type': 'user', 'uri': 'spotify:user:spotify'}, 'primary_color': None, 'public': None, 'snapshot_id': 'MTY4Njg5MjQ4MCwwMDAwMDAwMGZiMDczYmM3YzI4ZmUzMDE3MWEwMzRjOGJiMjc0Mjgx', 'tracks': {'total': 84}, 'type': 'playlist', 'uri': 'spotify:playlist:37i9dQZF1DWZs0W69wXP5G'}, {'collaborative': False, 'description': 'The soundtrack to mall walking... once upon a time.', 'external_urls': {'spotify': 'https://open.spotify.com/playlist/37i9dQZF1DX5QvuBqAhuBS'}, 'id': '37i9dQZF1DX5QvuBqAhuBS', 'images': [{'height': None, 'url': 'https://i.scdn.co/image/ab67706f000000020ac24b2ec49d8290f7724f9d', 'width': None}], 'name': 'Mall Anthems', 'owner': {'display_name': 'Spotify', 'external_urls': {'spotify': 'https://open.spotify.com/user/spotify'}, 'id': 'spotify', 'type': 'user', 'uri': 'spotify:user:spotify'}, 'primary_color': None, 'public': None, 'snapshot_id': 'MTY4NjkxOTIwNywwMDAwMDAwMGY1N2U1NzI5NjExOGJkMjkzYTQxNTFmYThmOGY5NmJl', 'tracks': {'total': 50}, 'type': 'playlist', 'uri': 'spotify:playlist:37i9dQZF1DX5QvuBqAhuBS'}, {'collaborative': False, 'description': 'The perfect soundtrack to those long nights over dinner', 'external_urls': {'spotify': 'https://open.spotify.com/playlist/37i9dQZF1DX4xuWVBs4FgJ'}, 'id': '37i9dQZF1DX4xuWVBs4FgJ', 'images': [{'height': None, 'url': 'https://i.scdn.co/image/ab67706f000000026e515187c071e45918e9f0de', 'width': None}], 'name': 'Dinner with Friends', 'owner': {'display_name': 'Spotify', 'external_urls': {'spotify': 'https://open.spotify.com/user/spotify'}, 'id': 'spotify', 'type': 'user', 'uri': 'spotify:user:spotify'}, 'primary_color': None, 'public': None, 'snapshot_id': 'MTY4NjkyMTM0NCwwMDAwMDAwMDk1MTU5MjYxMzRkYTU0MjY2Njk1OWU2OWE5NmM2NTA1', 'tracks': {'total': 100}, 'type': 'playlist', 'uri': 'spotify:playlist:37i9dQZF1DX4xuWVBs4FgJ'}], 'limit': 10, 'next': None, 'offset': 0, 'previous': None, 'total': 10}, 'custom_fields': [], 'external_urls': None, 'id': 'section0JQ5IMCbQBLr8pSANmibHq', 'images': [], 'name': 'Easy Pop', 'rendering': 'LIST', 'tag_line': None, 'type': 'view'}, {'content': {'items': [{'collaborative': False, 'description': 'Somehow heartbreak feels good in a place like this. Cover: Rowan Drake', 'external_urls': {'spotify': 'https://open.spotify.com/playlist/37i9dQZF1DWSqBruwoIXkA'}, 'id': '37i9dQZF1DWSqBruwoIXkA', 'images': [{'height': None, 'url': 'https://i.scdn.co/image/ab67706f000000025635de38f0871159835012eb', 'width': None}], 'name': 'sad hour', 'owner': {'display_name': 'Spotify', 'external_urls': {'spotify': 'https://open.spotify.com/user/spotify'}, 'id': 'spotify', 'type': 'user', 'uri': 'spotify:user:spotify'}, 'primary_color': None, 'public': None, 'snapshot_id': 'MTY4Njg4ODAwMCwwMDAwMDAwMGE4NjgxZDAxMWM0YWNlZGU0ZWI2NmY0YzNmMDFiNWZk', 'tracks': {'total': 150}, 'type': 'playlist', 'uri': 'spotify:playlist:37i9dQZF1DWSqBruwoIXkA'}, {'collaborative': False, 'description': ""Lately I've been dressing for revenge"", 'external_urls': {'spotify': 'https://open.spotify.com/playlist/37i9dQZF1DX3R7OWWGN4gH'}, 'id': '37i9dQZF1DX3R7OWWGN4gH', 'images': [{'height': None, 'url': 'https://i.scdn.co/image/ab67706f00000002bd8eeed378ff5fe8f36c43cf', 'width': None}], 'name': 'Villain Mode', 'owner': {'display_name': 'Spotify', 'external_urls': {'spotify': 'https://open.spotify.com/user/spotify'}, 'id': 'spotify', 'type': 'user', 'uri': 'spotify:user:spotify'}, 'primary_color': None, 'public': None, 'snapshot_id': 'MTY4NjkyMDQwMSwwMDAwMDAwMGM5OTUzYzc0Yzg5NTk5ZGQ0OWRlNTZhNGRmMWMzYjBm', 'tracks': {'total': 100}, 'type': 'playlist', 'uri': 'spotify:playlist:37i9dQZF1DX3R7OWWGN4gH'}, {'collaborative': False, 'description': 'bossa vibes and a romantic daydream', 'external_urls': {'spotify': 'https://open.spotify.com/playlist/37i9dQZF1DXcUY9O5yRihK'}, 'id': '37i9dQZF1DXcUY9O5yRihK', 'images': [{'height': None, 'url': 'https://i.scdn.co/image/ab67706f00000002aaa232268d421ddd4e390c28', 'width': None}], 'name': 'blush', 'owner': {'display_name': 'Spotify', 'external_urls': {'spotify': 'https://open.spotify.com/user/spotify'}, 'id': 'spotify', 'type': 'user', 'uri': 'spotify:user:spotify'}, 'primary_color': None, 'public': None, 'snapshot_id': 'MTY4NjkxOTcxNSwwMDAwMDAwMDA0MTE2ZjZlYjE0OTNjNjNlZWIzOGNhNDMyZmIwN2Uz', 'tracks': {'total': 60}, 'type': 'playlist', 'uri': 'spotify:playlist:37i9dQZF1DXcUY9O5yRihK'}, {'collaborative': False, 'description': 'Set it off with these epic anthems. Only good vibes here!', 'external_urls': {'spotify': 'https://open.spotify.com/playlist/37i9dQZF1DWYBO1MoTDhZI'}, 'id': '37i9dQZF1DWYBO1MoTDhZI', 'images': [{'height': None, 'url': 'https://i.scdn.co/image/ab67706f00000002ed91f72d69d10c9805cf25b3', 'width': None}], 'name': 'Good Vibes', 'owner': {'display_name': 'Spotify', 'external_urls': {'spotify': 'https://open.spotify.com/user/spotify'}, 'id': 'spotify', 'type': 'user', 'uri': 'spotify:user:spotify'}, 'primary_color': None, 'public': None, 'snapshot_id': 'MTY4NjkyMTQyMiwwMDAwMDAwMGFkMzYzNmNhNDRhZTQ2YjRhOWIzYzk5YTdmZTViMWYx', 'tracks': {'total': 85}, 'type': 'playlist', 'uri': 'spotify:playlist:37i9dQZF1DWYBO1MoTDhZI'}, {'collaborative': False, 'description': ""Get happy with today's dose of feel-good songs!"", 'external_urls': {'spotify': 'https://open.spotify.com/playlist/37i9dQZF1DX3rxVfibe1L0'}, 'id': '37i9dQZF1DX3rxVfibe1L0', 'images': [{'height': None, 'url': 'https://i.scdn.co/image/ab67706f00000002bd0e19e810bb4b55ab164a95', 'width': None}], 'name': 'Mood Booster', 'owner': {'display_name': 'Spotify', 'external_urls': {'spotify': 'https://open.spotify.com/user/spotify'}, 'id': 'spotify', 'type': 'user', 'uri': 'spotify:user:spotify'}, 'primary_color': None, 'public': None, 'snapshot_id': 'MTY4NjkyMTExNCwwMDAwMDAwMDI0MTRhOTRhMTEwZDI4YWE3MzllZDNkZmE2OGQ5NzZj', 'tracks': {'total': 78}, 'type': 'playlist', 'uri': 'spotify:playlist:37i9dQZF1DX3rxVfibe1L0'}, {'collaborative': False, 'description': 'summer has landed', 'external_urls': {'spotify': 'https://open.spotify.com/playlist/37i9dQZF1DX9nkam6FKfgM'}, 'id': '37i9dQZF1DX9nkam6FKfgM', 'images': [{'height': None, 'url': 'https://i.scdn.co/image/ab67706f000000022ce4b7e4b4fc77e44b206063', 'width': None}], 'name': 'Summer Pop', 'owner': {'display_name': 'Spotify', 'external_urls': {'spotify': 'https://open.spotify.com/user/spotify'}, 'id': 'spotify', 'type': 'user', 'uri': 'spotify:user:spotify'}, 'primary_color': None, 'public': None, 'snapshot_id': 'MTY4NjA4Mzk0NCwwMDAwMDAwMGU1ZTQ4ZTE4Yzg1OTI5MDFjMjQ3ZWU4NmU5YzhlYTJk', 'tracks': {'total': 50}, 'type': 'playlist', 'uri': 'spotify:playlist:37i9dQZF1DX9nkam6FKfgM'}, {'collaborative': False, 'description': 'The best uptempo pop for the workout girlies', 'external_urls': {'spotify': 'https://open.spotify.com/playlist/37i9dQZF1DX5gQonLbZD9s'}, 'id': '37i9dQZF1DX5gQonLbZD9s', 'images': [{'height': None, 'url': 'https://i.scdn.co/image/ab67706f000000023915bd8f9fccdc60c899c8f1', 'width': None}], 'name': 'Pumped Pop', 'owner': {'display_name': 'Spotify', 'external_urls': {'spotify': 'https://open.spotify.com/user/spotify'}, 'id': 'spotify', 'type': 'user', 'uri': 'spotify:user:spotify'}, 'primary_color': None, 'public': None, 'snapshot_id': 'MTY4NjkxOTg1MCwwMDAwMDAwMGFjYzE5MzkwZTQxZTk1NTY0OGQ1YmNmNDg4MDA0OTM2', 'tracks': {'total': 75}, 'type': 'playlist', 'uri': 'spotify:playlist:37i9dQZF1DX5gQonLbZD9s'}, {'collaborative': False, 'description': 'Set the mood just right...', 'external_urls': {'spotify': 'https://open.spotify.com/playlist/37i9dQZF1DXbEm2sKzgoJ8'}, 'id': '37i9dQZF1DXbEm2sKzgoJ8', 'images': [{'height': None, 'url': 'https://i.scdn.co/image/ab67706f000000022cc039bc17e7ead3208cef3f', 'width': None}], 'name': 'Make Out Jams', 'owner': {'display_name': 'Spotify', 'external_urls': {'spotify': 'https://open.spotify.com/user/spotify'}, 'id': 'spotify', 'type': 'user', 'uri': 'spotify:user:spotify'}, 'primary_color': None, 'public': None, 'snapshot_id': 'MTY4NjkyMDYxOCwwMDAwMDAwMGNhYmVkZjViMTQ5OGY4NDMzMjZlNjIwYTUyYzE4OWI2', 'tracks': {'total': 100}, 'type': 'playlist', 'uri': 'spotify:playlist:37i9dQZF1DXbEm2sKzgoJ8'}, {'collaborative': False, 'description': ""You're on top of the world. Don't forget it."", 'external_urls': {'spotify': 'https://open.spotify.com/playlist/37i9dQZF1DX4fpCWaHOned'}, 'id': '37i9dQZF1DX4fpCWaHOned', 'images': [{'height': None, 'url': 'https://i.scdn.co/image/ab67706f00000002ee1821c3e4d71dbeaacf3e51', 'width': None}], 'name': 'Confidence Boost', 'owner': {'display_name': 'Spotify', 'external_urls': {'spotify': 'https://open.spotify.com/user/spotify'}, 'id': 'spotify', 'type': 'user', 'uri': 'spotify:user:spotify'}, 'primary_color': None, 'public': None, 'snapshot_id': 'MTY4NjkyMTI4OSwwMDAwMDAwMGI4M2YxMTczM2M0YTQzZGFlYjIxODFkMDk2NjMwNjgy', 'tracks': {'total': 75}, 'type': 'playlist', 'uri': 'spotify:playlist:37i9dQZF1DX4fpCWaHOned'}, {'collaborative': False, 'description': 'Easy listening pop that feels sunny wherever you are ', 'external_urls': {'spotify': 'https://open.spotify.com/playlist/37i9dQZF1DX1BzILRveYHb'}, 'id': '37i9dQZF1DX1BzILRveYHb', 'images': [{'height': None, 'url': 'https://i.scdn.co/image/ab67706f00000002e3eed798fa0c8617fcfd222f', 'width': None}], 'name': 'Sunny Day', 'owner': {'display_name': 'Spotify', 'external_urls': {'spotify': 'https://open.spotify.com/user/spotify'}, 'id': 'spotify', 'type': 'user', 'uri': 'spotify:user:spotify'}, 'primary_color': None, 'public': None, 'snapshot_id': 'MTY4NjkxODMyMCwwMDAwMDAwMDFjMmZhOTM3MmYyMjYwMjE2M2M2OWY1ZWQ5ZDM4MDk3', 'tracks': {'total': 75}, 'type': 'playlist', 'uri': 'spotify:playlist:37i9dQZF1DX1BzILRveYHb'}], 'limit': 10, 'next': True, 'offset': 0, 'previous': None, 'total': 16}, 'custom_fields': [], 'external_urls': None, 'id': 'section0JQ5IMCbQBLmmLtORbI4fi', 'images': [], 'name': ""Pop that's a whole mood"", 'rendering': 'LIST', 'tag_line': None, 'type': 'view'}, {'content': {'items': [{'collaborative': False, 'description': 'Doja Cat on top of the Hottest 50!', 'external_urls': {'spotify': 'https://open.spotify.com/playlist/37i9dQZF1DXcBWIGoYBM5M'}, 'id': '37i9dQZF1DXcBWIGoYBM5M', 'images': [{'height': None, 'url': 'https://i.scdn.co/image/ab67706f000000024a7b7b828b33d4ba83a63a27', 'width': None}], 'name': ""Today's Top Hits "", 'owner': {'display_name': 'Spotify', 'external_urls': {'spotify': 'https://open.spotify.com/user/spotify'}, 'id': 'spotify', 'type': 'user', 'uri': 'spotify:user:spotify'}, 'primary_color': None, 'public': None, 'snapshot_id': 'MTY4Njg4ODAwMCwwMDAwMDAwMGQ0M2IyZWMzZTFmOGZlNjE4MGM2OGVjMmZjNTJlOWRh', 'tracks': {'total': 50}, 'type': 'playlist', 'uri': 'spotify:playlist:37i9dQZF1DXcBWIGoYBM5M'}, {'collaborative': False, 'description': 'The hottest tracks in the United States. Cover: Kali', 'external_urls': {'spotify': 'https://open.spotify.com/playlist/37i9dQZF1DX0kbJZpiYdZl'}, 'id': '37i9dQZF1DX0kbJZpiYdZl', 'images': [{'height': None, 'url': 'https://i.scdn.co/image/ab67706f000000024d8390835fd408f6f13f7227', 'width': None}], 'name': 'Hot Hits USA', 'owner': {'display_name': 'Spotify', 'external_urls': {'spotify': 'https://open.spotify.com/user/spotify'}, 'id': 'spotify', 'type': 'user', 'uri': 'spotify:user:spotify'}, 'primary_color': None, 'public': None, 'snapshot_id': 'MTY4Njg4ODAwMCwwMDAwMDAwMDBmMjRkMzIzMzJlZGE4ODI3OWQyN2VkOTcxZTYzOTQ3', 'tracks': {'total': 50}, 'type': 'playlist', 'uri': 'spotify:playlist:37i9dQZF1DX0kbJZpiYdZl'}, {'collaborative': False, 'description': 'Listen to the surprise songs from each night of Taylor Swift | The Eras tour', 'external_urls': {'spotify': 'https://open.spotify.com/playlist/37i9dQZF1DX0D996ZXujBy'}, 'id': '37i9dQZF1DX0D996ZXujBy', 'images': [{'height': None, 'url': 'https://i.scdn.co/image/ab67706f000000025d15fa82b300568e9c851fb4', 'width': None}], 'name': 'Surprise Song Era', 'owner': {'display_name': 'Spotify', 'external_urls': {'spotify': 'https://open.spotify.com/user/spotify'}, 'id': 'spotify', 'type': 'user', 'uri': 'spotify:user:spotify'}, 'primary_color': None, 'public': None, 'snapshot_id': 'MTY4NjYyODgwMCwwMDAwMDAwMDliOGJkNmM4MThjZWI3OTc4ZjVhY2FhYzUxZjY1Mjc0', 'tracks': {'total': 65}, 'type': 'playlist', 'uri': 'spotify:playlist:37i9dQZF1DX0D996ZXujBy'}, {'collaborative': False, 'description': ""Who's now and next in pop. Cover: Dominic Fike"", 'external_urls': {'spotify': 'https://open.spotify.com/playlist/37i9dQZF1DWUa8ZRTfalHk'}, 'id': '37i9dQZF1DWUa8ZRTfalHk', 'images': [{'height': None, 'url': 'https://i.scdn.co/image/ab67706f000000020c4745b5e32d982849a37252', 'width': None}], 'name': 'Pop Rising', 'owner': {'display_name': 'Spotify', 'external_urls': {'spotify': 'https://open.spotify.com/user/spotify'}, 'id': 'spotify', 'type': 'user', 'uri': 'spotify:user:spotify'}, 'primary_color': None, 'public': None, 'snapshot_id': 'MTY4Njg4ODAwMCwwMDAwMDAwMDhhNzY0OTAxNjQ0NWQxYmVkOGViNjRjZjRjMTdmYzZj', 'tracks': {'total': 85}, 'type': 'playlist', 'uri': 'spotify:playlist:37i9dQZF1DWUa8ZRTfalHk'}, {'collaborative': False, 'description': 'New music from Black artists across the globe in celebration of Juneteenth. Cover: Asake', 'external_urls': {'spotify': 'https://open.spotify.com/playlist/37i9dQZF1DX4JAvHpjipBk'}, 'id': '37i9dQZF1DX4JAvHpjipBk', 'images': [{'height': None, 'url': 'https://i.scdn.co/image/ab67706f00000002325034d7872254be5b6a52a1', 'width': None}], 'name': 'New Music Friday', 'owner': {'display_name': 'Spotify', 'external_urls': {'spotify': 'https://open.spotify.com/user/spotify'}, 'id': 'spotify', 'type': 'user', 'uri': 'spotify:user:spotify'}, 'primary_color': None, 'public': None, 'snapshot_id': 'MTY4Njg5MjE5MiwwMDAwMDAwMDMwMmE0Nzc5ZGVlN2NmZjBjMDhlY2RiNjQ2ZTY1NmVj', 'tracks': {'total': 100}, 'type': 'playlist', 'uri': 'spotify:playlist:37i9dQZF1DX4JAvHpjipBk'}, {'collaborative': False, 'description': 'iykyk', 'external_urls': {'spotify': 'https://open.spotify.com/playlist/37i9dQZF1DX5Vy6DFOcx00'}, 'id': '37i9dQZF1DX5Vy6DFOcx00', 'images': [{'height': None, 'url': 'https://i.scdn.co/image/ab67706f000000021c9bfca9b2fd2f546a30f751', 'width': None}], 'name': 'big on the internet', 'owner': {'display_name': 'Spotify', 'external_urls': {'spotify': 'https://open.spotify.com/user/spotify'}, 'id': 'spotify', 'type': 'user', 'uri': 'spotify:user:spotify'}, 'primary_color': None, 'public': None, 'snapshot_id': 'MTY4NjkyMDk3NSwwMDAwMDAwMDE4ZDc1NzY0YzIyNDhiMzI4N2FhOTNlYWE2YjU5OTgx', 'tracks': {'total': 121}, 'type': 'playlist', 'uri': 'spotify:playlist:37i9dQZF1DX5Vy6DFOcx00'}, {'collaborative': False, 'description': 'Viral, trending and taking off.', 'external_urls': {'spotify': 'https://open.spotify.com/playlist/37i9dQZF1DX2L0iB23Enbq'}, 'id': '37i9dQZF1DX2L0iB23Enbq', 'images': [{'height': None, 'url': 'https://i.scdn.co/image/ab67706f00000002d971c6c23114fc7636dc23eb', 'width': None}], 'name': 'Viral Hits', 'owner': {'display_name': 'Spotify', 'external_urls': {'spotify': 'https://open.spotify.com/user/spotify'}, 'id': 'spotify', 'type': 'user', 'uri': 'spotify:user:spotify'}, 'primary_color': None, 'public': None, 'snapshot_id': 'MTY4Njg4ODAwMCwwMDAwMDAwMGNmYTg5ZGU3NzMzNDAyYTIwOWNmMzhkMzViNzVkNDAw', 'tracks': {'total': 75}, 'type': 'playlist', 'uri': 'spotify:playlist:37i9dQZF1DX2L0iB23Enbq'}, {'collaborative': False, 'description': ""All the hits you'll need to make your summer sizzle."", 'external_urls': {'spotify': 'https://open.spotify.com/playlist/37i9dQZF1DX1gRalH1mWrP'}, 'id': '37i9dQZF1DX1gRalH1mWrP', 'images': [{'height': None, 'url': 'https://i.scdn.co/image/ab67706f000000024fdcd4954713745550ba27b3', 'width': None}], 'name': 'Summer Hits 2023', 'owner': {'display_name': 'Spotify', 'external_urls': {'spotify': 'https://open.spotify.com/user/spotify'}, 'id': 'spotify', 'type': 'user', 'uri': 'spotify:user:spotify'}, 'primary_color': None, 'public': None, 'snapshot_id': 'MTY4NjkyMTQzNCwwMDAwMDAwMGY3NGY0MTgyOWQ2ZmVkZmQyODg5YzMyMzhiNjA0NDFl', 'tracks': {'total': 75}, 'type': 'playlist', 'uri': 'spotify:playlist:37i9dQZF1DX1gRalH1mWrP'}, {'collaborative': False, 'description': '', 'external_urls': {'spotify': 'https://open.spotify.com/playlist/37i9dQZF1DWWMOmoXKqHTD'}, 'id': '37i9dQZF1DWWMOmoXKqHTD', 'images': [{'height': None, 'url': 'https://i.scdn.co/image/ab67706f00000002ffa215be1a4c64e3cbf59d1e', 'width': None}], 'name': 'Songs to Sing in the Car', 'owner': {'display_name': 'Spotify', 'external_urls': {'spotify': 'https://open.spotify.com/user/spotify'}, 'id': 'spotify', 'type': 'user', 'uri': 'spotify:user:spotify'}, 'primary_color': None, 'public': None, 'snapshot_id': 'MTY4NjkyMDg0OSwwMDAwMDAwMDkyYWJiMmMyNDgyODFlZWQ0MzRjYWJkMmYzNzM5M2U2', 'tracks': {'total': 100}, 'type': 'playlist', 'uri': 'spotify:playlist:37i9dQZF1DWWMOmoXKqHTD'}, {'collaborative': False, 'description': 'Los éxitos del pop latino featuring Aitana.', 'external_urls': {'spotify': 'https://open.spotify.com/playlist/37i9dQZF1DWSpF87bP6JSF'}, 'id': '37i9dQZF1DWSpF87bP6JSF', 'images': [{'height': None, 'url': 'https://i.scdn.co/image/ab67706f000000021ae699ccc2e17acfa46d79be', 'width': None}], 'name': 'La Lista Pop', 'owner': {'display_name': 'Spotify', 'external_urls': {'spotify': 'https://open.spotify.com/user/spotify'}, 'id': 'spotify', 'type': 'user', 'uri': 'spotify:user:spotify'}, 'primary_color': None, 'public': None, 'snapshot_id': 'MTY4Njg5MzEwMCwwMDAwMDAwMDFlZjdjYmQ4OGYzODU2ODViZGFiMGQ0NjhjNmNhZTY4', 'tracks': {'total': 50}, 'type': 'playlist', 'uri': 'spotify:playlist:37i9dQZF1DWSpF87bP6JSF'}], 'limit': 10, 'next': True, 'offset': 0, 'previous': None, 'total': 100}, 'custom_fields': [], 'external_urls': None, 'id': 'section0JQ5IMCbQBLoSVpnseIhn6', 'images': [], 'name': 'All Things Pop', 'rendering': 'LIST', 'tag_line': None, 'type': 'view'}, {'content': {'items': [{'collaborative': False, 'description': 'Los éxitos del pop latino featuring Aitana.', 'external_urls': {'spotify': 'https://open.spotify.com/playlist/37i9dQZF1DWSpF87bP6JSF'}, 'id': '37i9dQZF1DWSpF87bP6JSF', 'images': [{'height': None, 'url': 'https://i.scdn.co/image/ab67706f000000021ae699ccc2e17acfa46d79be', 'width': None}], 'name': 'La Lista Pop', 'owner': {'display_name': 'Spotify', 'external_urls': {'spotify': 'https://open.spotify.com/user/spotify'}, 'id': 'spotify', 'type': 'user', 'uri': 'spotify:user:spotify'}, 'primary_color': None, 'public': None, 'snapshot_id': 'MTY4Njg5MzEwMCwwMDAwMDAwMDFlZjdjYmQ4OGYzODU2ODViZGFiMGQ0NjhjNmNhZTY4', 'tracks': {'total': 50}, 'type': 'playlist', 'uri': 'spotify:playlist:37i9dQZF1DWSpF87bP6JSF'}, {'collaborative': False, 'description': 'The hottest Latin pop tracks right now. Cover: Maluma', 'external_urls': {'spotify': 'https://open.spotify.com/playlist/37i9dQZF1DX1QnNyJOBQBv'}, 'id': '37i9dQZF1DX1QnNyJOBQBv', 'images': [{'height': None, 'url': 'https://i.scdn.co/image/ab67706f00000002a83f6074f0f7785f5c90dd72', 'width': None}], 'name': 'Latin Pop Today', 'owner': {'display_name': 'Spotify', 'external_urls': {'spotify': 'https://open.spotify.com/user/spotify'}, 'id': 'spotify', 'type': 'user', 'uri': 'spotify:user:spotify'}, 'primary_color': None, 'public': None, 'snapshot_id': 'MTY4Njg4ODY4MSwwMDAwMDAwMDFjOTFiNDExYTkxN2MxYjk4MDU2NTk5MTk3ZjUzMDg5', 'tracks': {'total': 50}, 'type': 'playlist', 'uri': 'spotify:playlist:37i9dQZF1DX1QnNyJOBQBv'}, {'collaborative': False, 'description': 'Fresh Latin pop on the rise. Cover: Emilia', 'external_urls': {'spotify': 'https://open.spotify.com/playlist/37i9dQZF1DX8womvTyUjrN'}, 'id': '37i9dQZF1DX8womvTyUjrN', 'images': [{'height': None, 'url': 'https://i.scdn.co/image/ab67706f00000002add8e43b74f6dc9947cf740f', 'width': None}], 'name': 'el nuevo pop', 'owner': {'display_name': 'Spotify', 'external_urls': {'spotify': 'https://open.spotify.com/user/spotify'}, 'id': 'spotify', 'type': 'user', 'uri': 'spotify:user:spotify'}, 'primary_color': None, 'public': None, 'snapshot_id': 'MTY4Njg4ODM1OCwwMDAwMDAwMGYyZTczZTdlMmUyOGVkMjdlZTc2MDc2M2RmMDg2ZmRh', 'tracks': {'total': 50}, 'type': 'playlist', 'uri': 'spotify:playlist:37i9dQZF1DX8womvTyUjrN'}, {'collaborative': False, 'description': 'Timeless Latin pop hits through the decades! Cover: Luis Miguel', 'external_urls': {'spotify': 'https://open.spotify.com/playlist/37i9dQZF1DX6ThddIjWuGT'}, 'id': '37i9dQZF1DX6ThddIjWuGT', 'images': [{'height': None, 'url': 'https://i.scdn.co/image/ab67706f00000002dd278452c9e1a25d627dba61', 'width': None}], 'name': 'Latin Pop Classics', 'owner': {'display_name': 'Spotify', 'external_urls': {'spotify': 'https://open.spotify.com/user/spotify'}, 'id': 'spotify', 'type': 'user', 'uri': 'spotify:user:spotify'}, 'primary_color': None, 'public': None, 'snapshot_id': 'MTY4NjkyMDI0NiwwMDAwMDAwMDM5MWQ1MjM1MzVhM2JlYjdiZjgxODdiMjRjZDFiMzA3', 'tracks': {'total': 100}, 'type': 'playlist', 'uri': 'spotify:playlist:37i9dQZF1DX6ThddIjWuGT'}, {'collaborative': False, 'description': 'Timeless Latin hits, solo tus favoritos!', 'external_urls': {'spotify': 'https://open.spotify.com/playlist/37i9dQZF1DX3omIq8ziEt6'}, 'id': '37i9dQZF1DX3omIq8ziEt6', 'images': [{'height': None, 'url': 'https://i.scdn.co/image/ab67706f00000002983ed3df508b457e1c5d33ca', 'width': None}], 'name': 'Esenciales', 'owner': {'display_name': 'Spotify', 'external_urls': {'spotify': 'https://open.spotify.com/user/spotify'}, 'id': 'spotify', 'type': 'user', 'uri': 'spotify:user:spotify'}, 'primary_color': None, 'public': None, 'snapshot_id': 'MTY4NjkxOTUyNywwMDAwMDAwMDIzYzhiZGNmNjkxYmY0YTcwNWYyOWI4ZDViYTYyYzk4', 'tracks': {'total': 150}, 'type': 'playlist', 'uri': 'spotify:playlist:37i9dQZF1DX3omIq8ziEt6'}, {'collaborative': False, 'description': 'Éxitos románticos, de hoy y de siempre. Foto: Ricardo Montaner & Carlos Rivera', 'external_urls': {'spotify': 'https://open.spotify.com/playlist/37i9dQZF1DX7Qo2zphj7u3'}, 'id': '37i9dQZF1DX7Qo2zphj7u3', 'images': [{'height': None, 'url': 'https://i.scdn.co/image/ab67706f00000002077d6b9f8c851f3327950689', 'width': None}], 'name': 'Hits Románticos', 'owner': {'display_name': 'Spotify', 'external_urls': {'spotify': 'https://open.spotify.com/user/spotify'}, 'id': 'spotify', 'type': 'user', 'uri': 'spotify:user:spotify'}, 'primary_color': None, 'public': None, 'snapshot_id': 'MTY4NjkyMDQ3MiwwMDAwMDAwMDBhYTZlYjc4OTVmODIzN2I3M2YxZTFiNDQwNTI2YjBk', 'tracks': {'total': 250}, 'type': 'playlist', 'uri': 'spotify:playlist:37i9dQZF1DX7Qo2zphj7u3'}, {'collaborative': False, 'description': 'Música para enamorarse.', 'external_urls': {'spotify': 'https://open.spotify.com/playlist/37i9dQZF1DX09mi3a4Zmox'}, 'id': '37i9dQZF1DX09mi3a4Zmox', 'images': [{'height': None, 'url': 'https://i.scdn.co/image/ab67706f00000002e8d73cd2b8a255a07e434dfe', 'width': None}], 'name': 'Baladas Románticas', 'owner': {'display_name': 'Spotify', 'external_urls': {'spotify': 'https://open.spotify.com/user/spotify'}, 'id': 'spotify', 'type': 'user', 'uri': 'spotify:user:spotify'}, 'primary_color': None, 'public': None, 'snapshot_id': 'MTY4NjkyMDE5MCwwMDAwMDAwMGVlZTI3OTliZTk4MjI4N2I4MjJmMzc3MDU0M2QwNWYw', 'tracks': {'total': 100}, 'type': 'playlist', 'uri': 'spotify:playlist:37i9dQZF1DX09mi3a4Zmox'}, {'collaborative': False, 'description': '¡La Gen 23 está aquí! La nueva ola de artistas con Leon Leiden en portada. 🌊✨ ', 'external_urls': {'spotify': 'https://open.spotify.com/playlist/37i9dQZF1DWYEIx04mlcFR'}, 'id': '37i9dQZF1DWYEIx04mlcFR', 'images': [{'height': None, 'url': 'https://i.scdn.co/image/ab67706f00000002312b86182319c7a517b02bc8', 'width': None}], 'name': 'la pop~wave', 'owner': {'display_name': 'Spotify', 'external_urls': {'spotify': 'https://open.spotify.com/user/spotify'}, 'id': 'spotify', 'type': 'user', 'uri': 'spotify:user:spotify'}, 'primary_color': None, 'public': None, 'snapshot_id': 'MTY4NjkyODY0MSwwMDAwMDAwMDU4ZDg0YTVjMjRiNWYyYTdmYjkxZmM0ZTRkYWZmMjY5', 'tracks': {'total': 75}, 'type': 'playlist', 'uri': 'spotify:playlist:37i9dQZF1DWYEIx04mlcFR'}, {'collaborative': False, 'description': 'Pop para refrescarte los días, featuring Aitana.', 'external_urls': {'spotify': 'https://open.spotify.com/playlist/37i9dQZF1DX3leseePdLQO'}, 'id': '37i9dQZF1DX3leseePdLQO', 'images': [{'height': None, 'url': 'https://i.scdn.co/image/ab67706f00000002411f0228f76301c0aa8ef857', 'width': None}], 'name': 'Crema Pop', 'owner': {'display_name': 'Spotify', 'external_urls': {'spotify': 'https://open.spotify.com/user/spotify'}, 'id': 'spotify', 'type': 'user', 'uri': 'spotify:user:spotify'}, 'primary_color': None, 'public': None, 'snapshot_id': 'MTY4Njg4OTIyNywwMDAwMDAwMDE0OTcxZWI4MTRiNTZjNWE3MDY0MWNlZTkyNmNlYmMw', 'tracks': {'total': 60}, 'type': 'playlist', 'uri': 'spotify:playlist:37i9dQZF1DX3leseePdLQO'}, {'collaborative': False, 'description': 'Pop Latino de los 80 y 90. Canciones que quedarán para siempre. Foto: Luis Miguel', 'external_urls': {'spotify': 'https://open.spotify.com/playlist/37i9dQZF1DWVpWZiQLVZtt'}, 'id': '37i9dQZF1DWVpWZiQLVZtt', 'images': [{'height': None, 'url': 'https://i.scdn.co/image/ab67706f000000023d480f6d8528b865847f861a', 'width': None}], 'name': 'Clásicos del Pop Latino', 'owner': {'display_name': 'Spotify', 'external_urls': {'spotify': 'https://open.spotify.com/user/spotify'}, 'id': 'spotify', 'type': 'user', 'uri': 'spotify:user:spotify'}, 'primary_color': None, 'public': None, 'snapshot_id': 'MTY4NjkxODc3OSwwMDAwMDAwMDc0NTNjZWUxZTZmMDFkOGRhYmM2YjZlZjdkNzA1ZjE0', 'tracks': {'total': 132}, 'type': 'playlist', 'uri': 'spotify:playlist:37i9dQZF1DWVpWZiQLVZtt'}], 'limit': 10, 'next': True, 'offset': 0, 'previous': None, 'total': 14}, 'custom_fields': [], 'external_urls': None, 'id': 'section0JQ5IMCbQBLjpUGSxvu08z', 'images': [], 'name': 'Latin Pop', 'rendering': 'LIST', 'tag_line': None, 'type': 'view'}], 'limit': 20, 'next': None, 'offset': 0, 'previous': None, 'total': 14}, 'custom_fields': [], 'external_urls': None, 'id': 'page0JQ5DAqbMKFEC4WFtoNRpw', 'images': [], 'name': None, 'rendering': 'STACK', 'tag_line': None, 'type': 'view'}",Genre View,https://spotify23.p.rapidapi.com/genre_view/,8b47cc087eb863e507b18f672277dbc0dc0ea65ea966cdf6fb9d43b7ec2a73de
Music,api_b7cf9aca-e647-4ec1-b11e-ff4fbfc33d67,Spotify,"Spotify Data API for Millions of songs & podcasts, artists, albums, playlists and more.",Get playlist,https://spotify23.p.rapidapi.com/playlist/,"[{'name': 'id', 'type': 'STRING', 'description': 'Playlist ID', 'default': '37i9dQZF1DX4Wsb4d7NKfP'}]","{'collaborative': False, 'description': '<a href=""spotify:playlist:37i9dQZF1DXdnOj1VEuhgb"">NKVT</a> sunar: yılın favori Türkçe rap parçaları. Kapak: MERO x Murda', 'followers': {'total': 104018}, 'images': [{'height': None, 'url': 'https://i.scdn.co/image/ab67706f00000003f1f02761d4ac4a745a6fbaa2', 'width': None}], 'name': 'NKVT 2022', 'owner': {'display_name': 'Spotify', 'id': 'spotify', 'uri': 'spotify:user:spotify'}, 'public': False, 'tracks': {'items': [{'track': {'duration_ms': 198581, 'type': 'track'}}, {'track': {'duration_ms': 171894, 'type': 'track'}}, {'track': {'duration_ms': 136119, 'type': 'track'}}, {'track': {'duration_ms': 191709, 'type': 'track'}}, {'track': {'duration_ms': 93015, 'type': 'track'}}, {'track': {'duration_ms': 204553, 'type': 'track'}}, {'track': {'duration_ms': 176268, 'type': 'track'}}, {'track': {'duration_ms': 176708, 'type': 'track'}}, {'track': {'duration_ms': 152559, 'type': 'track'}}, {'track': {'duration_ms': 120600, 'type': 'track'}}, {'track': {'duration_ms': 150004, 'type': 'track'}}, {'track': {'duration_ms': 186789, 'type': 'track'}}, {'track': {'duration_ms': 116572, 'type': 'track'}}, {'track': {'duration_ms': 161857, 'type': 'track'}}, {'track': {'duration_ms': 119189, 'type': 'track'}}, {'track': {'duration_ms': 126959, 'type': 'track'}}, {'track': {'duration_ms': 144000, 'type': 'track'}}, {'track': {'duration_ms': 161106, 'type': 'track'}}, {'track': {'duration_ms': 133226, 'type': 'track'}}, {'track': {'duration_ms': 122000, 'type': 'track'}}, {'track': {'duration_ms': 144736, 'type': 'track'}}, {'track': {'duration_ms': 204955, 'type': 'track'}}, {'track': {'duration_ms': 141968, 'type': 'track'}}, {'track': {'duration_ms': 161999, 'type': 'track'}}, {'track': {'duration_ms': 171789, 'type': 'track'}}, {'track': {'duration_ms': 163175, 'type': 'track'}}, {'track': {'duration_ms': 177565, 'type': 'track'}}, {'track': {'duration_ms': 180200, 'type': 'track'}}, {'track': {'duration_ms': 157613, 'type': 'track'}}, {'track': {'duration_ms': 210044, 'type': 'track'}}, {'track': {'duration_ms': 118326, 'type': 'track'}}, {'track': {'duration_ms': 167372, 'type': 'track'}}, {'track': {'duration_ms': 156636, 'type': 'track'}}, {'track': {'duration_ms': 182240, 'type': 'track'}}, {'track': {'duration_ms': 124173, 'type': 'track'}}, {'track': {'duration_ms': 164000, 'type': 'track'}}, {'track': {'duration_ms': 162352, 'type': 'track'}}, {'track': {'duration_ms': 148186, 'type': 'track'}}, {'track': {'duration_ms': 155598, 'type': 'track'}}, {'track': {'duration_ms': 152497, 'type': 'track'}}, {'track': {'duration_ms': 145507, 'type': 'track'}}, {'track': {'duration_ms': 119176, 'type': 'track'}}, {'track': {'duration_ms': 126022, 'type': 'track'}}, {'track': None}, {'track': {'duration_ms': 114000, 'type': 'track'}}, {'track': {'duration_ms': 111901, 'type': 'track'}}, {'track': {'duration_ms': 148745, 'type': 'track'}}, {'track': {'duration_ms': 180479, 'type': 'track'}}, {'track': {'duration_ms': 149383, 'type': 'track'}}, {'track': {'duration_ms': 84000, 'type': 'track'}}, {'track': {'duration_ms': 136554, 'type': 'track'}}, {'track': {'duration_ms': 135546, 'type': 'track'}}, {'track': {'duration_ms': 135908, 'type': 'track'}}, {'track': {'duration_ms': 161584, 'type': 'track'}}, {'track': {'duration_ms': 117784, 'type': 'track'}}, {'track': {'duration_ms': 234820, 'type': 'track'}}, {'track': {'duration_ms': 192694, 'type': 'track'}}, {'track': {'duration_ms': 125185, 'type': 'track'}}, {'track': {'duration_ms': 111520, 'type': 'track'}}, {'track': {'duration_ms': 90475, 'type': 'track'}}, {'track': {'duration_ms': 127072, 'type': 'track'}}, {'track': {'duration_ms': 128571, 'type': 'track'}}, {'track': {'duration_ms': 166053, 'type': 'track'}}, {'track': {'duration_ms': 151416, 'type': 'track'}}, {'track': {'duration_ms': 142853, 'type': 'track'}}, {'track': {'duration_ms': 111157, 'type': 'track'}}, {'track': {'duration_ms': 159587, 'type': 'track'}}, {'track': {'duration_ms': 118285, 'type': 'track'}}, {'track': {'duration_ms': 146239, 'type': 'track'}}, {'track': {'duration_ms': 178557, 'type': 'track'}}, {'track': {'duration_ms': 141176, 'type': 'track'}}, {'track': {'duration_ms': 149249, 'type': 'track'}}, {'track': {'duration_ms': 152302, 'type': 'track'}}, {'track': {'duration_ms': 177959, 'type': 'track'}}, {'track': {'duration_ms': 174375, 'type': 'track'}}], 'total': 75}, 'uri': 'spotify:playlist:37i9dQZF1DX4Wsb4d7NKfP'}",Get playlist,https://spotify23.p.rapidapi.com/playlist/,32ed3c93bce56d86d606087da065e2c4a621acd7b35635cca68525c484f1b855
Music,api_b7cf9aca-e647-4ec1-b11e-ff4fbfc33d67,Spotify,"Spotify Data API for Millions of songs & podcasts, artists, albums, playlists and more.",Track lyrics,https://spotify23.p.rapidapi.com/track_lyrics/,"[{'name': 'id', 'type': 'STRING', 'description': 'Track ID', 'default': '1brwdYwjltrJo7WHpIvbYt'}]","{'lyrics': {'syncType': 'UNSYNCED', 'lines': [{'startTimeMs': '0', 'words': 'You were the shadow to my light, did you feel us?', 'syllables': [], 'endTimeMs': '0'}, {'startTimeMs': '0', 'words': 'Another star, you fade away', 'syllables': [], 'endTimeMs': '0'}, {'startTimeMs': '0', 'words': 'Afraid our aim is out of sight, wanna see us', 'syllables': [], 'endTimeMs': '0'}, {'startTimeMs': '0', 'words': 'Alight', 'syllables': [], 'endTimeMs': '0'}, {'startTimeMs': '0', 'words': 'Where are you now?', 'syllables': [], 'endTimeMs': '0'}, {'startTimeMs': '0', 'words': 'Where are you now?', 'syllables': [], 'endTimeMs': '0'}, {'startTimeMs': '0', 'words': 'Where are you now?', 'syllables': [], 'endTimeMs': '0'}, {'startTimeMs': '0', 'words': 'Was it all in my fantasy?', 'syllables': [], 'endTimeMs': '0'}, {'startTimeMs': '0', 'words': 'Where are you now?', 'syllables': [], 'endTimeMs': '0'}, {'startTimeMs': '0', 'words': 'Were you only imaginary?', 'syllables': [], 'endTimeMs': '0'}, {'startTimeMs': '0', 'words': 'Where are you now?', 'syllables': [], 'endTimeMs': '0'}, {'startTimeMs': '0', 'words': 'Atlantis', 'syllables': [], 'endTimeMs': '0'}, {'startTimeMs': '0', 'words': 'Under the sea, under the sea', 'syllables': [], 'endTimeMs': '0'}, {'startTimeMs': '0', 'words': 'Where are you now?', 'syllables': [], 'endTimeMs': '0'}, {'startTimeMs': '0', 'words': 'Another dream', 'syllables': [], 'endTimeMs': '0'}, {'startTimeMs': '0', 'words': ""The monster's running wild inside of me"", 'syllables': [], 'endTimeMs': '0'}, {'startTimeMs': '0', 'words': ""I'm faded"", 'syllables': [], 'endTimeMs': '0'}, {'startTimeMs': '0', 'words': ""I'm faded"", 'syllables': [], 'endTimeMs': '0'}, {'startTimeMs': '0', 'words': ""So lost, I'm faded"", 'syllables': [], 'endTimeMs': '0'}, {'startTimeMs': '0', 'words': ""I'm faded"", 'syllables': [], 'endTimeMs': '0'}, {'startTimeMs': '0', 'words': ""So lost, I'm faded"", 'syllables': [], 'endTimeMs': '0'}, {'startTimeMs': '0', 'words': 'These shallow waters never met what I needed', 'syllables': [], 'endTimeMs': '0'}, {'startTimeMs': '0', 'words': ""I'm letting go, a deeper dive"", 'syllables': [], 'endTimeMs': '0'}, {'startTimeMs': '0', 'words': ""Eternal silence of the sea, I'm breathing"", 'syllables': [], 'endTimeMs': '0'}, {'startTimeMs': '0', 'words': 'Alive', 'syllables': [], 'endTimeMs': '0'}, {'startTimeMs': '0', 'words': 'Where are you now?', 'syllables': [], 'endTimeMs': '0'}, {'startTimeMs': '0', 'words': 'Where are you now?', 'syllables': [], 'endTimeMs': '0'}, {'startTimeMs': '0', 'words': 'Under the bright but faded lights', 'syllables': [], 'endTimeMs': '0'}, {'startTimeMs': '0', 'words': 'You set my heart on fire', 'syllables': [], 'endTimeMs': '0'}, {'startTimeMs': '0', 'words': 'Where are you now?', 'syllables': [], 'endTimeMs': '0'}, {'startTimeMs': '0', 'words': 'Where are you now?', 'syllables': [], 'endTimeMs': '0'}, {'startTimeMs': '0', 'words': '♪', 'syllables': [], 'endTimeMs': '0'}, {'startTimeMs': '0', 'words': 'Where are you now?', 'syllables': [], 'endTimeMs': '0'}, {'startTimeMs': '0', 'words': 'Atlantis', 'syllables': [], 'endTimeMs': '0'}, {'startTimeMs': '0', 'words': 'Under the sea, under the sea', 'syllables': [], 'endTimeMs': '0'}, {'startTimeMs': '0', 'words': 'Where are you now?', 'syllables': [], 'endTimeMs': '0'}, {'startTimeMs': '0', 'words': 'Another dream', 'syllables': [], 'endTimeMs': '0'}, {'startTimeMs': '0', 'words': ""The monster's running wild inside of me"", 'syllables': [], 'endTimeMs': '0'}, {'startTimeMs': '0', 'words': ""I'm faded"", 'syllables': [], 'endTimeMs': '0'}, {'startTimeMs': '0', 'words': ""I'm faded"", 'syllables': [], 'endTimeMs': '0'}, {'startTimeMs': '0', 'words': ""So lost, I'm faded"", 'syllables': [], 'endTimeMs': '0'}, {'startTimeMs': '0', 'words': ""I'm faded"", 'syllables': [], 'endTimeMs': '0'}, {'startTimeMs': '0', 'words': ""So lost, I'm faded"", 'syllables': [], 'endTimeMs': '0'}, {'startTimeMs': '0', 'words': '', 'syllables': [], 'endTimeMs': '0'}], 'provider': 'MusixMatch', 'providerLyricsId': '64066903', 'providerDisplayName': 'Musixmatch', 'syncLyricsUri': '', 'isDenseTypeface': False, 'alternatives': [], 'language': 'en', 'isRtlLanguage': False, 'fullscreenAction': 'FULLSCREEN_LYRICS'}}",Get track lyrics,https://spotify23.p.rapidapi.com/track_lyrics/,16bbee001e2992e26a330230551bc4690d4813a2749c758cee7eb4d87af4641a
Music,api_b7cf9aca-e647-4ec1-b11e-ff4fbfc33d67,Spotify,"Spotify Data API for Millions of songs & podcasts, artists, albums, playlists and more.",Album metadata,https://spotify23.p.rapidapi.com/album_metadata/,"[{'name': 'id', 'type': 'STRING', 'description': 'Album ID', 'default': '3IBcauSj5M2A6lTeffJzdv'}]","{'data': {'album': {'uri': 'spotify:album:3IBcauSj5M2A6lTeffJzdv', 'name': 'Kan', 'artists': {'totalCount': 1, 'items': [{'uri': 'spotify:artist:51DevdOxIJin6DB1FXJpD1', 'profile': {'name': 'UZI'}, 'visuals': {'avatarImage': {'sources': [{'url': 'https://i.scdn.co/image/ab6761610000e5ebcc943671af2c56498c81c731', 'width': 640, 'height': 640}, {'url': 'https://i.scdn.co/image/ab6761610000f178cc943671af2c56498c81c731', 'width': 160, 'height': 160}, {'url': 'https://i.scdn.co/image/ab67616100005174cc943671af2c56498c81c731', 'width': 320, 'height': 320}]}}, 'sharingInfo': {'shareUrl': 'https://open.spotify.com/artist/51DevdOxIJin6DB1FXJpD1?si=TxTn6V4xSdya_RJMtugNgA'}}]}, 'coverArt': {'extractedColors': {'colorRaw': {'hex': '#404040'}}, 'sources': [{'url': 'https://i.scdn.co/image/ab67616d00001e0267c738a703dc979f5c3c52ef', 'width': 300, 'height': 300}, {'url': 'https://i.scdn.co/image/ab67616d0000485167c738a703dc979f5c3c52ef', 'width': 64, 'height': 64}, {'url': 'https://i.scdn.co/image/ab67616d0000b27367c738a703dc979f5c3c52ef', 'width': 640, 'height': 640}]}, 'discs': {'totalCount': 1, 'items': [{'number': 1, 'tracks': {'totalCount': 10}}]}, 'tracks': {'totalCount': 10, 'items': [{'track': {'playability': {'playable': True, 'reason': 'PLAYABLE'}, 'duration': {'totalMilliseconds': 211016}}}, {'track': {'playability': {'playable': True, 'reason': 'PLAYABLE'}, 'duration': {'totalMilliseconds': 185458}}}, {'track': {'playability': {'playable': True, 'reason': 'PLAYABLE'}, 'duration': {'totalMilliseconds': 200000}}}, {'track': {'playability': {'playable': True, 'reason': 'PLAYABLE'}, 'duration': {'totalMilliseconds': 243205}}}, {'track': {'playability': {'playable': True, 'reason': 'PLAYABLE'}, 'duration': {'totalMilliseconds': 152301}}}, {'track': {'playability': {'playable': True, 'reason': 'PLAYABLE'}, 'duration': {'totalMilliseconds': 171880}}}, {'track': {'playability': {'playable': True, 'reason': 'PLAYABLE'}, 'duration': {'totalMilliseconds': 155010}}}, {'track': {'playability': {'playable': True, 'reason': 'PLAYABLE'}, 'duration': {'totalMilliseconds': 223608}}}, {'track': {'playability': {'playable': True, 'reason': 'PLAYABLE'}, 'duration': {'totalMilliseconds': 196682}}}, {'track': {'playability': {'playable': True, 'reason': 'PLAYABLE'}, 'duration': {'totalMilliseconds': 192694}}}]}, 'releases': {'totalCount': 0, 'items': []}, 'type': 'ALBUM', 'date': {'isoString': '2021-03-19T00:00:00Z', 'precision': 'DAY'}, 'playability': {'playable': True, 'reason': 'PLAYABLE'}, 'label': 'M.O.B. Entertainment', 'copyright': {'totalCount': 2, 'items': [{'type': 'C', 'text': '2021 M.O.B Entertainment Associated Label Of Govinet'}, {'type': 'P', 'text': '2021 M.O.B Entertainment Associated Label Of Govinet'}]}, 'courtesyLine': '', 'saved': False, 'sharingInfo': {'shareUrl': 'https://open.spotify.com/album/3IBcauSj5M2A6lTeffJzdv?si=HdHC6qY6QKmsxsKR50fqDw', 'shareId': 'HdHC6qY6QKmsxsKR50fqDw'}, 'moreAlbumsByArtist': {'items': [{'discography': {'popularReleases': {'items': [{'releases': {'items': [{'id': '6nmFMrH9R3JpIgxtiJq3hY', 'uri': 'spotify:album:6nmFMrH9R3JpIgxtiJq3hY', 'name': 'EL CHAVO', 'date': {'year': 2022}, 'coverArt': {'sources': [{'url': 'https://i.scdn.co/image/ab67616d00001e0249fbfede365b32ce524eec19', 'width': 300, 'height': 300}, {'url': 'https://i.scdn.co/image/ab67616d0000485149fbfede365b32ce524eec19', 'width': 64, 'height': 64}, {'url': 'https://i.scdn.co/image/ab67616d0000b27349fbfede365b32ce524eec19', 'width': 640, 'height': 640}]}, 'playability': {'playable': True, 'reason': 'PLAYABLE'}, 'sharingInfo': {'shareId': 'l-7F_UtET8ywyu8VI94QDQ', 'shareUrl': 'https://open.spotify.com/album/6nmFMrH9R3JpIgxtiJq3hY?si=l-7F_UtET8ywyu8VI94QDQ'}}]}}, {'releases': {'items': [{'id': '3IBcauSj5M2A6lTeffJzdv', 'uri': 'spotify:album:3IBcauSj5M2A6lTeffJzdv', 'name': 'Kan', 'date': {'year': 2021}, 'coverArt': {'sources': [{'url': 'https://i.scdn.co/image/ab67616d00001e0267c738a703dc979f5c3c52ef', 'width': 300, 'height': 300}, {'url': 'https://i.scdn.co/image/ab67616d0000485167c738a703dc979f5c3c52ef', 'width': 64, 'height': 64}, {'url': 'https://i.scdn.co/image/ab67616d0000b27367c738a703dc979f5c3c52ef', 'width': 640, 'height': 640}]}, 'playability': {'playable': True, 'reason': 'PLAYABLE'}, 'sharingInfo': {'shareId': 'HdHC6qY6QKmsxsKR50fqDw', 'shareUrl': 'https://open.spotify.com/album/3IBcauSj5M2A6lTeffJzdv?si=HdHC6qY6QKmsxsKR50fqDw'}}]}}, {'releases': {'items': [{'id': '3lnpZWsxtEX81AMYqE9jEv', 'uri': 'spotify:album:3lnpZWsxtEX81AMYqE9jEv', 'name': 'CINDY', 'date': {'year': 2021}, 'coverArt': {'sources': [{'url': 'https://i.scdn.co/image/ab67616d00001e029babf58f21e52d2835493a44', 'width': 300, 'height': 300}, {'url': 'https://i.scdn.co/image/ab67616d000048519babf58f21e52d2835493a44', 'width': 64, 'height': 64}, {'url': 'https://i.scdn.co/image/ab67616d0000b2739babf58f21e52d2835493a44', 'width': 640, 'height': 640}]}, 'playability': {'playable': True, 'reason': 'PLAYABLE'}, 'sharingInfo': {'shareId': 'n3Qo9p0rT16yllGLuxQykg', 'shareUrl': 'https://open.spotify.com/album/3lnpZWsxtEX81AMYqE9jEv?si=n3Qo9p0rT16yllGLuxQykg'}}]}}, {'releases': {'items': [{'id': '604LjoILfRCmhYuLCFvel7', 'uri': 'spotify:album:604LjoILfRCmhYuLCFvel7', 'name': 'ARASAN DA', 'date': {'year': 2022}, 'coverArt': {'sources': [{'url': 'https://i.scdn.co/image/ab67616d00001e02e2161dffafcd309995527ced', 'width': 300, 'height': 300}, {'url': 'https://i.scdn.co/image/ab67616d00004851e2161dffafcd309995527ced', 'width': 64, 'height': 64}, {'url': 'https://i.scdn.co/image/ab67616d0000b273e2161dffafcd309995527ced', 'width': 640, 'height': 640}]}, 'playability': {'playable': True, 'reason': 'PLAYABLE'}, 'sharingInfo': {'shareId': 'nqCzg9osSzCjRFrfzZN7MA', 'shareUrl': 'https://open.spotify.com/album/604LjoILfRCmhYuLCFvel7?si=nqCzg9osSzCjRFrfzZN7MA'}}]}}, {'releases': {'items': [{'id': '24SMyN5zmpqjgtlnfbErTP', 'uri': 'spotify:album:24SMyN5zmpqjgtlnfbErTP', 'name': 'PAPARAZZI', 'date': {'year': 2021}, 'coverArt': {'sources': [{'url': 'https://i.scdn.co/image/ab67616d00001e027e114c9fa018c5e104aad4dc', 'width': 300, 'height': 300}, {'url': 'https://i.scdn.co/image/ab67616d000048517e114c9fa018c5e104aad4dc', 'width': 64, 'height': 64}, {'url': 'https://i.scdn.co/image/ab67616d0000b2737e114c9fa018c5e104aad4dc', 'width': 640, 'height': 640}]}, 'playability': {'playable': True, 'reason': 'PLAYABLE'}, 'sharingInfo': {'shareId': 'M_8D-QdiRzKRE55uCUKygA', 'shareUrl': 'https://open.spotify.com/album/24SMyN5zmpqjgtlnfbErTP?si=M_8D-QdiRzKRE55uCUKygA'}}]}}, {'releases': {'items': [{'id': '5YSHrpWibzTM64AjdG6dXr', 'uri': 'spotify:album:5YSHrpWibzTM64AjdG6dXr', 'name': 'FLEX SO HARD RMX', 'date': {'year': 2022}, 'coverArt': {'sources': [{'url': 'https://i.scdn.co/image/ab67616d00001e02d415cb81ae162e3f3a498af0', 'width': 300, 'height': 300}, {'url': 'https://i.scdn.co/image/ab67616d00004851d415cb81ae162e3f3a498af0', 'width': 64, 'height': 64}, {'url': 'https://i.scdn.co/image/ab67616d0000b273d415cb81ae162e3f3a498af0', 'width': 640, 'height': 640}]}, 'playability': {'playable': True, 'reason': 'PLAYABLE'}, 'sharingInfo': {'shareId': 'S9F-HPfKTg-86CsQkbeUdw', 'shareUrl': 'https://open.spotify.com/album/5YSHrpWibzTM64AjdG6dXr?si=S9F-HPfKTg-86CsQkbeUdw'}}]}}, {'releases': {'items': [{'id': '0YwpgwWkluqyJukLWRantp', 'uri': 'spotify:album:0YwpgwWkluqyJukLWRantp', 'name': 'Backflips (feat. Abra Cadabra, UZI, Geenaro & Ghana Beats)', 'date': {'year': 2023}, 'coverArt': {'sources': [{'url': 'https://i.scdn.co/image/ab67616d00001e02ec1f65df5a07cf9a37c2b51f', 'width': 300, 'height': 300}, {'url': 'https://i.scdn.co/image/ab67616d00004851ec1f65df5a07cf9a37c2b51f', 'width': 64, 'height': 64}, {'url': 'https://i.scdn.co/image/ab67616d0000b273ec1f65df5a07cf9a37c2b51f', 'width': 640, 'height': 640}]}, 'playability': {'playable': True, 'reason': 'PLAYABLE'}, 'sharingInfo': {'shareId': 'JeIH7NArRdqialopcgpXOA', 'shareUrl': 'https://open.spotify.com/album/0YwpgwWkluqyJukLWRantp?si=JeIH7NArRdqialopcgpXOA'}}]}}, {'releases': {'items': [{'id': '2ha9lxn6XE1KFrp8jSuC1p', 'uri': 'spotify:album:2ha9lxn6XE1KFrp8jSuC1p', 'name': 'İntikam', 'date': {'year': 2023}, 'coverArt': {'sources': [{'url': 'https://i.scdn.co/image/ab67616d00001e02e5f536e1e1bdd55994e14269', 'width': 300, 'height': 300}, {'url': 'https://i.scdn.co/image/ab67616d00004851e5f536e1e1bdd55994e14269', 'width': 64, 'height': 64}, {'url': 'https://i.scdn.co/image/ab67616d0000b273e5f536e1e1bdd55994e14269', 'width': 640, 'height': 640}]}, 'playability': {'playable': True, 'reason': 'PLAYABLE'}, 'sharingInfo': {'shareId': 'VzFpdaXKQUCCKrVXv1jwBg', 'shareUrl': 'https://open.spotify.com/album/2ha9lxn6XE1KFrp8jSuC1p?si=VzFpdaXKQUCCKrVXv1jwBg'}}]}}, {'releases': {'items': [{'id': '2jCg9W89pwMWmawyBUTm3d', 'uri': 'spotify:album:2jCg9W89pwMWmawyBUTm3d', 'name': 'Paranoya', 'date': {'year': 2020}, 'coverArt': {'sources': [{'url': 'https://i.scdn.co/image/ab67616d00001e02bb8696887be536014ab5ec62', 'width': 300, 'height': 300}, {'url': 'https://i.scdn.co/image/ab67616d00004851bb8696887be536014ab5ec62', 'width': 64, 'height': 64}, {'url': 'https://i.scdn.co/image/ab67616d0000b273bb8696887be536014ab5ec62', 'width': 640, 'height': 640}]}, 'playability': {'playable': True, 'reason': 'PLAYABLE'}, 'sharingInfo': {'shareId': 'RhVltwBVT4Ohwd3XX6SMFA', 'shareUrl': 'https://open.spotify.com/album/2jCg9W89pwMWmawyBUTm3d?si=RhVltwBVT4Ohwd3XX6SMFA'}}]}}, {'releases': {'items': [{'id': '01HicloONqEUMNfzzQkMP8', 'uri': 'spotify:album:01HicloONqEUMNfzzQkMP8', 'name': 'PARA', 'date': {'year': 2022}, 'coverArt': {'sources': [{'url': 'https://i.scdn.co/image/ab67616d00001e022f143ac25a54109d216d7e8f', 'width': 300, 'height': 300}, {'url': 'https://i.scdn.co/image/ab67616d000048512f143ac25a54109d216d7e8f', 'width': 64, 'height': 64}, {'url': 'https://i.scdn.co/image/ab67616d0000b2732f143ac25a54109d216d7e8f', 'width': 640, 'height': 640}]}, 'playability': {'playable': True, 'reason': 'PLAYABLE'}, 'sharingInfo': {'shareId': 'jMhKzzxxT5yV7PV1w4b5Xw', 'shareUrl': 'https://open.spotify.com/album/01HicloONqEUMNfzzQkMP8?si=jMhKzzxxT5yV7PV1w4b5Xw'}}]}}]}}}]}}}, 'extensions': []}",Get album metadata,https://spotify23.p.rapidapi.com/album_metadata/,09753b59a07a250ac9bbfec5e2bf2a835848497d9a2b4d85b884da2ad1a2c079
Music,api_b7cf9aca-e647-4ec1-b11e-ff4fbfc33d67,Spotify,"Spotify Data API for Millions of songs & podcasts, artists, albums, playlists and more.",Get radio playlist,https://spotify23.p.rapidapi.com/seed_to_playlist/,"[{'name': 'uri', 'type': 'STRING', 'description': 'Artist or song URI', 'default': 'spotify:artist:2w9zwq3AktTeYYMuhMjju8'}]","{'total': 1, 'mediaItems': [{'uri': 'spotify:playlist:37i9dQZF1E4zUNZhVINYCS'}]}",Get artist or song radio,https://spotify23.p.rapidapi.com/seed_to_playlist/,93506b1734ecd5b7084b3e86bafe742227f1325a50cc0083e1cc21a76349b7d2
Music,api_b7cf9aca-e647-4ec1-b11e-ff4fbfc33d67,Spotify,"Spotify Data API for Millions of songs & podcasts, artists, albums, playlists and more.",User followers,https://spotify23.p.rapidapi.com/user_followers/,"[{'name': 'id', 'type': 'STRING', 'description': 'User ID', 'default': 'nocopyrightsounds'}]","{'profiles': [{'uri': 'spotify:user:kzfb2bmpstwt4dcdgis96q7x0', 'name': '+601139964528', 'followers_count': 13, 'color': 11836360}, {'uri': 'spotify:user:-d0ugl45', 'name': '-d0ugl45', 'followers_count': 145, 'color': 5282805}, {'uri': 'spotify:user:-rioon-', 'name': '-rioon-', 'followers_count': 120, 'color': 1697420}, {'uri': 'spotify:user:xx%E2%80%A2alex%E2%80%A2xx', 'name': '.Alex.O.', 'image_url': 'https://i.scdn.co/image/ab6775700000ee85cb79bfd3c3f70fcf9fe98506', 'followers_count': 77, 'color': 1697420}, {'uri': 'spotify:user:0bwpuniha0y5q5tb6gurye0qj', 'name': '0bwpuniha0y5q5tb6gurye0qj', 'followers_count': 112, 'color': 11836360}, {'uri': 'spotify:user:0svuv6u7gjzs6ko9o5j23deuc', 'name': '0svuv6u7gjzs6ko9o5j23deuc', 'followers_count': 77, 'color': 8211250}, {'uri': 'spotify:user:11132200613', 'name': '11132200613', 'followers_count': 68, 'color': 5282805}, {'uri': 'spotify:user:11144633600', 'name': '11144633600', 'followers_count': 61, 'color': 8211250}, {'uri': 'spotify:user:11152240979', 'name': '11152240979', 'followers_count': 80, 'color': 8211250}, {'uri': 'spotify:user:11163684400', 'name': '11163684400', 'followers_count': 170, 'color': 16085920}, {'uri': 'spotify:user:1120051179', 'name': '1120051179', 'followers_count': 40, 'color': 11836360}, {'uri': 'spotify:user:1138089947', 'name': '1138089947', 'followers_count': 53, 'color': 16085920}, {'uri': 'spotify:user:1199867677', 'name': '1199867677', 'followers_count': 28, 'color': 11836360}, {'uri': 'spotify:user:12102312689', 'name': '12102312689', 'followers_count': 38, 'color': 11836360}, {'uri': 'spotify:user:12125438531', 'name': '12125438531', 'followers_count': 27, 'color': 8211250}, {'uri': 'spotify:user:12156671880', 'name': '12156671880', 'followers_count': 23, 'color': 8211250}, {'uri': 'spotify:user:12178989734', 'name': '12178989734', 'followers_count': 26, 'color': 1697420}, {'uri': 'spotify:user:123bov', 'name': '123bov', 'followers_count': 22, 'color': 11836360}, {'uri': 'spotify:user:126847371', 'name': '126847371', 'followers_count': 37, 'color': 11836360}, {'uri': 'spotify:user:127774323', 'name': '127774323', 'followers_count': 23, 'color': 16085920}, {'uri': 'spotify:user:5nlrcwyklx1mdl01utpthu20q', 'name': '1MARDAN', 'followers_count': 12, 'color': 16737335}, {'uri': 'spotify:user:216djhzfxxthayfb6bdnumhqa', 'name': '216djhzfxxthayfb6bdnumhqa', 'followers_count': 36, 'color': 1697420}, {'uri': 'spotify:user:21d33ux3rotw23zoenajqclry', 'name': '21d33ux3rotw23zoenajqclry', 'followers_count': 20, 'color': 16737335}, {'uri': 'spotify:user:21iw4ltrhzycrjsg5ncdorf3i', 'name': '21iw4ltrhzycrjsg5ncdorf3i', 'followers_count': 20, 'color': 16085920}, {'uri': 'spotify:user:21miwdlslvhp2o3zflqdm4lbq', 'name': '21miwdlslvhp2o3zflqdm4lbq', 'followers_count': 18, 'color': 16737335}, {'uri': 'spotify:user:21qqj3hgd7p3yvqiyghizvkda', 'name': '21qqj3hgd7p3yvqiyghizvkda', 'followers_count': 22, 'color': 11836360}, {'uri': 'spotify:user:21vevrilvkdldqyoi3x7bwqea', 'name': '21vevrilvkdldqyoi3x7bwqea', 'followers_count': 20, 'color': 5282805}, {'uri': 'spotify:user:224axvme2zl7whsdd56yo7ska', 'name': '224axvme2zl7whsdd56yo7ska', 'followers_count': 23, 'color': 1697420}, {'uri': 'spotify:user:225rhtqpkswiqrsscsrtkcara', 'name': '225rhtqpkswiqrsscsrtkcara', 'followers_count': 48, 'color': 11836360}, {'uri': 'spotify:user:22do2hd7hlc3uccdsnfb62cjq', 'name': '22do2hd7hlc3uccdsnfb62cjq', 'followers_count': 36, 'color': 16737335}, {'uri': 'spotify:user:22ekl7isljki2uwfpuhs4n5hy', 'name': '22ekl7isljki2uwfpuhs4n5hy', 'followers_count': 16, 'color': 8211250}, {'uri': 'spotify:user:22fc2juyz2aocruhvbpeoymly', 'name': '22fc2juyz2aocruhvbpeoymly', 'followers_count': 17, 'color': 5282805}, {'uri': 'spotify:user:22h2f26u2ptftelxizn4tsgny', 'name': '22h2f26u2ptftelxizn4tsgny', 'followers_count': 20, 'color': 16737335}, {'uri': 'spotify:user:22j4laguibc6egfrhc7mc6oyq', 'name': '22j4laguibc6egfrhc7mc6oyq', 'followers_count': 23, 'color': 16085920}, {'uri': 'spotify:user:22vxexjue52vh3ukcdqxso4mq', 'name': '22vxexjue52vh3ukcdqxso4mq', 'followers_count': 23, 'color': 1697420}, {'uri': 'spotify:user:22xnn47efwqemaiswwaf2hz5a', 'name': '22xnn47efwqemaiswwaf2hz5a', 'followers_count': 16, 'color': 16085920}, {'uri': 'spotify:user:22zn44aulkggvmctfqq4l5hji', 'name': '22zn44aulkggvmctfqq4l5hji', 'followers_count': 16, 'color': 1697420}, {'uri': 'spotify:user:313cxjnagek7wjc5lhftchvhntcq', 'name': '313cxjnagek7wjc5lhftchvhntcq', 'followers_count': 12, 'color': 11836360}, {'uri': 'spotify:user:31c7hfcmlrgdu5lrwhwae2jgkxeq', 'name': '31c7hfcmlrgdu5lrwhwae2jgkxeq', 'followers_count': 9, 'color': 1697420}, {'uri': 'spotify:user:31hkpucmfml5yy7awexispsez6ki', 'name': '31hkpucmfml5yy7awexispsez6ki', 'followers_count': 2, 'color': 16085920}, {'uri': 'spotify:user:31jf5a5rzgiu5d5vjma5drw6ej7a', 'name': '31jf5a5rzgiu5d5vjma5drw6ej7a', 'followers_count': 2, 'color': 1697420}, {'uri': 'spotify:user:31jg0neuaex5gcvfeza5ilofc', 'name': '31jg0neuaex5gcvfeza5ilofc', 'followers_count': 12, 'color': 16737335}, {'uri': 'spotify:user:31lp7yylw6t3aaih4cnormvnzloq', 'name': '31lp7yylw6t3aaih4cnormvnzloq', 'followers_count': 9, 'color': 1697420}, {'uri': 'spotify:user:31rykigc52v4j3pk2urhuapfxuuu', 'name': '31rykigc52v4j3pk2urhuapfxuuu', 'followers_count': 12, 'color': 16085920}, {'uri': 'spotify:user:31xveyjahufk4czooaukueoxbi3e', 'name': '31xveyjahufk4czooaukueoxbi3e', 'followers_count': 25, 'color': 1697420}, {'uri': 'spotify:user:7te8h4idbatyzzowalw4iq4ki', 'name': '7te8h4idbatyzzowalw4iq4ki', 'followers_count': 5, 'color': 11836360}, {'uri': 'spotify:user:b7rgsg65ehprarnpx6xqdye7d', 'name': '99215918', 'followers_count': 15, 'color': 16085920}, {'uri': 'spotify:user:21luhvkdspawhaw66h62ocada', 'name': ':)', 'image_url': 'https://i.scdn.co/image/ab6775700000ee85e86de77b9f9fd413251caf6b', 'followers_count': 26, 'color': 11836360}, {'uri': 'spotify:user:ho5qs2g2rxt7u1wv838kflkmi', 'name': '[Čára]', 'image_url': 'https://i.scdn.co/image/ab6775700000ee8587d90d7924614c4a6d2a17ab', 'followers_count': 12, 'color': 16737335}, {'uri': 'spotify:user:_tanzmariechen_', 'name': '_tanzmariechen_', 'followers_count': 61, 'color': 8211250}, {'uri': 'spotify:user:a-wild-stevo', 'name': 'a-wild-stevo', 'image_url': 'https://i.scdn.co/image/ab6775700000ee85acffdac9acf89f428fe3b88f', 'followers_count': 14, 'color': 16737335}, {'uri': 'spotify:user:3di9ww2gb1td6s6wjpnkpd5ms', 'name': 'A.alhaamid', 'image_url': 'https://i.scdn.co/image/ab6775700000ee853ed57d674428466bc81c5d21', 'followers_count': 14, 'color': 5282805}, {'uri': 'spotify:user:31rrnmneqwf5bx54mgiekxalyiuy', 'name': 'Aaban King', 'followers_count': 2, 'color': 5282805}, {'uri': 'spotify:user:1130481611', 'name': 'Aaron Müller', 'image_url': 'https://i.scdn.co/image/ab6775700000ee85d8ac6293284d95bb87cc34f5', 'followers_count': 98, 'color': 1697420}, {'uri': 'spotify:user:aaronricardo', 'name': 'Aaron Plasse', 'image_url': 'https://scontent-iad3-2.xx.fbcdn.net/v/t31.18172-1/16804338_1245411132174171_1367826424823232167_o.jpg?stp=dst-jpg_s320x320&_nc_cat=106&ccb=1-7&_nc_sid=0c64ff&_nc_ohc=woDj5g6wbggAX-FU0Pk&_nc_ht=scontent-iad3-2.xx&edm=AP4hL3IEAAAA&oh=00_AfAR-mbhuzg0wlZboLkdtpOglFhuH-rn0BrYHv0XNufiAQ&oe=64B3E7D9', 'followers_count': 31, 'color': 1697420}, {'uri': 'spotify:user:31ssfkejrfxligfwiz4ademjmlze', 'name': 'Aayush.', 'image_url': 'https://i.scdn.co/image/ab6775700000ee853d637b801cd2094df03710ee', 'followers_count': 30, 'color': 11836360}, {'uri': 'spotify:user:11150933195', 'name': 'Abadi Shaibani', 'image_url': 'https://scontent-iad3-1.xx.fbcdn.net/v/t1.6435-1/46445862_985936278265288_6396727490965929984_n.jpg?stp=c0.40.240.240a_dst-jpg_p240x240&_nc_cat=109&ccb=1-7&_nc_sid=0c64ff&_nc_ohc=bz1cIqPG2FEAX85LpsV&_nc_ht=scontent-iad3-1.xx&edm=AP4hL3IEAAAA&oh=00_AfDFVECL0UF2vENf8ZXbWy-8fA6ktkDy_Ipm4cSAS8RBiQ&oe=64B3DEB3', 'followers_count': 66, 'color': 16737335}, {'uri': 'spotify:user:117345944', 'name': 'Abel Bsf', 'image_url': 'https://scontent-iad3-1.xx.fbcdn.net/v/t1.6435-1/185025336_10219985518683402_2422786671697796502_n.jpg?stp=dst-jpg_p320x320&_nc_cat=108&ccb=1-7&_nc_sid=0c64ff&_nc_ohc=eXWDd1s4tgcAX8dL70Y&_nc_ht=scontent-iad3-1.xx&edm=AP4hL3IEAAAA&oh=00_AfD2ROftHb8JHPxQHH0OGlnBeNdNnOFyuvGPmtDMHHi4qA&oe=64B3D2B6', 'followers_count': 33, 'color': 1697420}, {'uri': 'spotify:user:sd1qf4mtkn8wswn86h8edwrjp', 'name': 'Abel Castro', 'image_url': 'https://i.scdn.co/image/ab6775700000ee852384fc89c465f41f6ca25429', 'followers_count': 160, 'color': 16085920}, {'uri': 'spotify:user:31rbluzd23wmp2myvs4ndocazrxq', 'name': 'Abhai', 'image_url': 'https://platform-lookaside.fbsbx.com/platform/profilepic/?asid=126897935758141&height=300&width=300&ext=1689520643&hash=AeREchBZ2tj3FmhixE4', 'followers_count': 9, 'color': 1697420}, {'uri': 'spotify:user:31x24o6fp52h3pkxskofh37vo2fy', 'name': 'Abhay', 'followers_count': 3, 'color': 8211250}, {'uri': 'spotify:user:31ijhhrasnpievp3hnuigtzi7rjy', 'name': 'Abhinay Shivhare', 'followers_count': 2, 'color': 16085920}, {'uri': 'spotify:user:31gq37kjgno4enyzbxbaibcq4mme', 'name': 'Abhishek Meena', 'followers_count': 2, 'color': 11836360}, {'uri': 'spotify:user:31xbsfobz4wvtwvspmopfhoojmeq', 'name': 'Abhishek Rajput 💙', 'image_url': 'https://i.scdn.co/image/ab6775700000ee8529573f978b6bc0aaef710127', 'followers_count': 6, 'color': 11836360}, {'uri': 'spotify:user:31tnfyak7y3hgvnknxxtze4yqz4y', 'name': 'Abi :3', 'image_url': 'https://platform-lookaside.fbsbx.com/platform/profilepic/?asid=142271356730798&height=300&width=300&ext=1689495566&hash=AeThnPZEMlBFeM8m75M', 'color': 1697420}, {'uri': 'spotify:user:aboodydasui', 'name': 'aboodydasui', 'followers_count': 12, 'color': 5282805}, {'uri': 'spotify:user:1123906525', 'name': 'abumoo', 'followers_count': 117, 'color': 11836360}, {'uri': 'spotify:user:acid_outkast', 'name': 'acid_outkast', 'followers_count': 30, 'color': 11836360}, {'uri': 'spotify:user:tlye4257f8ppcqsx6utjrw3i2', 'name': 'Adam Alsop', 'followers_count': 34, 'color': 5282805}, {'uri': 'spotify:user:31rrken2qtv43gbvmwxkojduyfhi', 'name': 'Adolf Weisman', 'image_url': 'https://platform-lookaside.fbsbx.com/platform/profilepic/?asid=400004054258626&height=300&width=300&ext=1689517524&hash=AeTf4MO_0mg7_6P9SXk', 'followers_count': 12, 'color': 16737335}, {'uri': 'spotify:user:adolfsson8', 'name': 'adolfsson8', 'followers_count': 227, 'color': 11836360}, {'uri': 'spotify:user:21cn4sgkojs5hs6kc57btrv7q', 'name': 'Adral A', 'image_url': 'https://platform-lookaside.fbsbx.com/platform/profilepic/?asid=10208954638494175&height=300&width=300&ext=1689514537&hash=AeSmYL7rmNGIOJmLrhE', 'followers_count': 18, 'color': 11836360}, {'uri': 'spotify:user:31gnkcj7y76zo2hxqs4bx7g4jsem', 'name': 'Adrian Arriojas', 'image_url': 'https://platform-lookaside.fbsbx.com/platform/profilepic/?asid=116873715960439&height=300&width=300&ext=1689514537&hash=AeRH8XxZqzUQy6VMwIg', 'followers_count': 14, 'color': 16737335}, {'uri': 'spotify:user:22e2xxgjajpvdy7ehfv62z3sy', 'name': 'Ahri', 'image_url': 'https://i.scdn.co/image/ab6775700000ee853b6beec158c0224325feefa2', 'followers_count': 34, 'color': 16737335}, {'uri': 'spotify:user:28106cx85gko6yjaaotoqm32m', 'name': 'Ajay singh negi', 'followers_count': 13, 'color': 1697420}, {'uri': 'spotify:user:s42mt0dyjxkru6bwl3y2frmpx', 'name': 'Akash', 'image_url': 'https://platform-lookaside.fbsbx.com/platform/profilepic/?asid=708945839472806&height=300&width=300&ext=1689514537&hash=AeQWNZ2RZJDfhg2WQTs', 'followers_count': 13, 'color': 5282805}, {'uri': 'spotify:user:alan8777', 'name': 'Alan Bissoli', 'image_url': 'https://i.scdn.co/image/ab6775700000ee853f1eea1b7453b01991b2d0a0', 'followers_count': 47, 'color': 11836360}, {'uri': 'spotify:user:alarmasadc', 'name': 'alarmasadc', 'followers_count': 16, 'color': 1697420}, {'uri': 'spotify:user:sonja.beat', 'name': 'Albeniso', 'image_url': 'https://i.scdn.co/image/ab6775700000ee855b3f797402b7e3a01ad10e05', 'followers_count': 17, 'color': 8211250}, {'uri': 'spotify:user:albertgbowling', 'name': 'albertgbowling', 'followers_count': 16, 'color': 1697420}, {'uri': 'spotify:user:valbellido', 'name': 'Alberto Valbellido', 'image_url': 'https://scontent-lga3-1.xx.fbcdn.net/v/t39.30808-1/311288027_10229537116838183_1547553016741275472_n.jpg?stp=c0.0.320.320a_dst-jpg_p320x320&_nc_cat=108&ccb=1-7&_nc_sid=0c64ff&_nc_ohc=fO__AdHK90gAX8gEqeg&_nc_ht=scontent-lga3-1.xx&edm=AP4hL3IEAAAA&oh=00_AfDn0k8OLaPm5QIdSJq0PBJAlAS5URpGtA-MwQs_mGkAew&oe=64918D4F', 'followers_count': 129, 'color': 11836360}, {'uri': 'spotify:user:lilabeketh', 'name': 'ALBONDIGA MUTANTE', 'image_url': 'https://i.scdn.co/image/ab6775700000ee852da16bed906dbdcbe803f454', 'followers_count': 7, 'color': 11836360}, {'uri': 'spotify:user:aldibrahmantya', 'name': 'Aldi Brahmantya', 'image_url': 'https://platform-lookaside.fbsbx.com/platform/profilepic/?asid=1251421184935560&height=300&width=300&ext=1689517524&hash=AeQgPA8C4ONnPEz-4l8', 'followers_count': 46, 'color': 1697420}, {'uri': 'spotify:user:hi95qvcn70417n1ucv5vq37hc', 'name': 'alefddz', 'image_url': 'https://i.scdn.co/image/ab6775700000ee8543664b9617c1aba1067a107c', 'followers_count': 45, 'color': 5282805}, {'uri': 'spotify:user:omgitsarsnl', 'name': 'Alex', 'image_url': 'https://i.scdn.co/image/ab6775700000ee8563c27b8e7a406632616ba169', 'followers_count': 23, 'color': 16737335}, {'uri': 'spotify:user:12178548097', 'name': 'Alex Polo', 'image_url': 'https://platform-lookaside.fbsbx.com/platform/profilepic/?asid=1563612220563158&height=300&width=300&ext=1689517524&hash=AeQjNK1yHUK8HAeA5B4', 'followers_count': 37, 'color': 16737335}, {'uri': 'spotify:user:aj9pid9hp30tcghwhx5s9t2p5', 'name': 'Alex.Ulland', 'followers_count': 16, 'color': 5282805}, {'uri': 'spotify:user:blaidermax', 'name': 'Alexander Espinosa', 'image_url': 'https://scontent-iad3-2.xx.fbcdn.net/v/t1.6435-1/48360298_2160280390714569_8992046549991161856_n.jpg?stp=dst-jpg_s320x320&_nc_cat=100&ccb=1-7&_nc_sid=0c64ff&_nc_ohc=dihcL8jRTLcAX-HYR0J&_nc_ht=scontent-iad3-2.xx&edm=AP4hL3IEAAAA&oh=00_AfDsjDYvXwul8AnHnoMn795genKrreIHsxx-5a9TteE5UA&oe=64B3E665', 'followers_count': 17, 'color': 16737335}, {'uri': 'spotify:user:lcna4txm6bin9ss6k8qh5tvv5', 'name': 'alexandre', 'image_url': 'https://i.scdn.co/image/ab6775700000ee85feec6eeddc8233d197fb0d43', 'followers_count': 15, 'color': 5282805}, {'uri': 'spotify:user:alexisconde', 'name': 'alexisconde', 'followers_count': 46, 'color': 1697420}, {'uri': 'spotify:user:alfreddh97', 'name': 'alfreddh97', 'followers_count': 16, 'color': 5282805}, {'uri': 'spotify:user:alikondakci', 'name': 'alikondakci', 'image_url': 'https://i.scdn.co/image/ab6775700000ee8584ab5fed53a60e33e8337941', 'followers_count': 16, 'color': 16085920}, {'uri': 'spotify:user:alonsoastoray21', 'name': 'alonsoastoray21', 'followers_count': 34, 'color': 16085920}, {'uri': 'spotify:user:65cdeww5x4ceo87noy3agcj8n', 'name': 'Altse', 'followers_count': 9, 'color': 1697420}, {'uri': 'spotify:user:31d77ufolqyrfj2ucjdqskjclagi', 'name': 'AMMAR', 'followers_count': 11, 'color': 16085920}, {'uri': 'spotify:user:q7i078v2firoufkfbm5oui2d9', 'name': 'Amtk', 'followers_count': 11, 'color': 1697420}, {'uri': 'spotify:user:amz169', 'name': 'amz169', 'followers_count': 44, 'color': 5282805}, {'uri': 'spotify:user:21r2jdp7t6ehoxhbtztbszb5a', 'name': 'Ana Júlia', 'image_url': 'https://i.scdn.co/image/ab6775700000ee85c5065491f46a247c889aa895', 'followers_count': 90, 'color': 5282805}, {'uri': 'spotify:user:analuizaie', 'name': 'analuizaie', 'followers_count': 15, 'color': 8211250}, {'uri': 'spotify:user:ys6cef9fxitpqoqr8d1dki5vu', 'name': 'andre', 'followers_count': 13, 'color': 16085920}, {'uri': 'spotify:user:1169187851', 'name': 'Andrea Caramanna', 'image_url': 'https://scontent.fmaa10-1.fna.fbcdn.net/v/t1.6435-1/101651919_2917867618269078_7962779060801634304_n.jpg?stp=dst-jpg_p320x320&_nc_cat=105&ccb=1-7&_nc_sid=0c64ff&_nc_ohc=pRUHpjSz-voAX-FR3MX&_nc_ht=scontent.fmaa10-1.fna&edm=AP4hL3IEAAAA&oh=00_AfBSkigXPM1drQxeEhkl7PoDCt4wno4cit7NGwrvDh4NGw&oe=64B3F0C5', 'followers_count': 51, 'color': 8211250}, {'uri': 'spotify:user:223c76a7qcr35pjwoifu7pzfq', 'name': 'Andres Guevara', 'image_url': 'https://platform-lookaside.fbsbx.com/platform/profilepic/?asid=1131069450284600&height=300&width=300&ext=1689507252&hash=AeS8J_j95mvpMliwi4I', 'followers_count': 44, 'color': 16737335}, {'uri': 'spotify:user:andresv-50', 'name': 'andresv-50', 'followers_count': 17, 'color': 11836360}, {'uri': 'spotify:user:a.ndrewhughes2610', 'name': 'Andrew Hughes', 'image_url': 'https://scontent-iad3-1.xx.fbcdn.net/v/t1.6435-1/46818550_10156088950625819_3350219725199114240_n.jpg?stp=dst-jpg_p320x320&_nc_cat=107&ccb=1-7&_nc_sid=0c64ff&_nc_ohc=BT108q50vCQAX_wr1WU&_nc_ht=scontent-iad3-1.xx&edm=AP4hL3IEAAAA&oh=00_AfDY_PLhNEk-cuD-oqaaVRuyiBWfIg93mL35mYvus-X8lw&oe=64B3D6E9', 'followers_count': 26, 'color': 11836360}, {'uri': 'spotify:user:314unfbuuwpcimnlrismmpqad32a', 'name': 'Andyanchundia', 'image_url': 'https://platform-lookaside.fbsbx.com/platform/profilepic/?asid=1202005256950150&height=300&width=300&ext=1689517524&hash=AeR2egtWGwYbXasqZ-s', 'followers_count': 10, 'color': 11836360}, {'uri': 'spotify:user:angelojarabejr', 'name': 'angelojarabejr', 'followers_count': 15, 'color': 11836360}, {'uri': 'spotify:user:1188330822', 'name': 'Angus Weissman', 'image_url': 'https://scontent-atl3-2.xx.fbcdn.net/v/t1.18169-1/13094211_10156964706330094_3929367967563902923_n.jpg?stp=dst-jpg_p320x320&_nc_cat=104&ccb=1-7&_nc_sid=0c64ff&_nc_ohc=QUPckeM3tWcAX-znkXc&_nc_ht=scontent-atl3-2.xx&edm=AP4hL3IEAAAA&oh=00_AfDhDTH-3Lv8KzCBE2SM8DQkdlA38zaUW6XnkIHICal5PA&oe=64B3C7E1', 'followers_count': 87, 'color': 8211250}, {'uri': 'spotify:user:22kzzivm7duq5io6j7evcf6di', 'name': 'Ant', 'image_url': 'https://i.scdn.co/image/ab6775700000ee85bbc9bf35c432cc5783a45bae', 'followers_count': 66, 'color': 11836360}, {'uri': 'spotify:user:11633165', 'name': 'Anthony Berlioz-Ucles', 'image_url': 'https://scontent-iad3-1.xx.fbcdn.net/v/t39.30808-1/213087109_4246469822072337_8905974014922024669_n.jpg?stp=dst-jpg_p320x320&_nc_cat=109&ccb=1-7&_nc_sid=0c64ff&_nc_ohc=EmRvZAOlKNsAX9QcGrH&_nc_ht=scontent-iad3-1.xx&edm=AP4hL3IEAAAA&oh=00_AfATX6cPksmZXMnhXppFOdc5y5vs0jTk4AuDtYYs6otUuw&oe=6490CD9B', 'followers_count': 65, 'color': 8211250}, {'uri': 'spotify:user:anthonycaruana06', 'name': 'anthonycaruana06', 'followers_count': 56, 'color': 16737335}, {'uri': 'spotify:user:31a64zoxkoz5lzm6k2mfro4whyeq', 'name': 'Anthystic', 'followers_count': 2, 'color': 8211250}, {'uri': 'spotify:user:1173020903', 'name': 'Antonio Colucci', 'image_url': 'https://scontent.fmaa10-1.fna.fbcdn.net/v/t1.6435-1/44571535_2077106128978015_4675153123822534656_n.jpg?stp=dst-jpg_p320x320&_nc_cat=110&ccb=1-7&_nc_sid=0c64ff&_nc_ohc=mTXcyGaiWGoAX-sHRAR&_nc_ht=scontent.fmaa10-1.fna&edm=AP4hL3IEAAAA&oh=00_AfCDRY5DtBVdAGjPXdH4L3VQTGYWUYWaYah6_dCInIdqbg&oe=64B3BD84', 'followers_count': 71, 'color': 16737335}, {'uri': 'spotify:user:apollohm7', 'name': 'apollohm7', 'followers_count': 15, 'color': 1697420}, {'uri': 'spotify:user:aqdaskhan26', 'name': 'aqdaskhan26', 'followers_count': 58, 'color': 16085920}, {'uri': 'spotify:user:312mwea7hfamcpgzwieleimi4y2y', 'name': 'Arian', 'image_url': 'https://i.scdn.co/image/ab6775700000ee85d7faa10d60538b13eb3cf627', 'followers_count': 3, 'color': 8211250}, {'uri': 'spotify:user:11138174261', 'name': 'Arie Kolijn', 'image_url': 'https://scontent-atl3-1.xx.fbcdn.net/v/t31.18172-1/13350287_1054458804633148_2726020291643725141_o.jpg?stp=dst-jpg_p320x320&_nc_cat=103&ccb=1-7&_nc_sid=0c64ff&_nc_ohc=roc5UQUVTAIAX94zxSX&_nc_ht=scontent-atl3-1.xx&edm=AP4hL3IEAAAA&oh=00_AfDRsGsoHtNbbismdmCMk8a1u6VBBvDVs2EjHjRbzBJ8Sw&oe=64B35D2D', 'followers_count': 108, 'color': 16085920}, {'uri': 'spotify:user:1vnlfvcbcm2s2cewmrkqsb3fg', 'name': 'Ariellbaz', 'followers_count': 13, 'color': 5282805}, {'uri': 'spotify:user:lnqcmbv5mpxtyw5mhzbpzpkz2', 'name': 'Arjun', 'followers_count': 5, 'color': 5282805}, {'uri': 'spotify:user:arjunjust02', 'name': 'arjunjust02', 'followers_count': 15, 'color': 16737335}, {'uri': 'spotify:user:31y4jfchjuk2bv3d5h2e4ym5btmy', 'name': 'Armando S W Filho', 'followers_count': 3, 'color': 5282805}, {'uri': 'spotify:user:31rwed26fg3xx7ls3xffesyqa4uy', 'name': 'arturex', 'image_url': 'https://platform-lookaside.fbsbx.com/platform/profilepic/?asid=662472630871146&height=300&width=300&ext=1689520643&hash=AeQFXxF0CNkV-hBC_78', 'followers_count': 2, 'color': 1697420}, {'uri': 'spotify:user:3pj3kvn20adtxqnzxtbmb1mgv', 'name': 'Asher', 'followers_count': 12, 'color': 1697420}, {'uri': 'spotify:user:j4he846yp0ig9v5c4apv2ay08', 'name': 'Astar777', 'image_url': 'https://platform-lookaside.fbsbx.com/platform/profilepic/?asid=111075724416172&height=300&width=300&ext=1689517524&hash=AeTeiTXShOkaRS0c6J4', 'followers_count': 10, 'color': 16085920}, {'uri': 'spotify:user:31km6tpw2pdzwfxxodqovau6ox2q', 'name': 'Asuncionpy', 'image_url': 'https://platform-lookaside.fbsbx.com/platform/profilepic/?asid=1268507550317313&height=300&width=300&ext=1689517524&hash=AeTBiBpDTb658b40G4Q', 'followers_count': 6, 'color': 11836360}, {'uri': 'spotify:user:ata6748', 'name': 'ata6748', 'followers_count': 5, 'color': 1697420}, {'uri': 'spotify:user:31azsqyofnmlqgcmy3u6ng57biyi', 'name': 'Atul Prabhakar Indwar', 'followers_count': 5, 'color': 11836360}, {'uri': 'spotify:user:31kyulcydo5fi5wkhxog34zyvc7i', 'name': 'Aven', 'image_url': 'https://i.scdn.co/image/ab6775700000ee85f227c8ec228c83231b216e31', 'followers_count': 2, 'color': 16737335}, {'uri': 'spotify:user:21fmad7sr5fzwrnmsaewq5miq', 'name': 'Aya Yamamoto', 'image_url': 'https://platform-lookaside.fbsbx.com/platform/profilepic/?asid=1427127244074144&height=300&width=300&ext=1689514537&hash=AeRKFELu3XJoEuRFpCc', 'followers_count': 2, 'color': 16085920}, {'uri': 'spotify:user:31q6fm6df3hpob66dfvzb2mdbpdu', 'name': 'Ayame yatsu', 'image_url': 'https://i.scdn.co/image/ab6775700000ee85e0046746119eb6ccf7c2eab6', 'followers_count': 2, 'color': 1697420}, {'uri': 'spotify:user:nocp73jj5533847tsip62mz97', 'name': 'Ayush', 'followers_count': 14, 'color': 16085920}, {'uri': 'spotify:user:b9m4evtxb5aohcahh4bomqh81', 'name': 'b9m4evtxb5aohcahh4bomqh81', 'followers_count': 13, 'color': 5282805}, {'uri': 'spotify:user:bahadir321', 'name': 'bahadir321', 'followers_count': 15, 'color': 11836360}, {'uri': 'spotify:user:dk9k0hwhwex7qxknl006sd29x', 'name': 'BangJingLiu', 'image_url': 'https://i.scdn.co/image/ab6775700000ee85ed976a106117eeb85baa7400', 'followers_count': 5, 'color': 5282805}, {'uri': 'spotify:user:wp70pp77qkwefew9qmmvntula', 'name': 'Bassapproved', 'image_url': 'https://i.scdn.co/image/ab6775700000ee8513fe741b35d958502d42174e', 'followers_count': 17, 'color': 16085920}, {'uri': 'spotify:user:baumwolle01', 'name': 'baumwolle01', 'image_url': 'https://i.scdn.co/image/ab6775700000ee85b327930c2b9cfd096a4c4163', 'followers_count': 13, 'color': 11836360}, {'uri': 'spotify:user:benalert95', 'name': 'Ben Folkes', 'image_url': 'https://platform-lookaside.fbsbx.com/platform/profilepic/?asid=531058183951459&height=300&width=300&ext=1689510392&hash=AeSFLDkF6MGISu3Jq4c', 'followers_count': 70, 'color': 1697420}, {'uri': 'spotify:user:12174465467', 'name': 'Benjamin Alexander Rodriguez', 'image_url': 'https://scontent-iad3-1.xx.fbcdn.net/v/t39.30808-1/272274134_5664008090281348_4311510121263137140_n.jpg?stp=dst-jpg_p320x320&_nc_cat=101&ccb=1-7&_nc_sid=0c64ff&_nc_ohc=caO-KnIzqPwAX-g8Ked&_nc_ht=scontent-iad3-1.xx&edm=AP4hL3IEAAAA&oh=00_AfAsgocPFBqj-ZVvE7ir5x3tqrsjr3oVP7DBNqPPFlm2zw&oe=64907515', 'followers_count': 22, 'color': 11836360}, {'uri': 'spotify:user:1191810736', 'name': 'Benjamin Hartert', 'image_url': 'https://scontent-iad3-2.xx.fbcdn.net/v/t39.30808-1/214331614_3989040904477728_7820205920130443093_n.jpg?stp=dst-jpg_p320x320&_nc_cat=105&ccb=1-7&_nc_sid=0c64ff&_nc_ohc=DYTnhqpu2bIAX8qkgae&_nc_ht=scontent-iad3-2.xx&edm=AP4hL3IEAAAA&oh=00_AfBACiv_iMxkUmDEtAvccxxZ4buTm9fV7GyT_NzQbIwxeA&oe=64923389', 'followers_count': 10, 'color': 5282805}, {'uri': 'spotify:user:leomendez21', 'name': 'Benjamin Mendez', 'image_url': 'https://platform-lookaside.fbsbx.com/platform/profilepic/?asid=252087845256356&height=300&width=300&ext=1689516773&hash=AeT6o03UEBl2H3R7pKw', 'followers_count': 19, 'color': 8211250}, {'uri': 'spotify:user:31agho4odlzfnusl5zm6b4smnhqu', 'name': 'Benne', 'image_url': 'https://i.scdn.co/image/ab6775700000ee85ea94382187c9916ad62498b0', 'followers_count': 3, 'color': 5282805}, {'uri': 'spotify:user:benpage475', 'name': 'benpage475', 'followers_count': 40, 'color': 16737335}, {'uri': 'spotify:user:3w04bpetwhoalw0vnr8o11ec7', 'name': 'Best Riven', 'followers_count': 10, 'color': 16737335}, {'uri': 'spotify:user:hjf753tnara3rzem0xn10dvsn', 'name': 'Bianca', 'image_url': 'https://i.scdn.co/image/ab6775700000ee854daf5df364c2d634095bf49f', 'followers_count': 29, 'color': 16737335}, {'uri': 'spotify:user:21mekfkig7witdwmlvb4pekpy', 'name': 'Bichito Meneses Ponce', 'image_url': 'https://platform-lookaside.fbsbx.com/platform/profilepic/?asid=379028645876189&height=300&width=300&ext=1689517524&hash=AeR0TqogXmRT5K1f2es', 'followers_count': 17, 'color': 8211250}, {'uri': 'spotify:user:31vhymcy6h7nklb4td452uln2cvy', 'name': 'binoth Kanjana', 'image_url': 'https://i.scdn.co/image/ab6775700000ee8545b99dfe95ad5db16ce07cdf', 'followers_count': 3, 'color': 16085920}, {'uri': 'spotify:user:s057mhxkk6n8d5yf0lp32id84', 'name': 'Birwi', 'image_url': 'https://i.scdn.co/image/ab6775700000ee859acddc4bb5fd910670111d97', 'followers_count': 18, 'color': 8211250}, {'uri': 'spotify:user:aad2malj3pvwrzzu7paaxoeiy', 'name': 'blackiop', 'followers_count': 10, 'color': 11836360}, {'uri': 'spotify:user:blockscapop-mx', 'name': 'blockscapop-mx', 'image_url': 'https://i.scdn.co/image/ab6775700000ee8545a5e0cd9e716e9beeaaf29c', 'followers_count': 15, 'color': 11836360}, {'uri': 'spotify:user:deadshot1342', 'name': 'Bones Malone', 'image_url': 'https://i.scdn.co/image/ab6775700000ee85778ec59eb653a4dbe87ec4fe', 'followers_count': 71, 'color': 1697420}, {'uri': 'spotify:user:31ey3vll4iiowb2qc27d3b56dqku', 'name': 'Brain', 'color': 16085920}, {'uri': 'spotify:user:1213890349', 'name': 'Brandon Elliott', 'image_url': 'https://scontent-ord5-2.xx.fbcdn.net/v/t1.30497-1/143086968_2856368904622192_1959732218791162458_n.png?_nc_cat=1&ccb=1-7&_nc_sid=0c64ff&_nc_ohc=zv_8H7HUcBwAX-h-otw&_nc_ht=scontent-ord5-2.xx&edm=AP4hL3IEAAAA&oh=00_AfBbLTAt1135QccKIZcF0xDU6ZLBKQrRUtbnAjo1Xma9ug&oe=64B3CCB8', 'followers_count': 34, 'color': 11836360}, {'uri': 'spotify:user:rgf1asu23uh755y9jrzpavkzw', 'name': 'Bruhzum', 'image_url': 'https://i.scdn.co/image/ab6775700000ee85c46c068f725284f34a2a7f12', 'followers_count': 19, 'color': 11836360}, {'uri': 'spotify:user:31j3prtc6rbpkwzvjmbo53iaiole', 'name': 'bryce', 'image_url': 'https://i.scdn.co/image/ab6775700000ee85d6ad98cf7debd5ee9743d8d9', 'followers_count': 4, 'color': 8211250}, {'uri': 'spotify:user:brymeha', 'name': 'brymeha', 'followers_count': 28, 'color': 16085920}, {'uri': 'spotify:user:buckingham44', 'name': 'buckingham44', 'followers_count': 35, 'color': 11836360}, {'uri': 'spotify:user:11178386183', 'name': 'Burritocatto', 'image_url': 'https://i.scdn.co/image/ab6775700000ee85e7cb61715cca34084721362d', 'followers_count': 69, 'color': 16737335}, {'uri': 'spotify:user:b%C3%B6mler', 'name': 'bömler', 'followers_count': 20, 'color': 5282805}, {'uri': 'spotify:user:c.log23', 'name': 'c.log23', 'followers_count': 17, 'color': 5282805}, {'uri': 'spotify:user:4xnymuozx185xcn5xmqpkdloi', 'name': 'Cadet', 'image_url': 'https://i.scdn.co/image/ab6775700000ee85cbe6e2c7bfbd62b63a620dfa', 'followers_count': 47, 'color': 1697420}, {'uri': 'spotify:user:caioandre6767', 'name': 'caioandre6767', 'followers_count': 13, 'color': 5282805}, {'uri': 'spotify:user:caiomelo.17', 'name': 'caiomelo.17', 'image_url': 'https://i.scdn.co/image/ab6775700000ee853f729026c7927f385b54328f', 'followers_count': 11, 'color': 8211250}, {'uri': 'spotify:user:1291389371', 'name': 'Camron Taylor', 'image_url': 'https://scontent-iad3-2.xx.fbcdn.net/v/t39.30808-1/243290167_2229755140500037_5497331259278277016_n.jpg?stp=c0.0.320.320a_dst-jpg_p320x320&_nc_cat=103&ccb=1-7&_nc_sid=0c64ff&_nc_ohc=acYlri1YApkAX928DLT&_nc_ht=scontent-iad3-2.xx&edm=AP4hL3IEAAAA&oh=00_AfDd4O846LAEmQTiXMOvYdpdumTfDeZUucbtT44-UhKwgQ&oe=64915163', 'followers_count': 57, 'color': 11836360}, {'uri': 'spotify:user:22eq3ayrke4n36gogya7h4ysa', 'name': 'Candy Queen', 'image_url': 'https://platform-lookaside.fbsbx.com/platform/profilepic/?asid=10153812310327359&height=300&width=300&ext=1689514537&hash=AeTk3upKRXEZmRzIrVE', 'followers_count': 8, 'color': 8211250}, {'uri': 'spotify:user:caphysl5nn6cmjvts1zzmsta6', 'name': 'caphysl5nn6cmjvts1zzmsta6', 'followers_count': 4, 'color': 16085920}, {'uri': 'spotify:user:captainlgdaniel', 'name': 'captainlgdaniel', 'followers_count': 15, 'color': 16737335}, {'uri': 'spotify:user:31ngaq7doubolwu6ultrwik4hhvu', 'name': 'Car Lover', 'image_url': 'https://i.scdn.co/image/ab6775700000ee85019e5804ef556a952cffd6d5', 'color': 16737335}, {'uri': 'spotify:user:huntdseta', 'name': 'Carlitos', 'image_url': 'https://i.scdn.co/image/ab6775700000ee85469e322f170e28c699ea85bc', 'followers_count': 22, 'color': 8211250}, {'uri': 'spotify:user:cabravo76-mx', 'name': 'Carlos Abraham Bravo', 'image_url': 'https://i.scdn.co/image/ab6775700000ee854a83341eb635c5bec142daa7', 'followers_count': 7, 'color': 5282805}, {'uri': 'spotify:user:carlosmomg100', 'name': 'carlosmomg100', 'image_url': 'https://i.scdn.co/image/ab6775700000ee85314e09ddfc1b9f5491358323', 'followers_count': 22, 'color': 1697420}, {'uri': 'spotify:user:cashbeat1', 'name': 'cashbeat1', 'followers_count': 41, 'color': 5282805}, {'uri': 'spotify:user:i2flg4j3uupb5o1wymhcws1s2', 'name': 'Catma', 'image_url': 'https://i.scdn.co/image/ab6775700000ee8552f5996ed37357ea7dd464ca', 'followers_count': 41, 'color': 16085920}, {'uri': 'spotify:user:liwonggamer', 'name': 'Cauã Castelan', 'image_url': 'https://platform-lookaside.fbsbx.com/platform/profilepic/?asid=1737829593145872&height=300&width=300&ext=1689485293&hash=AeQZZkK-Y29SZ874UMA', 'followers_count': 14, 'color': 8211250}, {'uri': 'spotify:user:g9qkipi9qhfpqs66atzjv5ks2', 'name': 'CELTIC_HADES', 'image_url': 'https://i.scdn.co/image/ab6775700000ee85429060f9cb535a50b0f97c94', 'followers_count': 8, 'color': 16085920}, {'uri': 'spotify:user:31b4uho4efx46rftoou6i5m4wzuq', 'name': 'CerberusGuard', 'followers_count': 2, 'color': 5282805}, {'uri': 'spotify:user:12131691311', 'name': 'Cesar Hrtgmz', 'image_url': 'https://scontent-iad3-1.xx.fbcdn.net/v/t1.6435-1/175429112_4591382710894378_5627320773903813723_n.jpg?stp=dst-jpg_s320x320&_nc_cat=109&ccb=1-7&_nc_sid=0c64ff&_nc_ohc=1ee809k95U0AX--RFkc&_nc_ht=scontent-iad3-1.xx&edm=AP4hL3IEAAAA&oh=00_AfAmDxuENG0knI0r-c6N3pccaD0wWVYTUF27ieQjO_LqDA&oe=64B37FE0', 'followers_count': 49, 'color': 16737335}, {'uri': 'spotify:user:chaster1', 'name': 'chaster1', 'followers_count': 44, 'color': 1697420}, {'uri': 'spotify:user:21se66cztdoqxlehwmwjytley', 'name': 'Chen Min', 'image_url': 'https://platform-lookaside.fbsbx.com/platform/profilepic/?asid=257164594669698&height=300&width=300&ext=1689517833&hash=AeQXQd1cYhgZWsrc89M', 'followers_count': 21, 'color': 16085920}, {'uri': 'spotify:user:chikinyuen', 'name': 'chikinyuen', 'followers_count': 19, 'color': 1697420}, {'uri': 'spotify:user:childishhh.vibes', 'name': 'childishhh.vibes', 'followers_count': 16, 'color': 1697420}, {'uri': 'spotify:user:sigmuyfv7tv45pustvhb4h6v4', 'name': 'ChillZzParanormal', 'image_url': 'https://i.scdn.co/image/ab6775700000ee8581b72873446c3edccc96c8cd', 'followers_count': 4, 'color': 11836360}, {'uri': 'spotify:user:chilos9', 'name': 'chilos9', 'followers_count': 19, 'color': 11836360}, {'uri': 'spotify:user:chrisstone2017', 'name': 'chrisstone2017', 'followers_count': 17, 'color': 16085920}, {'uri': 'spotify:user:bernis0115', 'name': 'Chung0115', 'image_url': 'https://i.scdn.co/image/ab6775700000ee85e5f97f17fefc9ece4dd8ee92', 'followers_count': 18, 'color': 16085920}, {'uri': 'spotify:user:31eixaizcd3y66p5lmzb6nqwvx6q', 'name': 'Ciel', 'image_url': 'https://i.scdn.co/image/ab6775700000ee85e376fec0df4f68863eca322d', 'followers_count': 2, 'color': 11836360}, {'uri': 'spotify:user:22pn7iifwts5yto5r6kxiek3y', 'name': 'Cj Winship', 'image_url': 'https://platform-lookaside.fbsbx.com/platform/profilepic/?asid=4080456227389&height=300&width=300&ext=1689517524&hash=AeR0EpyOiuQw_1ZKwMs', 'followers_count': 19, 'color': 1697420}, {'uri': 'spotify:user:qzr5fktu0hdyxmy1rcf8lv5cf', 'name': 'Claire', 'image_url': 'https://i.scdn.co/image/ab6775700000ee850f77bd960c998936aadfee71', 'followers_count': 11, 'color': 16737335}, {'uri': 'spotify:user:31pfehtr7xxspwsq4xkmjcun574m', 'name': 'Cm Punk', 'image_url': 'https://platform-lookaside.fbsbx.com/platform/profilepic/?asid=1787115774911410&height=300&width=300&ext=1689517524&hash=AeSMUTLQGEa2vvwIrd0', 'followers_count': 15, 'color': 5282805}, {'uri': 'spotify:user:31pbfh7eadmh2udfnolfr3ywy7ve', 'name': 'colombz', 'image_url': 'https://i.scdn.co/image/ab6775700000ee854d0c4cbaac57ea52471943f6', 'followers_count': 11, 'color': 5282805}, {'uri': 'spotify:user:coltfortner', 'name': 'coltfortner', 'followers_count': 16, 'color': 5282805}, {'uri': 'spotify:user:31a4gwcwz7brk73m3lu7gpjrarre', 'name': 'congregation', 'image_url': 'https://i.scdn.co/image/ab6775700000ee85fde178191c821100bc867375', 'followers_count': 6, 'color': 5282805}, {'uri': 'spotify:user:31wwespz7hu2ggchoa7m65ruotfe', 'name': 'Cosmic Dream Infinite', 'image_url': 'https://i.scdn.co/image/ab6775700000ee850e82659af716fbdbda6cbaed', 'color': 8211250}, {'uri': 'spotify:user:cosmicplay29-sv', 'name': 'cosmicplay29-sv', 'followers_count': 19, 'color': 1697420}, {'uri': 'spotify:user:craigamac', 'name': 'craigamac', 'followers_count': 19, 'color': 16737335}, {'uri': 'spotify:user:31viiy5q6pbgqfxlw5itmlyfuzsu', 'name': 'CriminalMind', 'followers_count': 3, 'color': 1697420}, {'uri': 'spotify:user:31eowecxbmo72doaajxhrlw56r4i', 'name': 'cristian', 'followers_count': 9, 'color': 8211250}, {'uri': 'spotify:user:31simq32vpouu3t5asqxhty6ifru', 'name': 'Cristian Orozco', 'followers_count': 9, 'color': 1697420}, {'uri': 'spotify:user:0ymh1igu0f21rvt4hex9n4tug', 'name': 'Cristian Rodriguez', 'image_url': 'https://i.scdn.co/image/ab6775700000ee8556bb45229980c50ab0b9c20c', 'followers_count': 176, 'color': 5282805}, {'uri': 'spotify:user:crypirenna', 'name': 'crypirenna', 'followers_count': 19, 'color': 1697420}, {'uri': 'spotify:user:cursedsoul131', 'name': 'cursedsoul131', 'followers_count': 12, 'color': 16085920}, {'uri': 'spotify:user:31d4iqcck73z4ouh2ef3gbkyv6sa', 'name': 'Cutee (cat) ily123', 'image_url': 'https://i.scdn.co/image/ab6775700000ee8531c8f27fb1de6f4b11ae72b1', 'followers_count': 16, 'color': 11836360}, {'uri': 'spotify:user:cutie_ldf667', 'name': 'cutie_ldf667', 'followers_count': 16, 'color': 16085920}, {'uri': 'spotify:user:1163401149', 'name': 'Cédric Berlez', 'image_url': 'https://scontent-sea1-1.xx.fbcdn.net/v/t31.18172-1/29872829_10156307646297973_6331968284539832392_o.jpg?stp=dst-jpg_p320x320&_nc_cat=105&ccb=1-7&_nc_sid=0c64ff&_nc_ohc=0cj4e4TXdlgAX8PXYrN&_nc_ht=scontent-sea1-1.xx&edm=AP4hL3IEAAAA&oh=00_AfAW2lZYICnYym3WmjpCaWnIdZ415xfPYwbVYzu7LdImdQ&oe=64B35392', 'followers_count': 108, 'color': 16085920}, {'uri': 'spotify:user:315aefyyxkusicdefyuxaee4lose', 'name': 'Dabi Clis', 'image_url': 'https://scontent-iad3-1.xx.fbcdn.net/v/t1.30497-1/84628273_176159830277856_972693363922829312_n.jpg?stp=c94.0.320.320a_dst-jpg_p320x320&_nc_cat=1&ccb=1-7&_nc_sid=12b3be&_nc_ohc=K-3THke9Q8AAX-RV--i&_nc_ht=scontent-iad3-1.xx&edm=AP4hL3IEAAAA&oh=00_AfDrLfQRdoU8OxGr01n61mW1kxAg6_9_13xqqCviCFfWPA&oe=64B3EDD9', 'followers_count': 8, 'color': 1697420}, {'uri': 'spotify:user:1133107736', 'name': 'Daisy Fernandez Salango', 'image_url': 'https://scontent-ord5-1.xx.fbcdn.net/v/t39.30808-1/224093814_4464017613650547_2047484844834016054_n.jpg?stp=dst-jpg_p320x320&_nc_cat=111&ccb=1-7&_nc_sid=0c64ff&_nc_ohc=6CGS_4hDVoUAX_llOkg&_nc_ht=scontent-ord5-1.xx&edm=AP4hL3IEAAAA&oh=00_AfAmD4IdNSAR8uKdJ8XlK27UjsuA1H2CvX1RDEy7Q4KRvw&oe=6490CE0F', 'followers_count': 39, 'color': 16085920}, {'uri': 'spotify:user:8eru88tpi7aen5n9w9ju5vemf', 'name': 'Dakota 🐻', 'image_url': 'https://i.scdn.co/image/ab6775700000ee852978838f226bea69d7c41ba8', 'followers_count': 15, 'color': 16737335}, {'uri': 'spotify:user:j5ra49nd1ha5n4czquvsf520b', 'name': 'DaLi Gs', 'followers_count': 15, 'color': 16085920}, {'uri': 'spotify:user:21d76u4mijnqhkqjosi6lljgy', 'name': 'dan', 'image_url': 'https://i.scdn.co/image/ab6775700000ee858682ed98fbc2f32b0d724f4f', 'followers_count': 1397, 'color': 1697420}, {'uri': 'spotify:user:gusanishow', 'name': 'Daniel Avila', 'image_url': 'https://platform-lookaside.fbsbx.com/platform/profilepic/?asid=765260580274220&height=300&width=300&ext=1689515256&hash=AeSZV41MX1dy31BeSxw', 'followers_count': 24, 'color': 16085920}, {'uri': 'spotify:user:12142283285', 'name': 'Daniel Ho', 'image_url': 'https://scontent-iad3-1.xx.fbcdn.net/v/t1.6435-1/42771936_1515126301921925_1872838137441419264_n.jpg?stp=dst-jpg_p320x320&_nc_cat=101&ccb=1-7&_nc_sid=0c64ff&_nc_ohc=OK5RaUQZhfsAX9wtrkD&_nc_ht=scontent-iad3-1.xx&edm=AP4hL3IEAAAA&oh=00_AfB91C2Zh6khlt8KwFCUds9QU4NOwBGOisf7qHTPhj-cOw&oe=64B3D679', 'followers_count': 53, 'color': 16085920}, {'uri': 'spotify:user:daniloski_', 'name': 'daniloski_', 'followers_count': 16, 'color': 8211250}, {'uri': 'spotify:user:31cmp2y2zvh4iepqqq35tksacpue', 'name': 'Danler08', 'image_url': 'https://i.scdn.co/image/ab6775700000ee851053860114618a5f0d27325c', 'followers_count': 14, 'color': 16085920}, {'uri': 'spotify:user:magnuskviske', 'name': 'Danne & Mange', 'image_url': 'https://i.scdn.co/image/ab6775700000ee85330517aa7ae45f6efa5d4861', 'followers_count': 103, 'color': 16737335}, {'uri': 'spotify:user:haribo1972', 'name': 'Danny de Vink', 'image_url': 'https://scontent-ord5-2.xx.fbcdn.net/v/t1.18169-1/29542478_792898267582861_8399790346743250149_n.jpg?stp=dst-jpg_p320x320&_nc_cat=107&ccb=1-7&_nc_sid=0c64ff&_nc_ohc=PyW0Fb4VunAAX_Bi7Ld&_nc_ht=scontent-ord5-2.xx&edm=AP4hL3IEAAAA&oh=00_AfA_NjBiuBL8o9wwkrxS4m_5nOQeekAQzXqTNmCTH9im5w&oe=64B3CB32', 'followers_count': 38, 'color': 1697420}, {'uri': 'spotify:user:s8jtzglmpf6strg1rws1kk6v6', 'name': 'dant', 'followers_count': 11, 'color': 11836360}, {'uri': 'spotify:user:1176703566', 'name': 'Daníel Karl Grönvold', 'image_url': 'https://scontent-atl3-2.xx.fbcdn.net/v/t1.6435-1/52402739_10157133516652311_5491568841345466368_n.jpg?stp=dst-jpg_p320x320&_nc_cat=111&ccb=1-7&_nc_sid=0c64ff&_nc_ohc=LwF32dlzyJIAX_U1pWC&_nc_ht=scontent-atl3-2.xx&edm=AP4hL3IEAAAA&oh=00_AfBwoWZdaY3EhjAepYKNVvy7KiKZXcpZarwJN0YEUrjXNA&oe=64B355F0', 'followers_count': 64, 'color': 1697420}, {'uri': 'spotify:user:qa46ojutzr1t3uo0cwujde9zj', 'name': 'Dariana Nahir', 'image_url': 'https://i.scdn.co/image/ab6775700000ee85a2648008c71414d00be64b68', 'followers_count': 4, 'color': 16085920}, {'uri': 'spotify:user:sda9thhmve81543ck24cy9eca', 'name': 'DarkDweller', 'image_url': 'https://i.scdn.co/image/ab6775700000ee850b61673fe7a3f92b6714977c', 'followers_count': 9, 'color': 8211250}, {'uri': 'spotify:user:bmu9nvzfh7tteo9d2kwtz93h4', 'name': 'DarkWolf', 'followers_count': 18, 'color': 5282805}, {'uri': 'spotify:user:31pnogvcbdkhcghmusrp5czoouje', 'name': 'Darl Raiden', 'image_url': 'https://platform-lookaside.fbsbx.com/platform/profilepic/?asid=315418476324776&height=300&width=300&ext=1689514537&hash=AeRU1wXvrT_PxbIXO5w', 'followers_count': 10, 'color': 5282805}, {'uri': 'spotify:user:livelikedc', 'name': 'Darren', 'image_url': 'https://platform-lookaside.fbsbx.com/platform/profilepic/?asid=1509730779354615&height=300&width=300&ext=1689520643&hash=AeSp0FqQzjWTVu9--KI', 'followers_count': 57, 'color': 16737335}, {'uri': 'spotify:user:dashygamer', 'name': 'dashygamer', 'followers_count': 16, 'color': 8211250}, {'uri': 'spotify:user:4a53twvkcl2lzbjp72wo7rqg9', 'name': 'David', 'followers_count': 3, 'color': 5282805}, {'uri': 'spotify:user:11186038720', 'name': 'David AB', 'image_url': 'https://platform-lookaside.fbsbx.com/platform/profilepic/?asid=570683613035356&height=300&width=300&ext=1689514537&hash=AeQy9pV26WaTEm_2nnc', 'followers_count': 53, 'color': 11836360}, {'uri': 'spotify:user:11171733438', 'name': 'David Vystrčil', 'image_url': 'https://platform-lookaside.fbsbx.com/platform/profilepic/?asid=1535240770068409&height=300&width=300&ext=1689518585&hash=AeQsYkkX9eAkgCPLACc', 'followers_count': 135, 'color': 5282805}, {'uri': 'spotify:user:12151948549', 'name': 'David Wojtkiewicz', 'image_url': 'https://scontent.fmaa10-1.fna.fbcdn.net/v/t39.30808-1/241773654_3070890849849871_4988226866994890397_n.jpg?stp=dst-jpg_s320x320&_nc_cat=110&ccb=1-7&_nc_sid=0c64ff&_nc_ohc=d_7tGt1rSdcAX97ZV6H&_nc_ht=scontent.fmaa10-1.fna&edm=AP4hL3IEAAAA&oh=00_AfC_-fCL2F2BqBGRcTKIqNjQDSEP58HmQzkZNPZb-XqEyg&oe=6491AA31', 'followers_count': 89, 'color': 16737335}, {'uri': 'spotify:user:31tmtneclh44sae5q5syfcwaqxpy', 'name': 'David-Rhys Suter', 'image_url': 'https://i.scdn.co/image/ab6775700000ee851fa9403a9924cb7e97e12f4f', 'followers_count': 4, 'color': 16737335}, {'uri': 'spotify:user:david2p94-es', 'name': 'davidpp13', 'followers_count': 23, 'color': 5282805}, {'uri': 'spotify:user:21fguab4rkjepy4xtcdlmazja', 'name': 'Davor Mihailov', 'image_url': 'https://platform-lookaside.fbsbx.com/platform/profilepic/?asid=665897426780499&height=300&width=300&ext=1689517524&hash=AeQOzobGOPpdAIlDe-Y', 'followers_count': 13, 'color': 11836360}, {'uri': 'spotify:user:31ehj3f5okoeyhsxpyck3dr3dfli', 'name': 'Davyson', 'followers_count': 9, 'color': 16737335}, {'uri': 'spotify:user:31tcidiorr3qzq3i5l2g4wndj76m', 'name': 'DEEPANSHU', 'followers_count': 11, 'color': 8211250}, {'uri': 'spotify:user:21i76mgvdvwdhw2vmf7lde6sa', 'name': 'Defa Harial', 'image_url': 'https://platform-lookaside.fbsbx.com/platform/profilepic/?asid=1057795147600156&height=300&width=300&ext=1689520643&hash=AeTlXvDiNaQEzp8YJ8E', 'followers_count': 24, 'color': 8211250}, {'uri': 'spotify:user:0l3lsm3kxth9elab258nn9aw3', 'name': 'degk', 'image_url': 'https://i.scdn.co/image/ab6775700000ee8575ea7f851b175c29172b48e4', 'followers_count': 60, 'color': 11836360}, {'uri': 'spotify:user:11182847763', 'name': 'Deka', 'image_url': 'https://i.scdn.co/image/ab6775700000ee85757974904b8da45fbd4c7c1f', 'followers_count': 65, 'color': 1697420}, {'uri': 'spotify:user:un46nbhppd9t1yg7xb2mjrj03', 'name': 'Delboy', 'followers_count': 18, 'color': 1697420}, {'uri': 'spotify:user:dencipollino', 'name': 'dencipollino', 'followers_count': 27, 'color': 5282805}, {'uri': 'spotify:user:11129991990', 'name': 'Deniz Yildiz', 'image_url': 'https://scontent-atl3-2.xx.fbcdn.net/v/t39.30808-1/342548758_100315423056987_30984844097157462_n.jpg?stp=dst-jpg_s320x320&_nc_cat=102&ccb=1-7&_nc_sid=0c64ff&_nc_ohc=49ee1aVc27YAX-bSx_q&_nc_ht=scontent-atl3-2.xx&edm=AP4hL3IEAAAA&oh=00_AfDHokhmPUxVrqvHEYl4J1DVuJ3e1GGCl7tapAjUtByEfw&oe=6491DDB0', 'followers_count': 74, 'color': 11836360}, {'uri': 'spotify:user:6b248fbtnvviw4z3blpatgvdh', 'name': 'DepressedFiend', 'image_url': 'https://i.scdn.co/image/ab6775700000ee85d49fe85d01ca3cf6ccf02736', 'followers_count': 18, 'color': 1697420}, {'uri': 'spotify:user:derkugelfisch', 'name': 'derkugelfisch', 'followers_count': 18, 'color': 5282805}, {'uri': 'spotify:user:gbvr6d4tgowu9w0awcw7tqlab', 'name': 'Desai.ashish.', 'followers_count': 8, 'color': 16085920}, {'uri': 'spotify:user:wi1ptbt4cpsa2014jev93kk9t', 'name': 'desktop-3900', 'followers_count': 9, 'color': 11836360}, {'uri': 'spotify:user:despair1', 'name': 'despair1', 'image_url': 'https://i.scdn.co/image/ab6775700000ee85f978a225e6e15dadf9fb6e82', 'followers_count': 57, 'color': 8211250}, {'uri': 'spotify:user:3123ctwfnc6hnjncutecuu3qbtgm', 'name': 'DESTROYER 121 X', 'image_url': 'https://i.scdn.co/image/ab6775700000ee85ab64ace141554075330c0ebd', 'followers_count': 124, 'color': 11836360}, {'uri': 'spotify:user:31vx2nff6zz3tr5map36ziqckiqa', 'name': 'dev krishna', 'image_url': 'https://i.scdn.co/image/ab6775700000ee85ca0f2fa2ad43a12fc95f4238', 'followers_count': 14, 'color': 1697420}, {'uri': 'spotify:user:31dvdltghsxlcgapezehm7qo7nqm', 'name': 'Devdoot', 'image_url': 'https://platform-lookaside.fbsbx.com/platform/profilepic/?asid=195305859044528&height=300&width=300&ext=1689520643&hash=AeRxHYjaAMTEroyVq84', 'followers_count': 10, 'color': 1697420}, {'uri': 'spotify:user:5aisanurvh1jjyvk7lqx8xvzh', 'name': 'Dhimanmadhur', 'followers_count': 4, 'color': 16737335}, {'uri': 'spotify:user:dhr8op8x5nbynhuy8y42fln23', 'name': 'dhr8op8x5nbynhuy8y42fln23', 'followers_count': 15, 'color': 1697420}, {'uri': 'spotify:user:86xe88omfog1wfistlk35h31p', 'name': 'Dhruv', 'image_url': 'https://i.scdn.co/image/ab6775700000ee8547e14f197ce1cdc47ef49a19', 'followers_count': 11, 'color': 8211250}, {'uri': 'spotify:user:317m2odjkz4iaw4tzgv2hyc6kvbi', 'name': 'Dhruv Kotwani', 'image_url': 'https://platform-lookaside.fbsbx.com/platform/profilepic/?asid=1918104671645991&height=300&width=300&ext=1689517524&hash=AeTLN44ooYyDsR6KjLI', 'followers_count': 11, 'color': 16737335}, {'uri': 'spotify:user:iy1a1tcaubffm3w2ev2rldz9a', 'name': 'DiantusLp', 'image_url': 'https://i.scdn.co/image/ab6775700000ee8539ae18ba8e69a5ce8c68c08c', 'followers_count': 7, 'color': 16085920}, {'uri': 'spotify:user:veleno848', 'name': 'Diego Papasodaro', 'image_url': 'https://platform-lookaside.fbsbx.com/platform/profilepic/?asid=10202840504927473&height=300&width=300&ext=1689520643&hash=AeQO10r5QKUxkJAgEz8', 'followers_count': 70, 'color': 16737335}, {'uri': 'spotify:user:31rh6mqucdre3ttvrjghiuu3acxa', 'name': 'DigitalGamerz', 'image_url': 'https://i.scdn.co/image/ab6775700000ee85867f604bcc30e97b9316f0ba', 'followers_count': 10, 'color': 16085920}, {'uri': 'spotify:user:dillmcphee32', 'name': 'dillmcphee32', 'image_url': 'https://i.scdn.co/image/ab6775700000ee85bbb1401c85e3dbf8ba59f2cb', 'followers_count': 30, 'color': 16085920}, {'uri': 'spotify:user:ro8zy6uwffjyuwa1iu5x26b54', 'name': 'Diya.D  Hi', 'followers_count': 11, 'color': 16737335}, {'uri': 'spotify:user:djwieck', 'name': 'djwieck', 'followers_count': 16, 'color': 8211250}, {'uri': 'spotify:user:31mg7kxaacpclql6rhiwtp3dnvxa', 'name': 'Dom', 'image_url': 'https://i.scdn.co/image/ab6775700000ee850824e1b02f2e8b6549922026', 'followers_count': 8, 'color': 16085920}, {'uri': 'spotify:user:1126355249', 'name': 'Dominic Rose', 'image_url': 'https://scontent-iad3-2.xx.fbcdn.net/v/t31.18172-1/18320576_1329503990458628_5158059389057879154_o.jpg?stp=dst-jpg_p320x320&_nc_cat=103&ccb=1-7&_nc_sid=0c64ff&_nc_ohc=rUBavUxqefAAX-vg86J&_nc_ht=scontent-iad3-2.xx&edm=AP4hL3IEAAAA&oh=00_AfAWJuu462KBf_upUJZlyB4_sqIZrI0gq4wJaFOhgjH6bQ&oe=64B3EAA7', 'followers_count': 71, 'color': 16085920}, {'uri': 'spotify:user:31ajtt344dg6fsa6fokq7weoy35a', 'name': 'Dominik', 'color': 8211250}, {'uri': 'spotify:user:evild67', 'name': 'Dominique Haas', 'image_url': 'https://scontent-iad3-1.xx.fbcdn.net/v/t31.18172-1/11141266_813010332081620_3108194733873485439_o.jpg?stp=dst-jpg_p320x320&_nc_cat=110&ccb=1-7&_nc_sid=0c64ff&_nc_ohc=8YfOFvKQAAkAX_jR3JG&_nc_ht=scontent-iad3-1.xx&edm=AP4hL3IEAAAA&oh=00_AfBu-nr8VpzKCguRI4m8SR8NwQ3RZuwXWCY7xNEwcZGq1g&oe=64B3C26D', 'followers_count': 30, 'color': 16085920}, {'uri': 'spotify:user:1229285903', 'name': 'Donnie Prunty', 'image_url': 'https://scontent-iad3-1.xx.fbcdn.net/v/t1.6435-1/61029191_10157156456866558_2503080882542215168_n.jpg?stp=dst-jpg_p320x320&_nc_cat=102&ccb=1-7&_nc_sid=0c64ff&_nc_ohc=3kMIp5aGcwoAX-8Y_a2&_nc_ht=scontent-iad3-1.xx&edm=AP4hL3IEAAAA&oh=00_AfAyRH5_we6DNOkmWYWYyGmuYfsyPfUz6i2FtEwlcFcO6g&oe=64B402B5', 'followers_count': 21, 'color': 11836360}, {'uri': 'spotify:user:22nt35g3m544dfdmdnuny3y6y', 'name': 'Donovan Rodriguez', 'image_url': 'https://i.scdn.co/image/ab6775700000ee85f598c32af00578e9133beb92', 'followers_count': 63, 'color': 16737335}, {'uri': 'spotify:user:4xh6kkvhbikizuhyfjjevym2c', 'name': 'Douglas Orellana', 'followers_count': 3, 'color': 8211250}, {'uri': 'spotify:user:313cxsntu2j3ukpgsycglciemxaq', 'name': 'Doyleowens', 'image_url': 'https://platform-lookaside.fbsbx.com/platform/profilepic/?asid=745588376433843&height=300&width=300&ext=1689520643&hash=AeQEatI7Vor9qx_k7z8', 'followers_count': 3, 'color': 8211250}, {'uri': 'spotify:user:sepbvrp5e8t58r3i882klwm2u', 'name': 'DP', 'followers_count': 6, 'color': 16737335}, {'uri': 'spotify:user:drako_yt', 'name': 'drako_yt', 'followers_count': 16, 'color': 8211250}, {'uri': 'spotify:user:2ihcc5ir6scvw5lnvkkxv3sgl', 'name': 'Drakos', 'image_url': 'https://i.scdn.co/image/ab6775700000ee8570d49ab74aae39eae9119e9d', 'followers_count': 18, 'color': 16085920}, {'uri': 'spotify:user:jiv0yzewm8bx5lahl9jjegw38', 'name': 'drexmoddingyt', 'followers_count': 33, 'color': 16085920}, {'uri': 'spotify:user:12171441645', 'name': 'Druu Priego', 'image_url': 'https://platform-lookaside.fbsbx.com/platform/profilepic/?asid=10202475369224226&height=300&width=300&ext=1689487168&hash=AeQws0_e81u_mW5sKy8', 'followers_count': 31, 'color': 16085920}, {'uri': 'spotify:user:o9e7hunchc7mrxxgxus70r5kp', 'name': 'Ducci99', 'image_url': 'https://i.scdn.co/image/ab6775700000ee859bb8f7f029fc11c6e947a57d', 'followers_count': 34, 'color': 16737335}, {'uri': 'spotify:user:31fq7g2qsihdzibx3rmsgx25lcom', 'name': 'DUKE', 'followers_count': 11, 'color': 11836360}, {'uri': 'spotify:user:12163540085', 'name': 'DungJie Yi', 'image_url': 'https://scontent-atl3-2.xx.fbcdn.net/v/t1.6435-1/123451967_3514118338637201_3120531567173800539_n.jpg?stp=dst-jpg_p320x320&_nc_cat=111&ccb=1-7&_nc_sid=0c64ff&_nc_ohc=lL1lnKithSwAX-uDVNv&_nc_ht=scontent-atl3-2.xx&edm=AP4hL3IEAAAA&oh=00_AfD6m45QSmk3YuGC9RShgc2jmcn2HObgcKgJitO1VVbQ8A&oe=64B3F1BB', 'followers_count': 28, 'color': 5282805}, {'uri': 'spotify:user:1179761084', 'name': 'Dylan Tyrex', 'image_url': 'https://scontent-iad3-1.xx.fbcdn.net/v/t1.18169-1/18157459_1708538509186927_1823456942627485870_n.jpg?stp=c0.3.320.320a_dst-jpg_p320x320&_nc_cat=102&ccb=1-7&_nc_sid=0c64ff&_nc_ohc=ke6ylHXPPXQAX-uF6DW&_nc_ht=scontent-iad3-1.xx&edm=AP4hL3IEAAAA&oh=00_AfAEmZxeLbWcFfiRiixAAFByluR4wEVTgNt4HacMJf9GCQ&oe=64B3E4A3', 'followers_count': 58, 'color': 16085920}, {'uri': 'spotify:user:jh0fimj4075gtri54i00f4pxb', 'name': 'E Mage', 'followers_count': 11, 'color': 8211250}, {'uri': 'spotify:user:e33qnqghmq7n2fns6o9mhp6li', 'name': 'e33qnqghmq7n2fns6o9mhp6li', 'color': 16085920}, {'uri': 'spotify:user:31y2xcdsz4rxmc55sbwbbjjmscva', 'name': 'Eason Ann', 'image_url': 'https://platform-lookaside.fbsbx.com/platform/profilepic/?asid=3734980259886091&height=300&width=300&ext=1689520643&hash=AeSIk0xoy4WUUdqzWAk', 'followers_count': 10, 'color': 8211250}, {'uri': 'spotify:user:j55bwvslna74has55wl1frz6n', 'name': 'Ediik', 'image_url': 'https://i.scdn.co/image/ab6775700000ee852325f57495e2d43fea5a2965', 'followers_count': 13, 'color': 16085920}, {'uri': 'spotify:user:panoochisan', 'name': 'Edithe Eugene', 'image_url': 'https://scontent-iad3-1.xx.fbcdn.net/v/t39.30808-1/285134037_1966694030200213_6802070457920789650_n.jpg?stp=dst-jpg_p320x320&_nc_cat=104&ccb=1-7&_nc_sid=0c64ff&_nc_ohc=3-9_mxT11AkAX_sBT3o&_nc_ht=scontent-iad3-1.xx&edm=AP4hL3IEAAAA&oh=00_AfBO5AIH35R444zJfpy-yAuIJi6KakZbrYLHiuvtyQFjlg&oe=64913616', 'followers_count': 16, 'color': 16085920}, {'uri': 'spotify:user:31w25dblx2m3rycooaxrx5lzrnee', 'name': 'EDITOR_DUTH', 'image_url': 'https://i.scdn.co/image/ab6775700000ee85e111cc7e8ebf9536f8034fab', 'followers_count': 3, 'color': 11836360}, {'uri': 'spotify:user:1xaptcj7rwloxqqtki5x36prk', 'name': 'Eduardo', 'image_url': 'https://i.scdn.co/image/ab6775700000ee856d3968bb9414c63ba04f7979', 'followers_count': 10, 'color': 16085920}, {'uri': 'spotify:user:226cy2yyui4ujexiqvbg2wckq', 'name': 'Edwin Angarita Acosta', 'image_url': 'https://platform-lookaside.fbsbx.com/platform/profilepic/?asid=587019768156954&height=300&width=300&ext=1689515874&hash=AeT1Sjbh6JkSPgXjvMU', 'followers_count': 18, 'color': 8211250}, {'uri': 'spotify:user:edwin-ong', 'name': 'edwin-ong', 'followers_count': 16, 'color': 16085920}, {'uri': 'spotify:user:312fgczrcgwy3eyrnh43n6re2fpm', 'name': 'EFE KUŞ', 'followers_count': 7, 'color': 16085920}, {'uri': 'spotify:user:wf81d5zb6ci9f36egaebvte1e', 'name': 'EJ', 'image_url': 'https://i.scdn.co/image/ab6775700000ee85500631b81356ad44ff1f548a', 'followers_count': 219, 'color': 8211250}, {'uri': 'spotify:user:hoggykurnia', 'name': 'Eka Hoggy', 'image_url': 'https://platform-lookaside.fbsbx.com/platform/profilepic/?asid=1723725457841419&height=300&width=300&ext=1689514538&hash=AeRmH_TURi7Jgz7gjrM', 'followers_count': 29, 'color': 11836360}, {'uri': 'spotify:user:elcristian12xd', 'name': 'elcristian12xd', 'image_url': 'https://i.scdn.co/image/ab6775700000ee853abcd112a4a02bff54f76cad', 'followers_count': 37, 'color': 8211250}, {'uri': 'spotify:user:31322yrdde24hs4kfnyi4hocg5ta', 'name': 'ELIOTPROMAX', 'image_url': 'https://i.scdn.co/image/ab6775700000ee85832f82e55ed27b30a2b16adc', 'followers_count': 3, 'color': 16085920}, {'uri': 'spotify:user:elisazanazio', 'name': 'elisazanazio', 'followers_count': 43, 'color': 16085920}, {'uri': 'spotify:user:2rvht3h8abtuv9lv45j2xatzl', 'name': 'Ellen Smet', 'image_url': 'https://scontent-sea1-1.xx.fbcdn.net/v/t1.6435-1/184438764_10223077496237965_1413047328270585963_n.jpg?stp=dst-jpg_s320x320&_nc_cat=101&ccb=1-7&_nc_sid=0c64ff&_nc_ohc=EhawPi4cp1sAX9hBssj&_nc_oc=AQlwJ9XB2penmmJXy8paJtKubnLGoDCs0eacj2qLZLJgFgk9yEkrMfNR813iOghqEuo&_nc_ht=scontent-sea1-1.xx&edm=AP4hL3IEAAAA&oh=00_AfARco3MYaKiYijdR8Ui54Pk0vaYHFX-8PCc76YeQGhB7A&oe=64B3CC97', 'followers_count': 11, 'color': 1697420}, {'uri': 'spotify:user:31hmldlvcwcgcpymmfruyglguldq', 'name': 'ElRamiblox_XD', 'followers_count': 2, 'color': 16737335}, {'uri': 'spotify:user:313nlbkywx5xuz6sbsirsty7zi5a', 'name': 'Emerson', 'image_url': 'https://i.scdn.co/image/ab6775700000ee85b7c7aa7884327501c140da44', 'followers_count': 61, 'color': 11836360}, {'uri': 'spotify:user:31l3bayweutojccyldxw6sljht5y', 'name': 'Emiliano De Dillon Hernández', 'image_url': 'https://platform-lookaside.fbsbx.com/platform/profilepic/?asid=254303149338256&height=300&width=300&ext=1689489518&hash=AeQ9PrSW7kqnH6U5CDw', 'followers_count': 44, 'color': 5282805}, {'uri': 'spotify:user:anthonyvollmer202', 'name': 'Entengang_444', 'followers_count': 17, 'color': 16085920}, {'uri': 'spotify:user:31zspp7suwz6loot2l3cjbi2x55e', 'name': 'EOBARD THAWNE', 'followers_count': 3, 'color': 5282805}, {'uri': 'spotify:user:ludragonfire', 'name': 'epileptika', 'followers_count': 17, 'color': 16737335}, {'uri': 'spotify:user:1f4mt95egfz2p7mal3zowqw28', 'name': 'eralppekdemir', 'image_url': 'https://i.scdn.co/image/ab6775700000ee85a8a6eb618f1365055c241a47', 'followers_count': 25, 'color': 1697420}, {'uri': 'spotify:user:1e24jqvr9s7sb84xbd2gefgab', 'name': 'Erica', 'followers_count': 21, 'color': 16737335}, {'uri': 'spotify:user:koverik99', 'name': 'Erik Kovács', 'image_url': 'https://scontent-iad3-1.xx.fbcdn.net/v/t1.6435-1/69476829_2355327107886996_5492812328866938880_n.jpg?stp=dst-jpg_p320x320&_nc_cat=109&ccb=1-7&_nc_sid=0c64ff&_nc_ohc=7MPGQp0VjDAAX91JEGv&_nc_ht=scontent-iad3-1.xx&edm=AP4hL3IEAAAA&oh=00_AfB1jrSrgeq9LpGlDY_6F1sUckLCGKFHads9lsgl7-o98Q&oe=64B3E621', 'followers_count': 22, 'color': 16737335}, {'uri': 'spotify:user:bk3xtvsimhhpnmojocsdjihnn', 'name': 'ernstkachel', 'followers_count': 15, 'color': 16085920}, {'uri': 'spotify:user:22wisyvkldhk75k6hp4kqv6ga', 'name': 'Erson 🍄', 'image_url': 'https://i.scdn.co/image/ab6775700000ee8514214946d1a128addd39055e', 'followers_count': 10, 'color': 1697420}, {'uri': 'spotify:user:gs4glzn7bx2uiazg8u5x1ueae', 'name': 'Evaliena', 'followers_count': 14, 'color': 8211250}, {'uri': 'spotify:user:hk9vw4qlio974eggr1av1rgb5', 'name': 'Evan Hardacre', 'followers_count': 16, 'color': 5282805}, {'uri': 'spotify:user:zw1zhnmdllk15wbnpichcroy7', 'name': 'Exige', 'image_url': 'https://i.scdn.co/image/ab6775700000ee8516a9b100ca41f427f33dc3c2', 'followers_count': 37, 'color': 16085920}, {'uri': 'spotify:user:wlj2955yijcznq8kxbqhekouu', 'name': 'F', 'followers_count': 13, 'color': 16737335}, {'uri': 'spotify:user:f.f.stadler', 'name': 'f.f.stadler', 'image_url': 'https://i.scdn.co/image/ab6775700000ee85730ca9c161043523387062e5', 'followers_count': 32, 'color': 1697420}, {'uri': 'spotify:user:ezkeem65z47o0a6n49qop2gn3', 'name': 'Fabian', 'followers_count': 13, 'color': 1697420}, {'uri': 'spotify:user:0dpprt8tztwwpw3c49q7iv316', 'name': 'Fadygivem', 'followers_count': 109, 'color': 16737335}, {'uri': 'spotify:user:31peq7ejq2m25l3v2t3wuk44ozda', 'name': 'FairyTalesWolf', 'image_url': 'https://i.scdn.co/image/ab6775700000ee85a8f430b79f60c6339b1f27ff', 'followers_count': 10, 'color': 16737335}, {'uri': 'spotify:user:pellekarro', 'name': 'Fall guy', 'image_url': 'https://i.scdn.co/image/ab6775700000ee85655aa4f9e39497f0030cfdaa', 'followers_count': 32, 'color': 5282805}, {'uri': 'spotify:user:henriklinda', 'name': 'Familjen Wåhlström', 'image_url': 'https://i.scdn.co/image/ab6775700000ee85bd6744d4d8c449e5e389c5ed', 'followers_count': 20, 'color': 16085920}, {'uri': 'spotify:user:21pjj72pbavpufsfypck6qi5q', 'name': 'Fatih Alkan', 'image_url': 'https://platform-lookaside.fbsbx.com/platform/profilepic/?asid=1054070604652889&height=300&width=300&ext=1689520643&hash=AeQYw5RXA366RMcWg_E', 'followers_count': 19, 'color': 1697420}, {'uri': 'spotify:user:wzw46lsqqkiz6xjo1pr35lt1l', 'name': 'Felipe', 'followers_count': 12, 'color': 11836360}, {'uri': 'spotify:user:felipe_trolidor', 'name': 'felipe_trolidor', 'followers_count': 16, 'color': 11836360}, {'uri': 'spotify:user:9fyyaxap5dccjjz8cycz24gdq', 'name': 'Felix und Simon', 'image_url': 'https://i.scdn.co/image/ab6775700000ee852cde15e46420c3fe2de81d7d', 'followers_count': 47, 'color': 1697420}, {'uri': 'spotify:user:22dk5fls5nc5f7fcc4ywfjqni', 'name': 'Felix Uy', 'image_url': 'https://platform-lookaside.fbsbx.com/platform/profilepic/?asid=10152407209413846&height=300&width=300&ext=1689517524&hash=AeQ8NS4_AgQp1r97MbY', 'followers_count': 67, 'color': 5282805}, {'uri': 'spotify:user:1186182036', 'name': 'Ferdinand Brynjar Brynjarsson', 'image_url': 'https://scontent-iad3-1.xx.fbcdn.net/v/t39.30808-1/350543446_785597363110695_943702435820108355_n.jpg?stp=dst-jpg_p320x320&_nc_cat=104&ccb=1-7&_nc_sid=0c64ff&_nc_ohc=YO3BGhnus8oAX8iH-Nm&_nc_ht=scontent-iad3-1.xx&edm=AP4hL3IEAAAA&oh=00_AfASLa-Cs_f1HtaCwz5xJmLiA7t_gtKmRU8--Op76mzQPA&oe=6491C0E5', 'followers_count': 1139, 'color': 16085920}, {'uri': 'spotify:user:fergusbham', 'name': 'fergusbham', 'followers_count': 16, 'color': 5282805}, {'uri': 'spotify:user:fernandoperez9936', 'name': 'Fernando Perez Serrano', 'image_url': 'https://platform-lookaside.fbsbx.com/platform/profilepic/?asid=394850294025070&height=300&width=300&ext=1689517524&hash=AeSTND6BrP_ByFyKNMw', 'followers_count': 26, 'color': 11836360}, {'uri': 'spotify:user:21ie7pxuzfdynhemuiu3qx4fq', 'name': 'Filippo Stucchi', 'image_url': 'https://i.scdn.co/image/ab6775700000ee855a079fd9b67037cc7a6ef788', 'followers_count': 30, 'color': 16737335}, {'uri': 'spotify:user:fleemaster', 'name': 'fleemaster', 'followers_count': 20, 'color': 5282805}, {'uri': 'spotify:user:flotschi228', 'name': 'Flo', 'image_url': 'https://i.scdn.co/image/ab6775700000ee852ccd8b7e685f7439b83f978f', 'followers_count': 43, 'color': 1697420}, {'uri': 'spotify:user:flordehojadanzante', 'name': 'flordehojadanzante', 'image_url': 'https://i.scdn.co/image/ab6775700000ee85d52193af6787c571bca231e4', 'followers_count': 5, 'color': 8211250}, {'uri': 'spotify:user:pq897guukwgrys7jhf136ev2e', 'name': 'Florian Kaas', 'image_url': 'https://i.scdn.co/image/ab6775700000ee85786a0f6d51c97bba526ae4b7', 'followers_count': 20, 'color': 8211250}, {'uri': 'spotify:user:j4juarisc5qfqrzsu3skkzuxw', 'name': 'FLX', 'image_url': 'https://i.scdn.co/image/ab6775700000ee85effd15541b4d1e58e2a0c5a2', 'followers_count': 23, 'color': 16085920}, {'uri': 'spotify:user:jnujs10ofrqwjhuxubnyygvcp', 'name': 'Forssstine', 'followers_count': 185, 'color': 5282805}, {'uri': 'spotify:user:forxnat', 'name': 'forxnat', 'followers_count': 16, 'color': 5282805}, {'uri': 'spotify:user:316sdqjkhnt47mprkntex2pynn4q', 'name': 'FoxKon', 'image_url': 'https://platform-lookaside.fbsbx.com/platform/profilepic/?asid=889355449018795&height=300&width=300&ext=1689517524&hash=AeQrVHbPxzRg36oKP4k', 'followers_count': 1, 'color': 11836360}, {'uri': 'spotify:user:fran5557777798', 'name': 'fran5557777798', 'followers_count': 14, 'color': 16085920}, {'uri': 'spotify:user:mz22mrbemlklgwhz9zikiwgb0', 'name': 'FRANCESCO', 'followers_count': 10, 'color': 16737335}, {'uri': 'spotify:user:frankatp29', 'name': 'Francisco Trujillo', 'image_url': 'https://i.scdn.co/image/ab6775700000ee8560edf5e5e7cfe908674fa613', 'followers_count': 12, 'color': 1697420}, {'uri': 'spotify:user:francapo7219', 'name': 'Franco Solis', 'image_url': 'https://platform-lookaside.fbsbx.com/platform/profilepic/?asid=2200308766871650&height=300&width=300&ext=1689485872&hash=AeQJSqV5zY7KhDSnAkI', 'followers_count': 17, 'color': 11836360}, {'uri': 'spotify:user:franco1347', 'name': 'franco1347', 'followers_count': 19, 'color': 5282805}, {'uri': 'spotify:user:atemu91', 'name': 'Fredrick Langhorst', 'image_url': 'https://scontent-atl3-2.xx.fbcdn.net/v/t39.30808-1/317934405_10159081915297233_8643290598583159190_n.jpg?stp=dst-jpg_p320x320&_nc_cat=111&ccb=1-7&_nc_sid=0c64ff&_nc_ohc=RWG3heR0OBUAX-O1UAZ&_nc_ht=scontent-atl3-2.xx&edm=AP4hL3IEAAAA&oh=00_AfDgnSPBbDnHN_U3wUlc89jrTfG9400ZVaph0FhSpSh3hg&oe=6491F0F1', 'followers_count': 66, 'color': 5282805}, {'uri': 'spotify:user:312bobxs4efbktuo2yubmma3duti', 'name': 'fristivarken', 'followers_count': 13, 'color': 16737335}, {'uri': 'spotify:user:frokostblanding70', 'name': 'frokostblanding70', 'image_url': 'https://i.scdn.co/image/ab6775700000ee8514aadb151e47dab678bfdfea', 'followers_count': 23, 'color': 5282805}, {'uri': 'spotify:user:fromrealeast', 'name': 'fromrealeast', 'followers_count': 17, 'color': 1697420}, {'uri': 'spotify:user:31xhdsb7yvgvq7roov2utfbkejky', 'name': 'Gabriel Gabriel', 'followers_count': 8, 'color': 16085920}, {'uri': 'spotify:user:22qlryuigp7hsp7gw5fo6kh7q', 'name': 'Gabriel Marques', 'image_url': 'https://scontent-sea1-1.xx.fbcdn.net/v/t39.30808-1/330848690_1854501248263273_5061984972398165617_n.jpg?stp=cp1_dst-jpg_p320x320&_nc_cat=109&ccb=1-7&_nc_sid=0c64ff&_nc_ohc=vBQcu7IFmhAAX_c4X40&_nc_ht=scontent-sea1-1.xx&edm=AP4hL3IEAAAA&oh=00_AfAdUjdT446fupL-EX4UpvzxM2-Pw4AQ0p-vf5-NVVja6w&oe=64922514', 'followers_count': 24, 'color': 16085920}, {'uri': 'spotify:user:hollandg2', 'name': 'Gamerboy4548', 'image_url': 'https://i.scdn.co/image/ab6775700000ee85e3e59c55cdc1984731ff3606', 'followers_count': 11, 'color': 1697420}, {'uri': 'spotify:user:212itla4fbchymuajcsfcruna', 'name': 'Gangsta', 'image_url': 'https://platform-lookaside.fbsbx.com/platform/profilepic/?asid=10203963243429840&height=300&width=300&ext=1689514537&hash=AeT_Au96SoTB4NpjOl0', 'followers_count': 14, 'color': 1697420}, {'uri': 'spotify:user:216qjcg3b2tvfl2w6hcfl6j6q', 'name': 'Garasyn Edwards', 'image_url': 'https://platform-lookaside.fbsbx.com/platform/profilepic/?asid=899367650134908&height=300&width=300&ext=1689514672&hash=AeS_cBEiM9BM8UY6w-w', 'followers_count': 20, 'color': 8211250}, {'uri': 'spotify:user:garavatito-xd', 'name': 'garavatito-xd', 'followers_count': 17, 'color': 11836360}, {'uri': 'spotify:user:31yoekm23hcwgahaazy2tqtj2jlq', 'name': 'Garius', 'followers_count': 15, 'color': 1697420}, {'uri': 'spotify:user:elpoderoso111', 'name': 'Gary Joel Pimentel Rosario', 'image_url': 'https://platform-lookaside.fbsbx.com/platform/profilepic/?asid=964306116959244&height=300&width=300&ext=1689517524&hash=AeS4c2BbEOzxKuWLYAw', 'followers_count': 21, 'color': 16737335}, {'uri': 'spotify:user:ya35ckshbxrqflyalxeqtpt3w', 'name': 'Gebbo', 'followers_count': 11, 'color': 8211250}, {'uri': 'spotify:user:31b4vyko55uyehs5tm75evjtguiq', 'name': 'Geo', 'followers_count': 2, 'color': 1697420}, {'uri': 'spotify:user:21t2nkoh5b5hpoxzmcfpzz2yi', 'name': 'Geoffrey Baudot', 'image_url': 'https://platform-lookaside.fbsbx.com/platform/profilepic/?asid=479519522412398&height=300&width=300&ext=1689520643&hash=AeRQQ6WJ9024MwTOibo', 'followers_count': 19, 'color': 16085920}, {'uri': 'spotify:user:germancross', 'name': 'germancross', 'followers_count': 18, 'color': 5282805}, {'uri': 'spotify:user:singh.ph00', 'name': 'GHOST', 'followers_count': 6, 'color': 8211250}, {'uri': 'spotify:user:ghostlybeautiful', 'name': 'ghostlybeautiful', 'followers_count': 17, 'color': 1697420}, {'uri': 'spotify:user:21eco6xbln7uagyh6jqbmplrq', 'name': 'Gianpio Silvestri', 'image_url': 'https://platform-lookaside.fbsbx.com/platform/profilepic/?asid=1111430678919547&height=300&width=300&ext=1689517524&hash=AeQxqdMAsTXab30Rmxc', 'followers_count': 26, 'color': 16737335}, {'uri': 'spotify:user:ouav9oiu7ir9ukg4bnmozmykk', 'name': 'Ginginleong', 'followers_count': 8, 'color': 8211250}, {'uri': 'spotify:user:316ommpti3mlx7sfhi57pinam7si', 'name': 'Giorgi Kapanadze', 'color': 5282805}, {'uri': 'spotify:user:31jczai7igdwz2fafffohn3ikvu4', 'name': 'Giovany Harbs', 'image_url': 'https://platform-lookaside.fbsbx.com/platform/profilepic/?asid=2151812181758337&height=300&width=300&ext=1689517524&hash=AeTXl35By6CYKbiPAUo', 'followers_count': 17, 'color': 1697420}, {'uri': 'spotify:user:11100707441', 'name': 'GLOBAL RUB', 'image_url': 'https://i.scdn.co/image/ab6775700000ee8575f647fa6ef4e5b88ce8503e', 'followers_count': 399, 'color': 16737335}, {'uri': 'spotify:user:gmmsilva', 'name': 'gmmsilva', 'followers_count': 16, 'color': 16737335}, {'uri': 'spotify:user:317tsgzi3zrey2dyyqm4nuf7byiq', 'name': 'Go Go', 'followers_count': 2, 'color': 16085920}, {'uri': 'spotify:user:gobeemo', 'name': 'gobeemo', 'followers_count': 21, 'color': 16737335}, {'uri': 'spotify:user:mjfpxiaia6kykm3jml6dloif1', 'name': 'GodyeGG✨', 'image_url': 'https://i.scdn.co/image/ab6775700000ee8547744200e26245cd22983776', 'followers_count': 24, 'color': 16737335}, {'uri': 'spotify:user:hiddentraps', 'name': 'GoofyNewfie', 'image_url': 'https://platform-lookaside.fbsbx.com/platform/profilepic/?asid=332203867232815&height=300&width=300&ext=1689504781&hash=AeS_1wSd7uHoVr-QJdw', 'followers_count': 57, 'color': 5282805}, {'uri': 'spotify:user:31ho4t5nrf2tf7wrlwwyuutpcrci', 'name': ""grass's"", 'image_url': 'https://i.scdn.co/image/ab6775700000ee853ec274a1f7d1dcf19f1d4325', 'followers_count': 9, 'color': 16737335}, {'uri': 'spotify:user:21rmrqdjmy2hcqq6cgfoxrcbi', 'name': 'Gregory Joffron', 'image_url': 'https://platform-lookaside.fbsbx.com/platform/profilepic/?asid=10200819139759162&height=300&width=300&ext=1689513425&hash=AeSbFw8i6-yxWOy2sM0', 'followers_count': 28, 'color': 8211250}, {'uri': 'spotify:user:312eaakttmmmanfuux76ngbrcez4', 'name': 'Gs_kei1721', 'image_url': 'https://i.scdn.co/image/ab6775700000ee853ae48aa3af43e0bb56445dfa', 'followers_count': 6, 'color': 11836360}, {'uri': 'spotify:user:guersson1', 'name': 'guersson1', 'followers_count': 16, 'color': 1697420}, {'uri': 'spotify:user:11144217536', 'name': 'Gustavo Peñalba', 'image_url': 'https://scontent-atl3-1.xx.fbcdn.net/v/t39.30808-1/314505507_10209666581059267_3428581048103953873_n.jpg?stp=dst-jpg_p320x320&_nc_cat=109&ccb=1-7&_nc_sid=0c64ff&_nc_ohc=KGq6t-7gd2sAX-mvHV5&_nc_ht=scontent-atl3-1.xx&edm=AP4hL3IEAAAA&oh=00_AfBgOULfzPfbbgy33bgloIVeTSdPs04scHzIQ1haCaxzDg&oe=649078A7', 'followers_count': 137, 'color': 1697420}, {'uri': 'spotify:user:gwynofcarim', 'name': 'gwynofcarim', 'followers_count': 16, 'color': 16085920}, {'uri': 'spotify:user:c3udkv80nky8pd4b89sbmes4b', 'name': 'G̷l̷y̷x̷y̷ ̷G̷a̷m̷i̷n̷g̷', 'followers_count': 12, 'color': 16085920}, {'uri': 'spotify:user:h3z47kyvuifltxvm0pru0eol4', 'name': 'h3z47kyvuifltxvm0pru0eol4', 'followers_count': 12, 'color': 5282805}, {'uri': 'spotify:user:31nt7tofyakgumdq7b2yf2w2vyb4', 'name': 'Habitojezi', 'image_url': 'https://platform-lookaside.fbsbx.com/platform/profilepic/?asid=699132321242053&height=300&width=300&ext=1689517524&hash=AeRU6pnyy-a0_FLEe4o', 'color': 11836360}, {'uri': 'spotify:user:halfmrpug', 'name': 'halfmrpug', 'followers_count': 15, 'color': 16085920}, {'uri': 'spotify:user:31a5jk5gihok7rnwpfalyziqg7mq', 'name': 'Hamidabdul', 'followers_count': 2, 'color': 8211250}, {'uri': 'spotify:user:hanneskmg', 'name': 'hanneskmg', 'followers_count': 19, 'color': 5282805}, {'uri': 'spotify:user:harriezonspotify', 'name': 'harriezonspotify', 'followers_count': 27, 'color': 16737335}, {'uri': 'spotify:user:315v3f2iowefm3hfu4m3hhugdkcu', 'name': 'Harsh', 'image_url': 'https://i.scdn.co/image/ab6775700000ee853e44b19092a2159cda94cd05', 'followers_count': 13, 'color': 16737335}, {'uri': 'spotify:user:317g4fpabq57jkq65xug4f5cfzba', 'name': 'Harshil :)', 'image_url': 'https://i.scdn.co/image/ab6775700000ee8556d5a8a7ead7862ac4a4e854', 'followers_count': 49, 'color': 16737335}, {'uri': 'spotify:user:31xi7xn5pgwshp34erdm5yrgwbqq', 'name': 'Hasan Nhnr', 'image_url': 'https://platform-lookaside.fbsbx.com/platform/profilepic/?asid=2067109170264937&height=300&width=300&ext=1689514537&hash=AeTT63sTPpeCiHEKoaQ', 'followers_count': 13, 'color': 8211250}, {'uri': 'spotify:user:ughhb21nmsd26ru9mgda16d7t', 'name': 'Hawks', 'image_url': 'https://i.scdn.co/image/ab6775700000ee852da57fa22956cfa73da3652b', 'followers_count': 13, 'color': 16085920}, {'uri': 'spotify:user:22s44locob7ont4cvkzp5dihy', 'name': 'Hazel Yip', 'image_url': 'https://platform-lookaside.fbsbx.com/platform/profilepic/?asid=10153012273140616&height=300&width=300&ext=1689520643&hash=AeTjdQ_KvacLHf-Tu8k', 'followers_count': 25, 'color': 16737335}, {'uri': 'spotify:user:w3w8ohlqzp02ejcpoh7evj80p', 'name': ""He's mi and I'm yu"", 'followers_count': 9, 'color': 1697420}, {'uri': 'spotify:user:yfiolbi7fo57v88pllgkw2zsj', 'name': 'Hedis', 'followers_count': 7, 'color': 1697420}, {'uri': 'spotify:user:styktz0h4ezngaa34z09ffh7p', 'name': 'Hello', 'image_url': 'https://i.scdn.co/image/ab6775700000ee85e947891ee378719b4a9ebcb4', 'followers_count': 15, 'color': 5282805}, {'uri': 'spotify:user:31ghhqica7z6my6wbgxpsutdvgs4', 'name': 'Hemant Ráwat', 'image_url': 'https://scontent-iad3-1.xx.fbcdn.net/v/t1.30497-1/84628273_176159830277856_972693363922829312_n.jpg?stp=c94.0.320.320a_dst-jpg_p320x320&_nc_cat=1&ccb=1-7&_nc_sid=12b3be&_nc_ohc=K-3THke9Q8AAX-jkdss&_nc_ht=scontent-iad3-1.xx&edm=AP4hL3IEAAAA&oh=00_AfAmCwlvh9-bMWf6IhBhFn8FfQlgBALFqT_D-yH2pE2v5g&oe=64B3EDD9', 'followers_count': 13, 'color': 5282805}, {'uri': 'spotify:user:3143u46yu7mgtscuml6y74l6aava', 'name': 'Hemant Singh Girdhar', 'image_url': 'https://platform-lookaside.fbsbx.com/platform/profilepic/?asid=732764850459665&height=300&width=300&ext=1689517524&hash=AeTdjkcWkywsqayxs14', 'followers_count': 16, 'color': 1697420}, {'uri': 'spotify:user:udvv7grddjswigtfbepdenb8m', 'name': 'Hemendhar', 'followers_count': 6, 'color': 5282805}, {'uri': 'spotify:user:henkman12', 'name': 'henkman12', 'followers_count': 58, 'color': 8211250}, {'uri': 'spotify:user:henrik.20', 'name': 'henrik.20', 'followers_count': 11, 'color': 11836360}, {'uri': 'spotify:user:53mypcfy4txdwbi4n1w14bm3a', 'name': 'hi', 'image_url': 'https://i.scdn.co/image/ab6775700000ee85b27b0738d377322fe10fccae', 'followers_count': 7, 'color': 8211250}, {'uri': 'spotify:user:hichamgamer', 'name': 'hichamgamer', 'followers_count': 16, 'color': 16737335}, {'uri': 'spotify:user:9wkpfpj27ss7i4837n8kzqlab', 'name': 'Hinata', 'followers_count': 11, 'color': 1697420}, {'uri': 'spotify:user:315f5lqm4nzundzw7tnenzesv3yy', 'name': 'HMJN', 'followers_count': 14, 'color': 1697420}, {'uri': 'spotify:user:holymolycrap', 'name': 'holymolycrap', 'followers_count': 45, 'color': 1697420}, {'uri': 'spotify:user:ccvvaeqv025cnajoyx1j1btcg', 'name': 'hon', 'followers_count': 90, 'color': 1697420}, {'uri': 'spotify:user:hood1nni', 'name': 'hood1nni', 'followers_count': 16, 'color': 16737335}, {'uri': 'spotify:user:hopisita-us', 'name': 'hopisita-us', 'followers_count': 16, 'color': 5282805}, {'uri': 'spotify:user:horizon_xd', 'name': 'horizon_xd', 'followers_count': 16, 'color': 16737335}, {'uri': 'spotify:user:31oic7gr6zfm6eahkmljxgqivjw4', 'name': 'Huzaif', 'followers_count': 9, 'color': 1697420}, {'uri': 'spotify:user:z1m76fmkwzwgy1pwmuclpu5of', 'name': 'H|t£sh', 'image_url': 'https://i.scdn.co/image/ab6775700000ee856707af3b40a8fe2abfc16c5b', 'followers_count': 16, 'color': 16085920}, {'uri': 'spotify:user:31n2pymc27e2tusxi56b6tzadn24', 'name': 'Hüseyin Şen', 'image_url': 'https://platform-lookaside.fbsbx.com/platform/profilepic/?asid=146452553255060&height=300&width=300&ext=1689517524&hash=AeSCWKT_zM6_ZDBOwVU', 'followers_count': 2, 'color': 11836360}, {'uri': 'spotify:user:31rbxje2qjwaoavydi3gpecdz6me', 'name': 'Həmid', 'followers_count': 6, 'color': 11836360}, {'uri': 'spotify:user:grprbwlr0tpldo6gly4j78p29', 'name': 'I1C5whynot', 'followers_count': 16, 'color': 8211250}, {'uri': 'spotify:user:9hqjjjhc3ucygu3p6z6hq0q9c', 'name': 'Iamdevilfist.john', 'followers_count': 147, 'color': 5282805}, {'uri': 'spotify:user:277u1bhg62cv3fvys144wv8o0', 'name': 'IAMSRIHITH', 'followers_count': 14, 'color': 5282805}, {'uri': 'spotify:user:yqaw7su3kz94b66yzw5quj8u6', 'name': 'Iciclyy', 'image_url': 'https://i.scdn.co/image/ab6775700000ee8577ad2820482a6dba8e8b4a09', 'followers_count': 11, 'color': 16737335}, {'uri': 'spotify:user:12143358213', 'name': 'Ignacio Tapia', 'image_url': 'https://i.scdn.co/image/ab6775700000ee85fd73247ed96cfb4eead8c91d', 'followers_count': 212, 'color': 8211250}, {'uri': 'spotify:user:vyy97nkfb19opw2hcp8hdwl2u', 'name': 'IgnacioNuñez', 'followers_count': 8, 'color': 11836360}, {'uri': 'spotify:user:ewmdocifpytzs1dz8xfgid3rm', 'name': 'Ilyafalkenignatev', 'image_url': 'https://i.scdn.co/image/ab6775700000ee85c2ea3d1f92c1cbd862e0288d', 'followers_count': 8, 'color': 16737335}, {'uri': 'spotify:user:227cnvd36c6y7o5lniubd774a', 'name': 'Imanol Zurita', 'image_url': 'https://scontent-iad3-1.xx.fbcdn.net/v/t1.30497-1/84628273_176159830277856_972693363922829312_n.jpg?stp=c94.0.320.320a_dst-jpg_p320x320&_nc_cat=1&ccb=1-7&_nc_sid=12b3be&_nc_ohc=K-3THke9Q8AAX-DJLjP&_nc_ht=scontent-iad3-1.xx&edm=AP4hL3IEAAAA&oh=00_AfAp1joAoaOA932z-hhddMFgPuHwMyjNp7le9a8xwzdBQw&oe=64B3EDD9', 'followers_count': 21, 'color': 11836360}, {'uri': 'spotify:user:uf4lf4un50uerqllcg2a02ohx', 'name': 'ImmaHeckinDragon#3870', 'followers_count': 15, 'color': 16085920}, {'uri': 'spotify:user:31adxywyalhbkht574xq3ehw2wja', 'name': 'ImSarcasticBoyXd', 'followers_count': 8, 'color': 1697420}, {'uri': 'spotify:user:1k0sy2g986u4l5dcib6h6bn3n', 'name': 'Indo_wolf', 'followers_count': 30, 'color': 8211250}, {'uri': 'spotify:user:l9uk5nd7hbezu3thu6bzfjk0t', 'name': 'InvictusBaNe', 'image_url': 'https://scontent-iad3-1.xx.fbcdn.net/v/t1.30497-1/84628273_176159830277856_972693363922829312_n.jpg?stp=c94.0.320.320a_dst-jpg_p320x320&_nc_cat=1&ccb=1-7&_nc_sid=12b3be&_nc_ohc=K-3THke9Q8AAX_RZsbt&_nc_ht=scontent-iad3-1.xx&edm=AP4hL3IEAAAA&oh=00_AfB3skQt8OumwJH8sVDt6AkIhzsHAkNdxWqm-pGFpT0E3g&oe=64B3EDD9', 'followers_count': 12, 'color': 11836360}, {'uri': 'spotify:user:varex_original', 'name': 'issnt', 'image_url': 'https://i.scdn.co/image/ab6775700000ee850c3cfaced9a6285920119d58', 'followers_count': 49, 'color': 11836360}, {'uri': 'spotify:user:itz_traps', 'name': 'itz_traps', 'image_url': 'https://i.scdn.co/image/ab6775700000ee854b8c2edb275dd4f9bd733bf2', 'followers_count': 34, 'color': 16085920}, {'uri': 'spotify:user:12148240727', 'name': 'Ivan Kuan', 'image_url': 'https://platform-lookaside.fbsbx.com/platform/profilepic/?asid=10202403673514393&height=300&width=300&ext=1689483174&hash=AeR5Aef-dkjJfGr0Yyc', 'followers_count': 180, 'color': 8211250}, {'uri': 'spotify:user:leb4ik', 'name': 'Ivan Zen', 'image_url': 'https://i.scdn.co/image/ab6775700000ee856d07120c7585d87e1926e0c2', 'followers_count': 21, 'color': 8211250}, {'uri': 'spotify:user:0o4qjbvt50h30uwnnat3nsptf', 'name': 'Jaayana', 'followers_count': 42, 'color': 1697420}, {'uri': 'spotify:user:u0d9o4kmh2f4krkw4aze9bbzk', 'name': 'jack venpuia', 'image_url': 'https://i.scdn.co/image/ab6775700000ee8533c9dd028a38ffce088d8dbf', 'followers_count': 9, 'color': 11836360}, {'uri': 'spotify:user:jack3s1808', 'name': 'Jack3s', 'image_url': 'https://i.scdn.co/image/ab6775700000ee85d51a004021f408d04a95cc9f', 'followers_count': 34, 'color': 1697420}, {'uri': 'spotify:user:adh6rx9bp80ctnizvruqffra6', 'name': 'Jacobtschrader', 'image_url': 'https://i.scdn.co/image/ab6775700000ee8513c8b5e03bc9ca9abbd27b47', 'color': 11836360}, {'uri': 'spotify:user:21kh4hud7bazxnom3k4v6mcqy', 'name': 'Jacopo Pellegrinelli', 'image_url': 'https://i.scdn.co/image/ab6775700000ee8554ca8ac602757e63fa0b29c0', 'followers_count': 257, 'color': 16737335}, {'uri': 'spotify:user:jacquelinebrondi', 'name': 'Jacqueline Brondi', 'image_url': 'https://i.scdn.co/image/ab6775700000ee8591ab4b835e3d3502d20a5599', 'followers_count': 29, 'color': 1697420}, {'uri': 'spotify:user:12170172654', 'name': 'Jaime Perez Garcia', 'image_url': 'https://scontent-iad3-1.xx.fbcdn.net/v/t1.6435-1/174450248_2012975082186405_7212011725721051022_n.jpg?stp=dst-jpg_p320x320&_nc_cat=108&ccb=1-7&_nc_sid=0c64ff&_nc_ohc=KWI0VaC5IiMAX_tWAlc&_nc_ht=scontent-iad3-1.xx&edm=AP4hL3IEAAAA&oh=00_AfBaRL2y2kywzGAj1AjxNiIDoVP-KRUo8rUoTZsgJbPdrg&oe=64B3EAF9', 'followers_count': 26, 'color': 11836360}, {'uri': 'spotify:user:pbfvh6sw8w7hhmx4ifhqkk74j', 'name': 'Jake', 'followers_count': 9, 'color': 1697420}, {'uri': 'spotify:user:11125163170', 'name': 'Jakub Záhora', 'image_url': 'https://scontent-iad3-1.xx.fbcdn.net/v/t39.30808-1/241105522_1984369741737399_8838288401552774296_n.jpg?stp=dst-jpg_p320x320&_nc_cat=101&ccb=1-7&_nc_sid=0c64ff&_nc_ohc=HR0LI_6_pVMAX_jyyBG&_nc_ht=scontent-iad3-1.xx&edm=AP4hL3IEAAAA&oh=00_AfAjGSK0k96K7YfIvb6F1lLPinRPhNQFTR2kdaxW-6kZxQ&oe=64917F1A', 'followers_count': 7, 'color': 16737335}, {'uri': 'spotify:user:31s6nxgny4pz4jxckgn3xvlipzgi', 'name': 'James hk', 'image_url': 'https://i.scdn.co/image/ab6775700000ee85bf52e2663b6999e36e1b2c55', 'followers_count': 2, 'color': 8211250}, {'uri': 'spotify:user:12130343612', 'name': 'James HR', 'image_url': 'https://i.scdn.co/image/ab6775700000ee85ffb6e489339cea28e9188587', 'followers_count': 40, 'color': 5282805}, {'uri': 'spotify:user:maceslaonda', 'name': 'James Price', 'image_url': 'https://platform-lookaside.fbsbx.com/platform/profilepic/?asid=1102945139824527&height=300&width=300&ext=1689517524&hash=AeRRHWjAD659ign-ils', 'followers_count': 15, 'color': 11836360}, {'uri': 'spotify:user:jamezonandres', 'name': 'Jameson Andrés', 'image_url': 'https://i.scdn.co/image/ab6775700000ee8541c59efc2b53c3b1f05afe77', 'followers_count': 46, 'color': 16737335}, {'uri': 'spotify:user:obko8uwloo5gpz5ce2pxk75tf', 'name': 'Jamless Den', 'image_url': 'https://i.scdn.co/image/ab6775700000ee85d8db4f3ef7c5fc4f7321bdcb', 'followers_count': 16, 'color': 16085920}, {'uri': 'spotify:user:11146246843', 'name': 'Jan Kleistner', 'image_url': 'https://scontent-iad3-1.xx.fbcdn.net/v/t1.6435-1/37059041_2368264580067190_8113117093848678400_n.jpg?stp=c42.46.263.263a_dst-jpg&_nc_cat=101&ccb=1-7&_nc_sid=0c64ff&_nc_ohc=AqkzD2RzLpkAX-Zjl7e&_nc_ht=scontent-iad3-1.xx&edm=AP4hL3IEAAAA&oh=00_AfCg7b3u_QbahaZvL6Ow64N5Kh-4QpKkj_og2BA9O7KCpg&oe=64B3D8E5', 'followers_count': 61, 'color': 5282805}, {'uri': 'spotify:user:jan.krempin-de', 'name': 'jan.krempin-de', 'followers_count': 14, 'color': 1697420}, {'uri': 'spotify:user:sqcxnhtgtmibq87mn1fkxpp28', 'name': 'JareBear', 'image_url': 'https://i.scdn.co/image/ab6775700000ee85b81ab8b7118059d20082fee9', 'followers_count': 11, 'color': 16737335}, {'uri': 'spotify:user:r5i8ueszlkojzvrkq4o9o6766', 'name': 'Jasminlimospetersen', 'followers_count': 12, 'color': 16085920}, {'uri': 'spotify:user:jasonn.hb', 'name': 'jasonn.hb', 'followers_count': 25, 'color': 1697420}, {'uri': 'spotify:user:313a3vwa3g24sxefvemyawyiod4m', 'name': 'Jatin vishwakarma', 'followers_count': 3, 'color': 16085920}, {'uri': 'spotify:user:31y6higuhjhvqmfxhrweffhb6qce', 'name': 'Javier Lopez', 'followers_count': 5, 'color': 11836360}, {'uri': 'spotify:user:5hy8uzngy0g0v6qd5gaxsls2j', 'name': 'Jayyy', 'image_url': 'https://i.scdn.co/image/ab6775700000ee85db2c58c0408ebfaabe29f3b6', 'followers_count': 17, 'color': 16085920}, {'uri': 'spotify:user:jazzxjazzx', 'name': 'jazzxjazzx', 'followers_count': 14, 'color': 16737335}, {'uri': 'spotify:user:pidavemurray', 'name': 'Jeferson Felipe', 'image_url': 'https://platform-lookaside.fbsbx.com/platform/profilepic/?asid=1647259418845220&height=300&width=300&ext=1689515874&hash=AeTmI6MsyVOUjSdJRs8', 'followers_count': 54, 'color': 1697420}, {'uri': 'spotify:user:eduardo5jordan', 'name': 'Jenn💗', 'image_url': 'https://i.scdn.co/image/ab6775700000ee85a8ad8397c2cda73e5940911c', 'followers_count': 27, 'color': 8211250}, {'uri': 'spotify:user:22j3d7k2qwyazeui6vo77eeqq', 'name': 'Jeremy Wang', 'image_url': 'https://platform-lookaside.fbsbx.com/platform/profilepic/?asid=462167143941720&height=300&width=300&ext=1689517361&hash=AeS3B4PIWq8EvCswGWg', 'followers_count': 69, 'color': 1697420}, {'uri': 'spotify:user:jeroen.kok90', 'name': 'jeroen.kok90', 'followers_count': 15, 'color': 1697420}, {'uri': 'spotify:user:jzero13', 'name': 'Jesse', 'image_url': 'https://i.scdn.co/image/ab6775700000ee8557f919827d5ebcb8a4986545', 'followers_count': 16, 'color': 5282805}, {'uri': 'spotify:user:salazardrums', 'name': 'Jesse Salazar', 'image_url': 'https://scontent-iad3-2.xx.fbcdn.net/v/t1.6435-1/131889270_10160510372573047_9112624780823143954_n.jpg?stp=dst-jpg_p320x320&_nc_cat=103&ccb=1-7&_nc_sid=0c64ff&_nc_ohc=fUW2UrRt_50AX-Zf2_0&_nc_ht=scontent-iad3-2.xx&edm=AP4hL3IEAAAA&oh=00_AfBOOGgViDk_TeY3mhLFSRY2kYb97TfshTR2gviV98LDRw&oe=64B3E9E1', 'followers_count': 18, 'color': 16737335}, {'uri': 'spotify:user:jeydel_official', 'name': 'jeydel_official', 'followers_count': 5, 'color': 1697420}, {'uri': 'spotify:user:31q3oo2zvctadeerkvjxa6hrnuje', 'name': 'Jhampierborjamaylle', 'image_url': 'https://i.scdn.co/image/ab6775700000ee85ce97811758fc1f85cee62693', 'followers_count': 2, 'color': 16085920}, {'uri': 'spotify:user:31434uvloj6w6aw2p7swd7wkiahe', 'name': 'JJayden Y', 'followers_count': 8, 'color': 16737335}, {'uri': 'spotify:user:fy7y7d2hnhc86ko6roto7b6ld', 'name': 'jo_bagon', 'followers_count': 205, 'color': 1697420}, {'uri': 'spotify:user:31bzd435plu6btvylzahhoaisiqy', 'name': 'Joaquin', 'followers_count': 15, 'color': 11836360}, {'uri': 'spotify:user:mkrkdcch7f582zisvljope8vb', 'name': 'Joaquinmorinigo', 'followers_count': 9, 'color': 1697420}, {'uri': 'spotify:user:darksc', 'name': 'Joel Anjos', 'image_url': 'https://platform-lookaside.fbsbx.com/platform/profilepic/?asid=617849498297538&height=300&width=300&ext=1689520643&hash=AeTlC8KAPxwFvQPNjqs', 'followers_count': 24, 'color': 8211250}, {'uri': 'spotify:user:j0eytom', 'name': 'Joel Thomas', 'image_url': 'https://platform-lookaside.fbsbx.com/platform/profilepic/?asid=239815316208852&height=300&width=300&ext=1689517524&hash=AeQKQibgh7RwZkCp08k', 'followers_count': 33, 'color': 16085920}, {'uri': 'spotify:user:joel10.vm', 'name': 'joel10.vm', 'followers_count': 14, 'color': 5282805}, {'uri': 'spotify:user:rbudtt3wkzs5rjhwe07z4r9lk', 'name': 'Joelabyrenjithdavid', 'followers_count': 4, 'color': 5282805}, {'uri': 'spotify:user:31mdrvfjer4dzpte6tnjpatst7ty', 'name': 'Johan Foronda', 'image_url': 'https://scontent-sea1-1.xx.fbcdn.net/v/t1.30497-1/84628273_176159830277856_972693363922829312_n.jpg?stp=c94.0.320.320a_dst-jpg_p320x320&_nc_cat=1&ccb=1-7&_nc_sid=12b3be&_nc_ohc=K-3THke9Q8AAX8THtOY&_nc_ht=scontent-sea1-1.xx&edm=AP4hL3IEAAAA&oh=00_AfB4mKwhWakHGgZD9rcgZb5vaiDzOywv2z8BF2gWKk5EJg&oe=64B37D59', 'followers_count': 13, 'color': 11836360}, {'uri': 'spotify:user:1129403781', 'name': 'Johannes Haß', 'image_url': 'https://i.scdn.co/image/ab6775700000ee857e7a53dea2c09db1aa94c029', 'followers_count': 48, 'color': 5282805}, {'uri': 'spotify:user:johannsplee', 'name': 'johannsplee', 'followers_count': 14, 'color': 8211250}, {'uri': 'spotify:user:12168535215', 'name': 'Jonas Patrick Benedet', 'image_url': 'https://scontent-iad3-1.xx.fbcdn.net/v/t39.30808-1/315995392_5536298953149482_2482056763227051102_n.jpg?stp=dst-jpg_p320x320&_nc_cat=101&ccb=1-7&_nc_sid=0c64ff&_nc_ohc=5wUAF-pB32oAX9oVm8a&_nc_ht=scontent-iad3-1.xx&edm=AP4hL3IEAAAA&oh=00_AfBqJPPdbmwPgtlBoqLd9mEv2mNxufTaQKwi5v-OWLSRjg&oe=64905AE2', 'followers_count': 53, 'color': 16737335}, {'uri': 'spotify:user:jonas.goldacker', 'name': 'jonas.goldacker', 'followers_count': 31, 'color': 11836360}, {'uri': 'spotify:user:31pd536mqcugczaawrs4fmwwgqh4', 'name': 'Jonathan', 'image_url': 'https://i.scdn.co/image/ab6775700000ee85438aa73a3c82a7096e66a298', 'followers_count': 5, 'color': 11836360}, {'uri': 'spotify:user:12165220871', 'name': 'Jonathan Gomes', 'image_url': 'https://i.scdn.co/image/ab6775700000ee855cb1a53adf69082a7933a4fe', 'followers_count': 33, 'color': 16085920}, {'uri': 'spotify:user:jonboytheviper', 'name': 'Jonboy76', 'image_url': 'https://i.scdn.co/image/ab6775700000ee85f23ca5973bb22c1dcf027005', 'followers_count': 15, 'color': 16737335}, {'uri': 'spotify:user:jonis9914', 'name': 'jonis9914', 'followers_count': 13, 'color': 16737335}, {'uri': 'spotify:user:223vbucmdgqowjxjym3umxz4y', 'name': 'Jonni Sepúlveda', 'image_url': 'https://platform-lookaside.fbsbx.com/platform/profilepic/?asid=913708188716857&height=300&width=300&ext=1689519798&hash=AeQe9bZXsXOb7SSMRXA', 'followers_count': 13, 'color': 16737335}, {'uri': 'spotify:user:1194163000', 'name': 'Jordan Thomas', 'image_url': 'https://scontent-iad3-2.xx.fbcdn.net/v/t39.30808-1/344736858_1209954749548132_5659088111357706977_n.jpg?stp=cp1_dst-jpg_p320x320&_nc_cat=100&ccb=1-7&_nc_sid=0c64ff&_nc_ohc=PnHFWOCwPYgAX__HBda&_nc_ht=scontent-iad3-2.xx&edm=AP4hL3IEAAAA&oh=00_AfDq9ewJocOnDclHkJ_LKAWDBbfe-oaa0O_6qDk2EF8Pmg&oe=6491D9E6', 'followers_count': 44, 'color': 16085920}, {'uri': 'spotify:user:12141082945', 'name': 'Jose Luis Padilla', 'image_url': 'https://scontent-iad3-1.xx.fbcdn.net/v/t39.30808-1/326322928_2171307319739293_7031171372331262762_n.jpg?stp=dst-jpg_s320x320&_nc_cat=104&ccb=1-7&_nc_sid=0c64ff&_nc_ohc=nSFAdRu9j_0AX_3Vs-V&_nc_ht=scontent-iad3-1.xx&edm=AP4hL3IEAAAA&oh=00_AfC7EjRtWAcgDGj5MmcDeWiEZMQqoyCWiNax1WI9Ne8YAA&oe=64916CC1', 'followers_count': 45, 'color': 1697420}, {'uri': 'spotify:user:21ryb72cyqu7rdowlspckuwoq', 'name': 'Jose Rojas', 'image_url': 'https://platform-lookaside.fbsbx.com/platform/profilepic/?asid=233491060464187&height=300&width=300&ext=1689514537&hash=AeQMbsLZxPLhMCE0yw8', 'followers_count': 18, 'color': 16737335}, {'uri': 'spotify:user:31puge6gn3hr2amh2jwnhe5vwyby', 'name': 'Joseadanmolina', 'followers_count': 3, 'color': 8211250}, {'uri': 'spotify:user:31eq6fscpnlb4suhg3ccjrmuewye', 'name': 'Josecarloslazartemendez', 'image_url': 'https://platform-lookaside.fbsbx.com/platform/profilepic/?asid=104800422334230&height=300&width=300&ext=1689517524&hash=AeS2jdIxtVaFcK7GXY0', 'followers_count': 3, 'color': 8211250}, {'uri': 'spotify:user:31iubcwt3s2qvkmbeyj3p5if7euu', 'name': 'Josef Bíro', 'image_url': 'https://platform-lookaside.fbsbx.com/platform/profilepic/?asid=631122810954180&height=300&width=300&ext=1689520643&hash=AeTd_QILIQn2Gab1cqg', 'followers_count': 14, 'color': 1697420}, {'uri': 'spotify:user:315ummh3rysmqenpnt27xci4ppoi', 'name': 'Joseltdiscua', 'image_url': 'https://platform-lookaside.fbsbx.com/platform/profilepic/?asid=1193462991422078&height=300&width=300&ext=1689517524&hash=AeSY5ZPgLpCYih8dpic', 'followers_count': 2, 'color': 16737335}, {'uri': 'spotify:user:rl72qet3areyorin9utliei2j', 'name': 'Josh', 'followers_count': 7, 'color': 5282805}, {'uri': 'spotify:user:phulkes', 'name': 'Josh', 'image_url': 'https://i.scdn.co/image/ab6775700000ee855b6148033723832d7285e46b', 'followers_count': 20, 'color': 5282805}, {'uri': 'spotify:user:joshdownard99', 'name': 'joshdownard99', 'followers_count': 13, 'color': 8211250}, {'uri': 'spotify:user:coltranecrowley', 'name': 'Joshua Curry', 'image_url': 'https://scontent-iad3-1.xx.fbcdn.net/v/t39.30808-1/272760155_10221822011080505_722644971332160403_n.jpg?stp=dst-jpg_p320x320&_nc_cat=101&ccb=1-7&_nc_sid=0c64ff&_nc_ohc=XPgNOct21zsAX9mxMOQ&_nc_ht=scontent-iad3-1.xx&edm=AP4hL3IEAAAA&oh=00_AfAQi1GKmq6KJNccBqK2yGpabjFMncDsamsy9iJ1LG8apQ&oe=6492518A', 'followers_count': 20, 'color': 8211250}, {'uri': 'spotify:user:joshuabentl33', 'name': 'joshuabentl33', 'followers_count': 14, 'color': 1697420}, {'uri': 'spotify:user:jthemagicmonkey', 'name': 'jthemagicmonkey', 'followers_count': 13, 'color': 1697420}, {'uri': 'spotify:user:juantudela7', 'name': 'Juan Carlos Tudela Valenzuela', 'image_url': 'https://scontent-iad3-2.xx.fbcdn.net/v/t1.6435-1/181347265_1729642650541072_4964318889251399994_n.jpg?stp=dst-jpg_s320x320&_nc_cat=111&ccb=1-7&_nc_sid=0c64ff&_nc_ohc=Ef2ZqXl12T4AX-plLux&_nc_ht=scontent-iad3-2.xx&edm=AP4hL3IEAAAA&oh=00_AfDZuOp1ftiCsc8mXOzCVD23u5LfwdJMumiH-aFrzasA3Q&oe=64B3D70A', 'followers_count': 32, 'color': 16737335}, {'uri': 'spotify:user:juanpablogiraldop', 'name': 'Juan Pablo Giraldo', 'image_url': 'https://platform-lookaside.fbsbx.com/platform/profilepic/?asid=824717167628870&height=300&width=300&ext=1689510319&hash=AeRi2DM9yFKiBpk6CZk', 'followers_count': 15, 'color': 5282805}, {'uri': 'spotify:user:21bscsyqnzlmslnaojqipeztq', 'name': 'Juanma Delh', 'image_url': 'https://platform-lookaside.fbsbx.com/platform/profilepic/?asid=971915429595259&height=300&width=300&ext=1689517524&hash=AeRNaZTXNryYLh8tJlw', 'followers_count': 21, 'color': 8211250}, {'uri': 'spotify:user:andrewscarrillo40756', 'name': 'JuanquiGL', 'image_url': 'https://i.scdn.co/image/ab6775700000ee85b768df50968eefaed5ec69be', 'followers_count': 13, 'color': 16737335}, {'uri': 'spotify:user:s0bipsmuxdryzxu2b9oo9vemj', 'name': 'Julian / Ebei', 'image_url': 'https://i.scdn.co/image/ab6775700000ee8511f4fcb2bd51e752af4618b4', 'followers_count': 3, 'color': 11836360}, {'uri': 'spotify:user:12136608438', 'name': 'Julian Arellno', 'image_url': 'https://scontent-ord5-2.xx.fbcdn.net/v/t1.18169-1/13230089_1739439019612707_5723673422356986899_n.jpg?stp=dst-jpg_p320x320&_nc_cat=107&ccb=1-7&_nc_sid=0c64ff&_nc_ohc=twAIzDk0WuQAX8fX7HU&_nc_ht=scontent-ord5-2.xx&edm=AP4hL3IEAAAA&oh=00_AfAzQvil6g_k6gnqoLbi30ZLCpjt1UypWWmO0IC64vkQGQ&oe=64B3E953', 'followers_count': 30, 'color': 5282805}, {'uri': 'spotify:user:31n5ak6wqpx6bejqo3ry3qoprwze', 'name': 'Junior21', 'followers_count': 9, 'color': 16085920}, {'uri': 'spotify:user:31vaucbaxxqr65yo7c4mrsufrwu4', 'name': 'Junxuan', 'image_url': 'https://i.scdn.co/image/ab6775700000ee85d75e05c942ad2819412dbbad', 'followers_count': 3, 'color': 11836360}, {'uri': 'spotify:user:jurmax', 'name': 'jurmax', 'followers_count': 29, 'color': 1697420}, {'uri': 'spotify:user:31c2lacscji2alpauoknp44q7cxy', 'name': 'Juso', 'image_url': 'https://i.scdn.co/image/ab6775700000ee856e3a88597e876b1f960b7e38', 'followers_count': 1, 'color': 11836360}, {'uri': 'spotify:user:v8xk94qd37xi3479zqn2zztn3', 'name': 'justgotbeaned', 'image_url': 'https://i.scdn.co/image/ab6775700000ee850bdc8d70456eb563e1da567c', 'followers_count': 39, 'color': 1697420}, {'uri': 'spotify:user:61twytumyjxprye5zaclpakta', 'name': 'Justin', 'image_url': 'https://i.scdn.co/image/ab6775700000ee85908644587faf1f7e0cb40f60', 'followers_count': 47, 'color': 11836360}, {'uri': 'spotify:user:1181653982', 'name': 'Justin Rauchheld', 'image_url': 'https://i.scdn.co/image/ab6775700000ee852cca13185ec279455e76b7cf', 'followers_count': 62, 'color': 8211250}, {'uri': 'spotify:user:8yph5tkc63geq87roiesbqa36', 'name': 'Justin Wylie', 'image_url': 'https://i.scdn.co/image/ab6775700000ee85e123a929648230304cd4c803', 'followers_count': 18, 'color': 8211250}, {'uri': 'spotify:user:31zsqkli4uvwzxnd2e5mtaa5y4ui', 'name': 'JustKyle_', 'image_url': 'https://i.scdn.co/image/ab6775700000ee859a8ff1a94d6d6749066c309c', 'followers_count': 7, 'color': 16085920}, {'uri': 'spotify:user:jyongshua', 'name': 'jyongshua', 'followers_count': 5, 'color': 16737335}, {'uri': 'spotify:user:yyau16061flljfp5gx6fax7s6', 'name': 'Jürgen Siewerin', 'image_url': 'https://platform-lookaside.fbsbx.com/platform/profilepic/?asid=545683838973690&height=300&width=300&ext=1689517524&hash=AeRWXq712C2Iu3ZAQas', 'followers_count': 18, 'color': 16085920}, {'uri': 'spotify:user:quiet-irish', 'name': 'k', 'image_url': 'https://i.scdn.co/image/ab6775700000ee85cc274e27f47ce0e3179a63a5', 'followers_count': 61, 'color': 8211250}, {'uri': 'spotify:user:aftershock64', 'name': 'K.E', 'image_url': 'https://i.scdn.co/image/ab6775700000ee858dcc674c9f1b3cb29b754966', 'followers_count': 30, 'color': 16737335}, {'uri': 'spotify:user:kaleicecream', 'name': 'kaleicecream', 'followers_count': 13, 'color': 16737335}, {'uri': 'spotify:user:31crknpdbx3buswg4nfzledb5mba', 'name': 'kalpitnagar312', 'image_url': 'https://i.scdn.co/image/ab6775700000ee856c0afd3a0566690ed6601b03', 'followers_count': 3, 'color': 16737335}, {'uri': 'spotify:user:2mpc3sd1xcvxg13ceg72rb1bn', 'name': 'kapsik', 'followers_count': 8, 'color': 11836360}, {'uri': 'spotify:user:12143631205', 'name': 'Karen Baque Varas', 'image_url': 'https://scontent-iad3-1.xx.fbcdn.net/v/t1.6435-1/135014570_10223503030700506_6669538439922889286_n.jpg?stp=dst-jpg_p320x320&_nc_cat=110&ccb=1-7&_nc_sid=0c64ff&_nc_ohc=ksdhvhP8CAQAX8qyVua&_nc_ht=scontent-iad3-1.xx&edm=AP4hL3IEAAAA&oh=00_AfDcSGhTJk0s6__lpJ64V0iql-Ev7rk8kW0ygnoWrWWriQ&oe=64B3DFD6', 'followers_count': 15, 'color': 16737335}, {'uri': 'spotify:user:1110054722', 'name': 'Karl Nilsson', 'image_url': 'https://scontent-iad3-1.xx.fbcdn.net/v/t31.18172-1/172641_100357740047813_5398556_o.jpg?stp=c54.0.320.320a_dst-jpg_p320x320&_nc_cat=101&ccb=1-7&_nc_sid=0c64ff&_nc_ohc=DTbNQXXmGQIAX-5x9zj&_nc_ht=scontent-iad3-1.xx&edm=AP4hL3IEAAAA&oh=00_AfA61fzYfTb1VCNdvD00-n3EhTCLIrPio8J6_b0G2GDG3g&oe=64B3C81C', 'followers_count': 147, 'color': 5282805}, {'uri': 'spotify:user:31ycb35tmcn2jiunjnlzdqsxzsmi', 'name': 'Kaushik Pawshekar', 'image_url': 'https://platform-lookaside.fbsbx.com/platform/profilepic/?asid=923171371379789&height=300&width=300&ext=1689514537&hash=AeQXiVA1qpvzvGxMHH8', 'followers_count': 13, 'color': 5282805}, {'uri': 'spotify:user:qmk3tux6w23v8wbgcpxsetoks', 'name': 'Kavish', 'image_url': 'https://i.scdn.co/image/ab6775700000ee85fc14cd9d6ae1c08bf3f34b25', 'followers_count': 18, 'color': 5282805}, {'uri': 'spotify:user:31pje56ea77vdbagntw5iqrmydzi', 'name': 'KEAV', 'image_url': 'https://i.scdn.co/image/ab6775700000ee859565df1c2270a3c3701126c4', 'followers_count': 1, 'color': 1697420}, {'uri': 'spotify:user:kendon04', 'name': 'kendon04', 'followers_count': 13, 'color': 8211250}, {'uri': 'spotify:user:kennalu.cohan', 'name': 'kennalu.cohan', 'followers_count': 13, 'color': 8211250}, {'uri': 'spotify:user:22cpkd2z6pumcc45zcpcb475q', 'name': 'Kentaro Roy Fukuzawa Johnson', 'image_url': 'https://scontent-iad3-2.xx.fbcdn.net/v/t1.18169-1/14947837_1869184383301730_5873863308402068651_n.jpg?stp=dst-jpg_p320x320&_nc_cat=100&ccb=1-7&_nc_sid=0c64ff&_nc_ohc=pNhhF_u51uUAX-8_tw7&_nc_ht=scontent-iad3-2.xx&edm=AP4hL3IEAAAA&oh=00_AfClHF7MZovzTD2FXaXTirZPafM8r9O6wQtvg0AMvb1JSA&oe=64B3D3DD', 'followers_count': 48, 'color': 1697420}, {'uri': 'spotify:user:kevin127maisk', 'name': 'Keviin', 'image_url': 'https://i.scdn.co/image/ab6775700000ee85e4d5749cfb8f485b6121cf08', 'followers_count': 6, 'color': 5282805}, {'uri': 'spotify:user:12166487352', 'name': 'Kevin Pei', 'image_url': 'https://scontent-iad3-1.xx.fbcdn.net/v/t1.6435-1/86267763_2679527058832721_4162644009354788864_n.jpg?stp=dst-jpg_p320x320&_nc_cat=110&ccb=1-7&_nc_sid=0c64ff&_nc_ohc=-yq7ApIf2Y0AX86Bvmo&_nc_ht=scontent-iad3-1.xx&edm=AP4hL3IEAAAA&oh=00_AfC48Ipb3UQLNeyBrjHg-G15wrbH7ET9n2zoRj90U1NyQw&oe=64B3F2FF', 'followers_count': 84, 'color': 11836360}, {'uri': 'spotify:user:y9deq1v14pvheapof6mmhx3ys', 'name': 'Kevinstamm', 'followers_count': 3, 'color': 11836360}, {'uri': 'spotify:user:khamal11', 'name': 'khamal11', 'followers_count': 22, 'color': 16085920}, {'uri': 'spotify:user:vs53mjopstuyuueu3pyj44z9o', 'name': 'Kid in Denim', 'image_url': 'https://i.scdn.co/image/ab6775700000ee8567b40ce494ce59ada92f69c6', 'followers_count': 8, 'color': 16085920}, {'uri': 'spotify:user:31yboidgqu7v2e2wxqsw4k4xflwi', 'name': 'kidd', 'followers_count': 3, 'color': 16737335}, {'uri': 'spotify:user:112790031', 'name': 'Kim ter Stege', 'image_url': 'https://i.scdn.co/image/ab6775700000ee85b7cd0ed8f27b1d71a2c4879b', 'followers_count': 81, 'color': 16737335}, {'uri': 'spotify:user:11128269173', 'name': 'Kim Wahlman', 'image_url': 'https://scontent-atl3-2.xx.fbcdn.net/v/t39.30808-1/285062156_2201916299983136_3274176628914042311_n.jpg?stp=dst-jpg_p320x320&_nc_cat=105&ccb=1-7&_nc_sid=0c64ff&_nc_ohc=4hf8ZwvgG6YAX8Wyq7F&_nc_ht=scontent-atl3-2.xx&edm=AP4hL3IEAAAA&oh=00_AfCquTOwCdmtbeiVK9gZCUhUlTYG4c5JuBOL1ygPAvrPmg&oe=649171BC', 'followers_count': 155, 'color': 1697420}, {'uri': 'spotify:user:kingkevingreen', 'name': 'kingkevingreen', 'followers_count': 13, 'color': 8211250}, {'uri': 'spotify:user:kingparanoid', 'name': 'kingparanoid', 'followers_count': 16, 'color': 1697420}, {'uri': 'spotify:user:12162962780', 'name': 'Kirby Chan', 'image_url': 'https://scontent-iad3-1.xx.fbcdn.net/v/t1.18169-1/1907357_612832824004_1047307581216873061_n.jpg?stp=dst-jpg_p320x320&_nc_cat=104&ccb=1-7&_nc_sid=0c64ff&_nc_ohc=UzWlDwc7RisAX8DByfm&_nc_ht=scontent-iad3-1.xx&edm=AP4hL3IEAAAA&oh=00_AfAgxPtiRcordK5WB8O2AYZ-Sx3k63S9sbS6AHWcGa9FvQ&oe=64B3DD90', 'followers_count': 27, 'color': 11836360}, {'uri': 'spotify:user:31nmsazhafy5b3jpd7dee5axois4', 'name': 'kirbyfanboi1', 'image_url': 'https://platform-lookaside.fbsbx.com/platform/profilepic/?asid=345751850391869&height=300&width=300&ext=1689517524&hash=AeTXT2yRzic_IPKn4_w', 'followers_count': 10, 'color': 1697420}, {'uri': 'spotify:user:21anr4hcjoa5l5s6763yuqdhq', 'name': 'Kirk Baker', 'image_url': 'https://platform-lookaside.fbsbx.com/platform/profilepic/?asid=101919737206338&height=300&width=300&ext=1689514537&hash=AeSylJuEE9HHuKWlFCw', 'followers_count': 20, 'color': 16085920}, {'uri': 'spotify:user:11154262636', 'name': 'Kirsten Kolinsky', 'image_url': 'https://scontent-iad3-2.xx.fbcdn.net/v/t39.30808-1/278857361_5677205078974298_4194191125643066590_n.jpg?stp=dst-jpg_s320x320&_nc_cat=100&ccb=1-7&_nc_sid=0c64ff&_nc_ohc=bd2RS-JDShsAX-yvrtR&_nc_ht=scontent-iad3-2.xx&edm=AP4hL3IEAAAA&oh=00_AfCBJdUSh6-AsDInJtPUlFRixJ816JRcp0nvAOMDo0NJrw&oe=6491110C', 'followers_count': 77, 'color': 5282805}, {'uri': 'spotify:user:kiss091918', 'name': 'kiss091918', 'image_url': 'https://i.scdn.co/image/ab6775700000ee85555ac53c8b6b19507b98ee05', 'followers_count': 22, 'color': 5282805}, {'uri': 'spotify:user:kisse87-se', 'name': 'kisse87', 'followers_count': 12, 'color': 5282805}, {'uri': 'spotify:user:31vaqxoqhmkxprr73hbkyu3qlnke', 'name': 'kitana', 'color': 5282805}, {'uri': 'spotify:user:arc3lore', 'name': 'kjanaa', 'image_url': 'https://i.scdn.co/image/ab6775700000ee8553ccfbb85fb9c5b0e8b8f2e7', 'followers_count': 20, 'color': 5282805}, {'uri': 'spotify:user:my14uiat3u2xdu7ifgf8yxv7n', 'name': 'Kk', 'followers_count': 8, 'color': 5282805}, {'uri': 'spotify:user:11124375704', 'name': 'Klara Jirasková', 'image_url': 'https://scontent-iad3-2.xx.fbcdn.net/v/t39.30808-1/337508671_726287145835860_7085794073810978241_n.jpg?stp=dst-jpg_s320x320&_nc_cat=100&ccb=1-7&_nc_sid=0c64ff&_nc_ohc=gbNJrPK3jucAX97KkiL&_nc_oc=AQk5VOQ1U8joSZeyrEZGtVjsBsgIXiLkaFr2imtZe8xYvoRDx5l91PaNMTf0uJDXrBY&_nc_ht=scontent-iad3-2.xx&edm=AP4hL3IEAAAA&oh=00_AfBtGHLD7G3eXhuUaNFXt1npHaQEgXwI7hqsAob0fNGNsQ&oe=6490C9FF', 'followers_count': 65, 'color': 1697420}, {'uri': 'spotify:user:21ozeb7jxjiz3tdlqjiw3cfla', 'name': 'Klaudia Tyszka', 'image_url': 'https://platform-lookaside.fbsbx.com/platform/profilepic/?asid=907261939410064&height=300&width=300&ext=1689514537&hash=AeRq8XKl7yU2zrcwiY0', 'followers_count': 29, 'color': 11836360}, {'uri': 'spotify:user:ppb8osui0zq8taak2ws7dnsct', 'name': 'Knedlík', 'image_url': 'https://i.scdn.co/image/ab6775700000ee858358672e4541c7de30c9abba', 'followers_count': 32, 'color': 16085920}, {'uri': 'spotify:user:kobimer', 'name': 'kobimer', 'followers_count': 14, 'color': 1697420}, {'uri': 'spotify:user:xwpxdsz99i9cd7ewmtp0qj1ge', 'name': 'Kody Paper', 'followers_count': 9, 'color': 11836360}, {'uri': 'spotify:user:31jlnnr6jvcjlkk2lmd22z2i3doa', 'name': 'Konrad Ernenputsch', 'image_url': 'https://i.scdn.co/image/ab6775700000ee851dfb0100ef95357583df7371', 'followers_count': 10, 'color': 5282805}, {'uri': 'spotify:user:konstantin.s.644', 'name': 'Konstalost', 'image_url': 'https://i.scdn.co/image/ab6775700000ee8597ec49a4945c0733ef6f1cf1', 'followers_count': 44, 'color': 5282805}, {'uri': 'spotify:user:22iukwkkpvkprkbbfy3a3dpdq', 'name': 'Krisztina Nótárius', 'image_url': 'https://platform-lookaside.fbsbx.com/platform/profilepic/?asid=1048844621817081&height=300&width=300&ext=1689517524&hash=AeRhaMJ-8-UlF7_G2pE', 'followers_count': 32, 'color': 16085920}, {'uri': 'spotify:user:dvplay05pl', 'name': 'Kuba Gorczyca', 'image_url': 'https://scontent-iad3-1.xx.fbcdn.net/v/t39.30808-1/316255683_2082132868639203_8637567332449236872_n.jpg?stp=dst-jpg_p320x320&_nc_cat=104&ccb=1-7&_nc_sid=0c64ff&_nc_ohc=4ij0A1zkoKMAX-bognC&_nc_ht=scontent-iad3-1.xx&edm=AP4hL3IEAAAA&oh=00_AfCjgBaI0vuPwRqUGdm53IqiTtg5UvwdAsjZJYWwpUkwqw&oe=64912AAC', 'followers_count': 28, 'color': 1697420}, {'uri': 'spotify:user:kugelhagelx', 'name': 'kugelhagelx', 'followers_count': 13, 'color': 1697420}, {'uri': 'spotify:user:kurobon05', 'name': 'kurobon05', 'followers_count': 16, 'color': 11836360}, {'uri': 'spotify:user:kyler221594614', 'name': 'kyler221594614', 'followers_count': 13, 'color': 1697420}, {'uri': 'spotify:user:laufung02', 'name': 'laufung02', 'followers_count': 13, 'color': 16737335}, {'uri': 'spotify:user:aneeq70m04fypoie122gmbb2f', 'name': 'Lauren W.', 'image_url': 'https://i.scdn.co/image/ab6775700000ee85354c027e9ac1e920067ffcd3', 'followers_count': 41, 'color': 16085920}, {'uri': 'spotify:user:t5w0s4kzyc943zs5qvqalz0ia', 'name': 'Lavenxcia', 'image_url': 'https://i.scdn.co/image/ab6775700000ee85136c5631447d5f3323055836', 'followers_count': 10, 'color': 8211250}, {'uri': 'spotify:user:lbell61-us', 'name': 'lbell61-us', 'followers_count': 13, 'color': 8211250}, {'uri': 'spotify:user:legokyle78', 'name': 'legokyle78', 'followers_count': 16, 'color': 11836360}, {'uri': 'spotify:user:lena.epunkt-8', 'name': 'lena', 'image_url': 'https://i.scdn.co/image/ab6775700000ee85c8775c403834005dd5b813c0', 'followers_count': 18, 'color': 5282805}, {'uri': 'spotify:user:1124412292', 'name': 'Lenchen Tchn', 'image_url': 'https://scontent-atl3-2.xx.fbcdn.net/v/t1.6435-1/196332654_4039847642716972_3640512271907446759_n.jpg?stp=c63.0.320.320a_dst-jpg_p320x320&_nc_cat=104&ccb=1-7&_nc_sid=0c64ff&_nc_ohc=AQqL4U1XRnUAX9FELou&_nc_ht=scontent-atl3-2.xx&edm=AP4hL3IEAAAA&oh=00_AfDRi7c_lB1HF9u5UcDzzqTA9dJlfhRhtSHGEfbFWhsNKQ&oe=64B3E06B', 'followers_count': 68, 'color': 5282805}, {'uri': 'spotify:user:lainkonifer', 'name': 'Leo Royer', 'image_url': 'https://platform-lookaside.fbsbx.com/platform/profilepic/?asid=514579508893814&height=300&width=300&ext=1689514537&hash=AeRyP74TEymKuJMs-58', 'followers_count': 1, 'color': 11836360}, {'uri': 'spotify:user:funaads2sembxhf8h4oadrn2x', 'name': 'Leonardo', 'followers_count': 15, 'color': 16085920}, {'uri': 'spotify:user:ajae31gihaxgwinws8wt637cv', 'name': 'Letícia Bastos', 'image_url': 'https://i.scdn.co/image/ab6775700000ee85f11b799e5e37824e18df4bb8', 'followers_count': 13, 'color': 1697420}, {'uri': 'spotify:user:31lw4cgx3xffqjopb7yeypxmgllu', 'name': 'Lewis', 'followers_count': 4, 'color': 16085920}, {'uri': 'spotify:user:31ukhgmqo47xfby4cmzgzjwey3ai', 'name': 'LibrarySounds', 'image_url': 'https://i.scdn.co/image/ab6775700000ee8564ec1864f363e23c91e1f71f', 'followers_count': 14, 'color': 11836360}, {'uri': 'spotify:user:likemancz', 'name': 'likemancz', 'followers_count': 13, 'color': 16737335}, {'uri': 'spotify:user:likolp', 'name': 'likolp', 'followers_count': 13, 'color': 1697420}, {'uri': 'spotify:user:kiss.dani.danpax', 'name': 'Lil suny', 'image_url': 'https://i.scdn.co/image/ab6775700000ee85b8007c598aabfa725a67c9f9', 'followers_count': 34, 'color': 5282805}, {'uri': 'spotify:user:31a76etgi5fpjmbwwbauf74clllm', 'name': 'LINDA', 'followers_count': 2, 'color': 16085920}, {'uri': 'spotify:user:lindasambi78', 'name': 'lindasambi78', 'image_url': 'https://i.scdn.co/image/ab6775700000ee85439a4ccee3dc22e0989c5b19', 'followers_count': 13, 'color': 1697420}, {'uri': 'spotify:user:linux007', 'name': 'linux007', 'image_url': 'https://i.scdn.co/image/ab6775700000ee85191699e167cdf6cf6bbbdede', 'followers_count': 27, 'color': 11836360}, {'uri': 'spotify:user:amelissy', 'name': 'Lisa-Marie Amelie', 'image_url': 'https://platform-lookaside.fbsbx.com/platform/profilepic/?asid=589114994517479&height=300&width=300&ext=1689514537&hash=AeS9DiNL0v_WacQhq64', 'followers_count': 28, 'color': 8211250}, {'uri': 'spotify:user:31iuhwjxew53ap4wt2eshziefb5q', 'name': 'Lll', 'color': 16737335}, {'uri': 'spotify:user:uf5ueipttulu1qdoqe5m3lbjz', 'name': 'Lofi Boy', 'followers_count': 5, 'color': 16737335}, {'uri': 'spotify:user:31n4cgxwk2it53ih4dvstyjd4oza', 'name': 'lokesh', 'followers_count': 2, 'color': 16085920}, {'uri': 'spotify:user:lanlp9qj57t8ylnciyzxnlvj2', 'name': 'LOL', 'image_url': 'https://i.scdn.co/image/ab6775700000ee854b4012665ed450981db6c0f8', 'followers_count': 446, 'color': 11836360}, {'uri': 'spotify:user:31tdyty6sfhqy5orwdh4zngvmz4y', 'name': 'LowR', 'image_url': 'https://i.scdn.co/image/ab6775700000ee856a1c8f731e5bd82c9167a13d', 'followers_count': 2, 'color': 16737335}, {'uri': 'spotify:user:x5my2131ufp8omijo9bhw1sdo', 'name': 'Lp_04', 'image_url': 'https://i.scdn.co/image/ab6775700000ee85b8e759144fff10cc13ba36e4', 'followers_count': 4, 'color': 8211250}, {'uri': 'spotify:user:87rrzt2b9ha4bx4qtas32lg4k', 'name': 'LS_Dav', 'image_url': 'https://i.scdn.co/image/ab6775700000ee851cd7b1a4f0cf03cd9c6678c6', 'followers_count': 14, 'color': 1697420}, {'uri': 'spotify:user:ii648crn8ewepj73bwxbhork6', 'name': 'LT', 'image_url': 'https://i.scdn.co/image/ab6775700000ee85e14c5ba140ece03816a4e44b', 'followers_count': 7, 'color': 16737335}, {'uri': 'spotify:user:5n78yjnt9z5v9irz44yo047ud', 'name': 'Luahnofsand', 'followers_count': 9, 'color': 1697420}, {'uri': 'spotify:user:lucamagnani2006', 'name': 'lucamagnani2006', 'followers_count': 20, 'color': 16085920}, {'uri': 'spotify:user:fw43vruuz9xp6l4u8zvn423ef', 'name': 'LucaoreRyan', 'image_url': 'https://i.scdn.co/image/ab6775700000ee851085a6b6f9fc7bd80c5d32af', 'followers_count': 15, 'color': 8211250}, {'uri': 'spotify:user:lucyequinox', 'name': 'lucyequinox', 'followers_count': 5, 'color': 5282805}, {'uri': 'spotify:user:rqa9nvrq5tcetd9a0hegm898p', 'name': 'Luigimarino', 'followers_count': 9, 'color': 16085920}, {'uri': 'spotify:user:22lpvlsmey4aapeek4h34vara', 'name': 'Luis Castañeda', 'image_url': 'https://scontent-ord5-2.xx.fbcdn.net/v/t1.30497-1/84628273_176159830277856_972693363922829312_n.jpg?stp=c94.0.320.320a_dst-jpg_p320x320&_nc_cat=1&ccb=1-7&_nc_sid=12b3be&_nc_ohc=K-3THke9Q8AAX-1l4CI&_nc_ht=scontent-ord5-2.xx&edm=AP4hL3IEAAAA&oh=00_AfBy9xKBsVqshAYqKY4Zt9_rjSxrG9WjvBWUH2J90sPMHQ&oe=64B3EDD9', 'followers_count': 19, 'color': 16737335}, {'uri': 'spotify:user:luke2640-du', 'name': 'luke2640-du', 'followers_count': 13, 'color': 8211250}, {'uri': 'spotify:user:0duszeyktdjjfbjdebyvqo6yr', 'name': 'LUMV<4', 'image_url': 'https://i.scdn.co/image/ab6775700000ee851b104ef771a90684f1c62b0a', 'followers_count': 923, 'color': 16085920}, {'uri': 'spotify:user:izzydowler', 'name': 'Luna', 'image_url': 'https://i.scdn.co/image/ab6775700000ee8578e0ad4eb7f03e5c02eb6a8b', 'followers_count': 33, 'color': 16737335}, {'uri': 'spotify:user:6a8o7aor0z5jvbsnvpsafukoq', 'name': 'Lurkki', 'image_url': 'https://i.scdn.co/image/ab6775700000ee85c7e1ed6bc116e4639fa53d66', 'followers_count': 11, 'color': 5282805}, {'uri': 'spotify:user:11124807663', 'name': 'Lusy', 'image_url': 'https://i.scdn.co/image/ab6775700000ee857cf15108506c428e33b7a3fd', 'followers_count': 136, 'color': 11836360}, {'uri': 'spotify:user:7meu75mok291lu3en684m2j4u', 'name': 'M4 iconic', 'followers_count': 13, 'color': 16085920}, {'uri': 'spotify:user:madsdenallmektige', 'name': 'Mads Runar Haraldsen', 'image_url': 'https://scontent-sea1-1.xx.fbcdn.net/v/t39.30808-1/285163075_5219367398120918_8426902504886477339_n.jpg?stp=dst-jpg_p320x320&_nc_cat=108&ccb=1-7&_nc_sid=0c64ff&_nc_ohc=a4pmOweg81EAX8a4Uz9&_nc_ht=scontent-sea1-1.xx&edm=AP4hL3IEAAAA&oh=00_AfAPQxPAfmGdzgxCfX1xHzoIoJN86jQnU4DokFKstEtsuQ&oe=64913CEF', 'followers_count': 27, 'color': 1697420}, {'uri': 'spotify:user:12829571', 'name': 'Mala Nath', 'image_url': 'https://i.scdn.co/image/ab6775700000ee85867fc4e3d2303b21e7966dbd', 'followers_count': 261, 'color': 16085920}, {'uri': 'spotify:user:manauto1977', 'name': 'manauto1977', 'followers_count': 13, 'color': 8211250}, {'uri': 'spotify:user:manuwojke', 'name': 'manuwojke', 'image_url': 'https://i.scdn.co/image/ab6775700000ee85313fd9778486eaa3ec76d594', 'followers_count': 24, 'color': 8211250}, {'uri': 'spotify:user:0qx3dyuddza0ia9sbgcdo524g', 'name': 'Maoramgar', 'followers_count': 78, 'color': 8211250}, {'uri': 'spotify:user:maraiggoncalves', 'name': 'maraiggoncalves', 'followers_count': 28, 'color': 1697420}, {'uri': 'spotify:user:12153774847', 'name': 'Marana', 'image_url': 'https://i.scdn.co/image/ab6775700000ee85bb45c692997678aabcbd5d96', 'followers_count': 69, 'color': 16085920}, {'uri': 'spotify:user:11121067429', 'name': 'Marc Cor Gar', 'image_url': 'https://scontent-ord5-1.xx.fbcdn.net/v/t1.6435-1/107499406_3161708213911561_7530120485114010829_n.jpg?stp=dst-jpg_s320x320&_nc_cat=109&ccb=1-7&_nc_sid=0c64ff&_nc_ohc=Odh__DingbcAX9eLkBm&_nc_ht=scontent-ord5-1.xx&edm=AP4hL3IEAAAA&oh=00_AfCNKXxKZrnVMakNCus2gzeMiEP_olhU29nbY42XiHfLeQ&oe=64B3C0B2', 'followers_count': 93, 'color': 8211250}, {'uri': 'spotify:user:21jhxtgva3joqzqtgbxoymwei', 'name': 'Marcel Bödefeld', 'image_url': 'https://platform-lookaside.fbsbx.com/platform/profilepic/?asid=1730557310550320&height=300&width=300&ext=1689517524&hash=AeT1lsbLaQUKUmwSRzs', 'color': 5282805}, {'uri': 'spotify:user:marcinix180-pl', 'name': 'Marcin Karaskiewicz', 'image_url': 'https://platform-lookaside.fbsbx.com/platform/profilepic/?asid=1616958478587306&height=300&width=300&ext=1689514672&hash=AeStu7EWPk07jE3E28s', 'followers_count': 40, 'color': 5282805}, {'uri': 'spotify:user:11169179983', 'name': 'Marco Baranovič', 'image_url': 'https://platform-lookaside.fbsbx.com/platform/profilepic/?asid=864116376954408&height=300&width=300&ext=1689514537&hash=AeQWOdXpyzRW9UXOhyE', 'followers_count': 58, 'color': 11836360}, {'uri': 'spotify:user:mpramos006', 'name': 'Marcos', 'color': 11836360}, {'uri': 'spotify:user:marcovin14', 'name': 'marcovin14', 'image_url': 'https://i.scdn.co/image/ab6775700000ee85c36d9191a0723cd2b4037549', 'followers_count': 41, 'color': 16737335}, {'uri': 'spotify:user:11127482535', 'name': 'Maria Litsa', 'image_url': 'https://scontent-iad3-1.xx.fbcdn.net/v/t39.30808-1/289546743_10227163404968795_4815612812117506047_n.jpg?stp=dst-jpg_p320x320&_nc_cat=108&ccb=1-7&_nc_sid=0c64ff&_nc_ohc=4sfTh3Huk6AAX9GcbTa&_nc_ht=scontent-iad3-1.xx&edm=AP4hL3IEAAAA&oh=00_AfDzaEnAbzkyflUvQSfJsI69thuudmeDA-vh2B3DyOGc6w&oe=6490C325', 'followers_count': 107, 'color': 8211250}, {'uri': 'spotify:user:marianbnm', 'name': 'Marian Ciciric', 'image_url': 'https://i.scdn.co/image/ab6775700000ee85930216aa33d962d9dc38eb74', 'followers_count': 19, 'color': 16085920}, {'uri': 'spotify:user:1141998452', 'name': 'Mario', 'image_url': 'https://scontent-iad3-2.xx.fbcdn.net/v/t1.30497-1/143086968_2856368904622192_1959732218791162458_n.png?_nc_cat=1&ccb=1-7&_nc_sid=0c64ff&_nc_ohc=zv_8H7HUcBwAX_LTP7g&_nc_ht=scontent-iad3-2.xx&edm=AP4hL3IEAAAA&oh=00_AfCKponb-5ravqYfEjwGE1H1dhXovPa94BhsypEZwkmSWg&oe=64B3CCB8', 'followers_count': 49, 'color': 16085920}, {'uri': 'spotify:user:luzyjavi', 'name': 'Mario Escudero Arias', 'image_url': 'https://scontent-atl3-2.xx.fbcdn.net/v/t39.30808-1/334099289_147043434892114_904115311236355459_n.jpg?stp=dst-jpg_p320x320&_nc_cat=102&ccb=1-7&_nc_sid=0c64ff&_nc_ohc=XrkffIGa13AAX-TY2GM&_nc_oc=AQltW8bBQmXm_36s93Hwx3jquktdi4ZhuQ35wN0cG5yJLFN0ztlDqHCEuqi_gfhSgRU&_nc_ht=scontent-atl3-2.xx&edm=AP4hL3IEAAAA&oh=00_AfAkAaKnPGt-ABzVNflk6kqSvvcrY-2dX1enB5c80u9FiQ&oe=6491E382', 'followers_count': 131, 'color': 16737335}, {'uri': 'spotify:user:reyluma', 'name': 'Mario Reyman', 'image_url': 'https://platform-lookaside.fbsbx.com/platform/profilepic/?asid=635922476476884&height=300&width=300&ext=1689516384&hash=AeSH1SO6P7xH7Mnz5LI', 'followers_count': 14, 'color': 16737335}, {'uri': 'spotify:user:21n6s7uofeefi5myoac6jcyti', 'name': 'Mark David Hall', 'image_url': 'https://platform-lookaside.fbsbx.com/platform/profilepic/?asid=541204212924930&height=300&width=300&ext=1689517524&hash=AeSPLX9BEE41PhRIke4', 'followers_count': 20, 'color': 5282805}, {'uri': 'spotify:user:martijn1234321', 'name': 'martijn1234321', 'followers_count': 12, 'color': 11836360}, {'uri': 'spotify:user:12172846815', 'name': 'Martin Chavez', 'image_url': 'https://scontent-lga3-2.xx.fbcdn.net/v/t39.30808-1/339354353_705881334872272_859554057673526906_n.jpg?stp=dst-jpg_p320x320&_nc_cat=107&ccb=1-7&_nc_sid=0c64ff&_nc_ohc=JWUr15cXNK4AX9ofMw-&_nc_ht=scontent-lga3-2.xx&edm=AP4hL3IEAAAA&oh=00_AfBtFzlkzYU7nzghr6u9C8TYa4l_TuNeEA_qRta4ob7B8A&oe=6491B8B0', 'followers_count': 26, 'color': 16737335}, {'uri': 'spotify:user:46ra46w0irognh5acmjtsqkbp', 'name': 'Mateo Alarcon', 'image_url': 'https://platform-lookaside.fbsbx.com/platform/profilepic/?asid=531055087238398&height=300&width=300&ext=1689515874&hash=AeQxlTfrZKLYoEgZgq4', 'followers_count': 21, 'color': 16737335}, {'uri': 'spotify:user:12157813276', 'name': 'Mateus Henrique Sequeira', 'image_url': 'https://scontent-iad3-2.xx.fbcdn.net/v/t1.6435-1/59401438_2238861826235029_7074404520603680768_n.jpg?stp=dst-jpg_p320x320&_nc_cat=111&ccb=1-7&_nc_sid=0c64ff&_nc_ohc=RdFcfsFh78QAX_F5aqV&_nc_ht=scontent-iad3-2.xx&edm=AP4hL3IEAAAA&oh=00_AfDjcmnaeyE-Cy64FCd206wBljkY9mCl_BJUweJdli09aw&oe=64B3BD6C', 'followers_count': 72, 'color': 11836360}, {'uri': 'spotify:user:matitiahu', 'name': 'Mateus Noronha', 'image_url': 'https://scontent-atl3-1.xx.fbcdn.net/v/t1.6435-1/72819665_2346139608828869_4903909752091705344_n.jpg?stp=dst-jpg_p320x320&_nc_cat=106&ccb=1-7&_nc_sid=0c64ff&_nc_ohc=f6zT6lvVN4QAX-fLi6R&_nc_ht=scontent-atl3-1.xx&edm=AP4hL3IEAAAA&oh=00_AfDw0KpZnnWIoU-1dscUPXFfNevfiKjVVLXXTiEm3BzElw&oe=64B3BF13', 'followers_count': 200, 'color': 16085920}, {'uri': 'spotify:user:matheus.doboio', 'name': 'matheus.doboio', 'image_url': 'https://i.scdn.co/image/ab6775700000ee8590d150f09d19ffe41f4bfb56', 'followers_count': 24, 'color': 8211250}, {'uri': 'spotify:user:mathi_miranda', 'name': 'Mathias Miranda', 'image_url': 'https://platform-lookaside.fbsbx.com/platform/profilepic/?asid=10204029289679024&height=300&width=300&ext=1689510296&hash=AeQzxz1XcF654nONml4', 'followers_count': 44, 'color': 11836360}, {'uri': 'spotify:user:federalxd', 'name': 'Matias Alonso Abarca', 'image_url': 'https://scontent.fmaa10-1.fna.fbcdn.net/v/t39.30808-1/306599564_5951465064885333_4604096261322954845_n.jpg?stp=dst-jpg_s320x320&_nc_cat=101&ccb=1-7&_nc_sid=0c64ff&_nc_ohc=4E9HoTF98dIAX80DU8R&_nc_ht=scontent.fmaa10-1.fna&edm=AP4hL3IEAAAA&oh=00_AfAIiqgEbarduax0JcSnsyOq_VekuIjoU4On8E5gXE9ciA&oe=64908F61', 'followers_count': 22, 'color': 1697420}, {'uri': 'spotify:user:31md2hk4yydma2hedquti6blseuy', 'name': 'Matin Khosh', 'image_url': 'https://platform-lookaside.fbsbx.com/platform/profilepic/?asid=205957330607781&height=300&width=300&ext=1689517524&hash=AeQPEbZxVDNjfHFzXgo', 'followers_count': 12, 'color': 16737335}, {'uri': 'spotify:user:11121350754', 'name': 'Mattia Fabris', 'image_url': 'https://scontent-sea1-1.xx.fbcdn.net/v/t1.18169-1/12115809_10154151637656100_4226096620837341970_n.jpg?stp=dst-jpg_p320x320&_nc_cat=107&ccb=1-7&_nc_sid=0c64ff&_nc_ohc=dCFrcwK_CikAX8fx5W3&_nc_ht=scontent-sea1-1.xx&edm=AP4hL3IEAAAA&oh=00_AfBTsCU685Kz89E3ztAgmNHWMBtMukmNcpBh77J04PQ5iw&oe=64B3DE0A', 'followers_count': 102, 'color': 11836360}, {'uri': 'spotify:user:sulinek111', 'name': 'Matěj Vlasák', 'image_url': 'https://platform-lookaside.fbsbx.com/platform/profilepic/?asid=1996012777307900&height=300&width=300&ext=1689514537&hash=AeSa4AEs6HemU1DsK5o', 'followers_count': 18, 'color': 1697420}, {'uri': 'spotify:user:12163004898', 'name': 'Max Nelson', 'image_url': 'https://platform-lookaside.fbsbx.com/platform/profilepic/?asid=756384934392244&height=300&width=300&ext=1689520506&hash=AeSyXEBzbnbxUMDi8zk', 'followers_count': 46, 'color': 11836360}, {'uri': 'spotify:user:maxi334115', 'name': 'maxi334115', 'followers_count': 12, 'color': 16737335}, {'uri': 'spotify:user:11162993978', 'name': 'Maximilian Sieg', 'image_url': 'https://scontent-atl3-1.xx.fbcdn.net/v/t39.30808-1/244424367_4396793667066403_4432925202397218650_n.jpg?stp=c0.67.320.320a_dst-jpg_p320x320&_nc_cat=109&ccb=1-7&_nc_sid=0c64ff&_nc_ohc=_eZoLhDbaBUAX8lm7WC&_nc_ht=scontent-atl3-1.xx&edm=AP4hL3IEAAAA&oh=00_AfC1ZX3BUGB5Upsn82bq-j1sa5ZHzBCl-VUSvXOqR7U8-Q&oe=6492191D', 'followers_count': 59, 'color': 11836360}, {'uri': 'spotify:user:31azslnb4tt4ruedxbnfawrvedym', 'name': 'Md Sobhe Sadik', 'image_url': 'https://i.scdn.co/image/ab6775700000ee8506c9e10ab47c6ac6cf275270', 'followers_count': 2, 'color': 5282805}, {'uri': 'spotify:user:mekhikahiu101', 'name': 'mekhikahiu101', 'followers_count': 22, 'color': 16737335}, {'uri': 'spotify:user:unkissable', 'name': 'Melissa Adams', 'image_url': 'https://platform-lookaside.fbsbx.com/platform/profilepic/?asid=778827185475850&height=300&width=300&ext=1689513486&hash=AeT6IGQEyXcdcs5z9BI', 'followers_count': 23, 'color': 16085920}, {'uri': 'spotify:user:12187062390', 'name': 'Mi Ko', 'image_url': 'https://platform-lookaside.fbsbx.com/platform/profilepic/?asid=978463935510826&height=300&width=300&ext=1689514310&hash=AeRILY11HV5W7Nnnbw4', 'followers_count': 35, 'color': 16737335}, {'uri': 'spotify:user:21d6bs74iebbpj2v5oc3adrfa', 'name': 'Michael Lawless', 'image_url': 'https://platform-lookaside.fbsbx.com/platform/profilepic/?asid=420444324954779&height=300&width=300&ext=1689517524&hash=AeRL9W4sFwy8gdi6jDg', 'followers_count': 19, 'color': 16737335}, {'uri': 'spotify:user:martinezfrost3', 'name': 'Michael Martinez', 'image_url': 'https://i.scdn.co/image/ab6775700000ee85b874edcd1cb4a7dab2659f81', 'followers_count': 13, 'color': 1697420}, {'uri': 'spotify:user:swimboy24', 'name': 'MichaelP24', 'followers_count': 23, 'color': 11836360}, {'uri': 'spotify:user:3u0ncmxcy8zi1aso55mbssgpi', 'name': 'Michi', 'followers_count': 11, 'color': 16737335}, {'uri': 'spotify:user:dxmsqnjwetv2e31ik97bplzq5', 'name': 'michi7378', 'image_url': 'https://i.scdn.co/image/ab6775700000ee85623b02462ae44b8241d26d7d', 'followers_count': 7, 'color': 11836360}, {'uri': 'spotify:user:21ojl2x7ilfukg7m4zu6o5p2i', 'name': 'Michiel Horckmans', 'image_url': 'https://platform-lookaside.fbsbx.com/platform/profilepic/?asid=181493765588715&height=300&width=300&ext=1689513628&hash=AeTW8_LGzB-VCRbSrDA', 'followers_count': 29, 'color': 11836360}, {'uri': 'spotify:user:21m7vbs3isnk3yttdv37abagy', 'name': 'Miguel Mansur', 'image_url': 'https://i.scdn.co/image/ab6775700000ee859af863cdc3828f7acfa193ef', 'followers_count': 31, 'color': 1697420}, {'uri': 'spotify:user:migasribeiro97', 'name': 'Miguel Ribeiro', 'image_url': 'https://i.scdn.co/image/ab6775700000ee8514bc30ca2fc14b41e06df018', 'followers_count': 105, 'color': 11836360}, {'uri': 'spotify:user:2e57xiih6i69zx14dkri83w3i', 'name': 'Mihael', 'followers_count': 13, 'color': 16085920}, {'uri': 'spotify:user:315qsez25y5mwz22qldxzhqaglgu', 'name': 'Mirco Winkler', 'image_url': 'https://platform-lookaside.fbsbx.com/platform/profilepic/?asid=112325743616390&height=300&width=300&ext=1689517524&hash=AeTzfjf0fqt4TG1NZHA', 'followers_count': 23, 'color': 16085920}, {'uri': 'spotify:user:3175ocmz7nbs6cyi5gbjqv6vhogq', 'name': 'Mk', 'followers_count': 21, 'color': 16737335}, {'uri': 'spotify:user:eit%C3%A4h%C3%A4nkelpaamik%C3%A4%C3%A4n', 'name': 'Mmm', 'followers_count': 35, 'color': 1697420}, {'uri': 'spotify:user:moddingarmy', 'name': 'moddingarmy', 'followers_count': 11, 'color': 11836360}, {'uri': 'spotify:user:uajcy90qfdw6p27uoamuzxr8o', 'name': 'MohammedFaisal', 'followers_count': 9, 'color': 16737335}, {'uri': 'spotify:user:moisesitaliano', 'name': 'moisesitaliano', 'image_url': 'https://i.scdn.co/image/ab6775700000ee859dc9a24eb7439ea120bf165b', 'followers_count': 25, 'color': 1697420}, {'uri': 'spotify:user:mushamgm86', 'name': 'Moisés González', 'image_url': 'https://i.scdn.co/image/ab6775700000ee85ea9fd52b89eb83de5453b115', 'followers_count': 56, 'color': 16085920}, {'uri': 'spotify:user:ciqm0qesgqwk2ja9j4wp2ezut', 'name': 'Mojo', 'image_url': 'https://i.scdn.co/image/ab6775700000ee85f70e8b262ec111976befe77c', 'followers_count': 73, 'color': 11836360}, {'uri': 'spotify:user:09ha153m', 'name': 'momo', 'followers_count': 81, 'color': 5282805}, {'uri': 'spotify:user:ecql10cxdm704h0jw5v80ga3e', 'name': 'Montymonowar', 'followers_count': 5, 'color': 5282805}, {'uri': 'spotify:user:tdxa58n7lbqmz4iepjlq1d0hb', 'name': 'MOOD05', 'followers_count': 14, 'color': 5282805}, {'uri': 'spotify:user:31uls6peejgjiwrdl3tzhbo72yz4', 'name': 'Moreira.nandinhp', 'color': 11836360}, {'uri': 'spotify:user:mosesbrown99', 'name': 'mosesbrown99', 'followers_count': 11, 'color': 8211250}, {'uri': 'spotify:user:31iidcvcpnfm3xpeiwbj65szz7xy', 'name': 'Mouhib Awedni', 'image_url': 'https://platform-lookaside.fbsbx.com/platform/profilepic/?asid=2251480305123226&height=300&width=300&ext=1689517524&hash=AeQP7iOcSoP_XCMSco0', 'followers_count': 6, 'color': 16085920}, {'uri': 'spotify:user:moyses-lessa13', 'name': 'moyses-lessa13', 'followers_count': 11, 'color': 1697420}, {'uri': 'spotify:user:mpclshow', 'name': 'mpclshow', 'followers_count': 17, 'color': 8211250}, {'uri': 'spotify:user:31ksoevoshzxqanbt7doj5wldcdq', 'name': 'Mpupo', 'followers_count': 2, 'color': 1697420}, {'uri': 'spotify:user:mrhispanic', 'name': 'MrHispanic', 'image_url': 'https://i.scdn.co/image/ab6775700000ee858041679dc972d82f0b53702f', 'followers_count': 27, 'color': 16737335}, {'uri': 'spotify:user:mrzixon', 'name': 'mrzixon', 'followers_count': 10, 'color': 11836360}, {'uri': 'spotify:user:maimounatal', 'name': 'MT', 'image_url': 'https://i.scdn.co/image/ab6775700000ee850e3ca3cdbbd2474b56354cd3', 'followers_count': 3, 'color': 8211250}, {'uri': 'spotify:user:muebg4eu5oo1xrf9yezeqass7', 'name': 'muebg4eu5oo1xrf9yezeqass7', 'followers_count': 3, 'color': 8211250}, {'uri': 'spotify:user:31evxeoqetyb7tw2pz4xhzuxmksa', 'name': 'Munmi Gayan', 'followers_count': 1, 'color': 5282805}, {'uri': 'spotify:user:31blryntdt67ur255jvsz7442c7a', 'name': 'MUSICWORLD_002', 'image_url': 'https://platform-lookaside.fbsbx.com/platform/profilepic/?asid=399143918433144&height=300&width=300&ext=1689517524&hash=AeSg21p6uJ7B4kpBrv4', 'followers_count': 4, 'color': 5282805}, {'uri': 'spotify:user:bbe8q2dw18n6haiuhs1iyogx4', 'name': 'Musukashota', 'followers_count': 13, 'color': 8211250}, {'uri': 'spotify:user:rxk3ujptp6hz7lxz1if2m862e', 'name': 'Mvsbah J', 'image_url': 'https://i.scdn.co/image/ab6775700000ee8509780dd8ba6f4d629ba0b46f', 'followers_count': 3, 'color': 8211250}, {'uri': 'spotify:user:12166580014', 'name': 'Myron Zhang', 'image_url': 'https://scontent-iad3-2.xx.fbcdn.net/v/t1.18169-1/21150067_801332336704360_2586734578929845090_n.jpg?stp=c0.51.320.320a_dst-jpg_p320x320&_nc_cat=111&ccb=1-7&_nc_sid=0c64ff&_nc_ohc=dYpy2S1y1j8AX-SuTiW&_nc_ht=scontent-iad3-2.xx&edm=AP4hL3IEAAAA&oh=00_AfBbzDi3a-0wlTKm92hzp_h_LzbzDTSORWVkrDd89uQp5A&oe=64B3E087', 'followers_count': 29, 'color': 11836360}, {'uri': 'spotify:user:31p75tqt5raia4wmnskdffj46vwe', 'name': 'Música EDM', 'image_url': 'https://i.scdn.co/image/ab6775700000ee85e21c3190ac1bebd8cfe94a5f', 'followers_count': 2, 'color': 8211250}, {'uri': 'spotify:user:nabilahfebr', 'name': 'nabilahfebr', 'image_url': 'https://platform-lookaside.fbsbx.com/platform/profilepic/?asid=745690682118513&height=300&width=300&ext=1689485293&hash=AeRMyS9Ez1m3p2hscqw', 'followers_count': 9, 'color': 16737335}, {'uri': 'spotify:user:bv7lvi4sovz4hx5qs7ratwuvs', 'name': 'nadirss', 'followers_count': 13, 'color': 16737335}, {'uri': 'spotify:user:117908008', 'name': 'Naeniia', 'image_url': 'https://i.scdn.co/image/ab6775700000ee858453a2050d06514e07acbeb5', 'followers_count': 133, 'color': 8211250}, {'uri': 'spotify:user:matias092', 'name': 'naiknnn', 'followers_count': 11, 'color': 11836360}, {'uri': 'spotify:user:namdaman1', 'name': 'namdaman1', 'followers_count': 10, 'color': 5282805}, {'uri': 'spotify:user:31oupis5fxgxgscmkueitktmb7ke', 'name': 'NamDuong', 'followers_count': 2, 'color': 11836360}, {'uri': 'spotify:user:nando2204', 'name': 'nando2204', 'followers_count': 11, 'color': 5282805}, {'uri': 'spotify:user:12182319371', 'name': 'Naori', 'image_url': 'https://i.scdn.co/image/ab6775700000ee851aadbb0910c30ab66b79a8ca', 'followers_count': 23, 'color': 1697420}, {'uri': 'spotify:user:31rynqa3ohp3l66wig57ejpr7yde', 'name': 'Nate', 'color': 5282805}, {'uri': 'spotify:user:1229456387', 'name': 'Nathan Chen', 'image_url': 'https://scontent-iad3-2.xx.fbcdn.net/v/t1.6435-1/61439657_2157073837746293_6976110002146639872_n.jpg?stp=dst-jpg_p320x320&_nc_cat=100&ccb=1-7&_nc_sid=0c64ff&_nc_ohc=0FFlBSmlKIMAX9kRSbQ&_nc_ht=scontent-iad3-2.xx&edm=AP4hL3IEAAAA&oh=00_AfAjZ9Jzgdk4Lm2Le8qSvWCyEVTis-HkSoxPA1PJF-eDdg&oe=64B35905', 'followers_count': 239, 'color': 5282805}, {'uri': 'spotify:user:nallelhy811', 'name': 'Naye💕', 'image_url': 'https://i.scdn.co/image/ab6775700000ee85fd895d18847c4cbdc9f81032', 'followers_count': 37, 'color': 8211250}, {'uri': 'spotify:user:ndttung8487', 'name': 'ndttung8487', 'image_url': 'https://i.scdn.co/image/ab6775700000ee85de1d552fa369cb32d9101ddb', 'followers_count': 8, 'color': 8211250}, {'uri': 'spotify:user:nedishezga', 'name': 'nedishezga', 'followers_count': 16, 'color': 16737335}, {'uri': 'spotify:user:neilyohsis', 'name': 'neilyohsis', 'followers_count': 11, 'color': 1697420}, {'uri': 'spotify:user:znbcmyqxu9k0b63hozg03l6ig', 'name': 'Neon Fur', 'followers_count': 44, 'color': 8211250}, {'uri': 'spotify:user:netfreeze', 'name': 'netfreeze', 'followers_count': 11, 'color': 5282805}, {'uri': 'spotify:user:nh.n.15', 'name': 'nh.n.15', 'image_url': 'https://i.scdn.co/image/ab6775700000ee856260bc42444fe9091a428edd', 'followers_count': 11, 'color': 16085920}, {'uri': 'spotify:user:niafree23', 'name': 'niafree23', 'image_url': 'https://i.scdn.co/image/ab6775700000ee85d818e030729e443413f4ce8e', 'followers_count': 11, 'color': 8211250}, {'uri': 'spotify:user:12132632991', 'name': 'Nick Smith', 'image_url': 'https://scontent-iad3-1.xx.fbcdn.net/v/t1.6435-1/34045731_1737315536344793_5524478624524140544_n.jpg?stp=dst-jpg_p320x320&_nc_cat=107&ccb=1-7&_nc_sid=0c64ff&_nc_ohc=zgBb-OmCD5AAX9_uzcM&_nc_ht=scontent-iad3-1.xx&edm=AP4hL3IEAAAA&oh=00_AfBly70ZwtVVyiM7bTXG04Y7P-cH7fLhsxxos7556Q6r5Q&oe=64B3DBA1', 'followers_count': 29, 'color': 16737335}, {'uri': 'spotify:user:nicosc3', 'name': 'Nico Scimitarra', 'image_url': 'https://scontent-sea1-1.xx.fbcdn.net/v/t39.30808-1/272297641_10228271006303994_2483900973442856140_n.jpg?stp=dst-jpg_p320x320&_nc_cat=109&ccb=1-7&_nc_sid=0c64ff&_nc_ohc=vVj5NcYahn0AX8xVNQL&_nc_ht=scontent-sea1-1.xx&edm=AP4hL3IEAAAA&oh=00_AfBgucDELUuICX7Qb5LIE8UxvU0pcRnzH8OFbQGKlOp5YQ&oe=64904EB5', 'followers_count': 36, 'color': 5282805}, {'uri': 'spotify:user:nicobglow', 'name': 'nicobglow', 'followers_count': 39, 'color': 16737335}, {'uri': 'spotify:user:212s4et64itydfj4qndjfml5q', 'name': 'Nicolas Bride', 'image_url': 'https://platform-lookaside.fbsbx.com/platform/profilepic/?asid=277367119388507&height=300&width=300&ext=1689514537&hash=AeQ_JV6pT3PLUWKYMLo', 'followers_count': 5, 'color': 8211250}, {'uri': 'spotify:user:niicogonz%C3%A1lez', 'name': 'niicogonzález', 'image_url': 'https://i.scdn.co/image/ab6775700000ee8546f4a3478f114d5a2e646290', 'followers_count': 38, 'color': 16737335}, {'uri': 'spotify:user:es2a8ekb60mpn1i0a928d02l3', 'name': 'Nikki', 'image_url': 'https://i.scdn.co/image/ab6775700000ee854f006b0e6af89a77cd413f09', 'followers_count': 5, 'color': 16737335}, {'uri': 'spotify:user:qdh9k4ld43ar8ztq1vat6vmua', 'name': 'NiNa HaLiM', 'followers_count': 289, 'color': 11836360}, {'uri': 'spotify:user:x2hpdxq70cvc5xrn7s8t7cgm0', 'name': 'Niros', 'image_url': 'https://platform-lookaside.fbsbx.com/platform/profilepic/?asid=10203077489331532&height=300&width=300&ext=1689520643&hash=AeQ2t-5EIxD8PVucf_k', 'followers_count': 14, 'color': 1697420}, {'uri': 'spotify:user:31tedetmclie3yssn5gun6g62mem', 'name': 'Nishant', 'followers_count': 6, 'color': 11836360}, {'uri': 'spotify:user:5o77g7qatt7zbvnxeindt1gd7', 'name': 'no', 'followers_count': 16, 'color': 8211250}, {'uri': 'spotify:user:novatax', 'name': 'novatax', 'followers_count': 35, 'color': 8211250}, {'uri': 'spotify:user:c1o0g2j2rnqfxp2uxvdtiujhd', 'name': 'Nursultan', 'followers_count': 10, 'color': 16085920}, {'uri': 'spotify:user:fjly8ojum95y1ewyyhawv5cpf', 'name': 'Nyiku', 'image_url': 'https://i.scdn.co/image/ab6775700000ee85c48b1c93f0e2dbbf1d52a40a', 'followers_count': 9, 'color': 16085920}, {'uri': 'spotify:user:obviouslybia', 'name': 'obviouslybia', 'followers_count': 77, 'color': 16085920}, {'uri': 'spotify:user:c73bpvkomqis4legew7lv0xu2', 'name': 'Oleksandrshugaiev', 'followers_count': 15, 'color': 1697420}, {'uri': 'spotify:user:gostyleking', 'name': 'Olexius', 'image_url': 'https://i.scdn.co/image/ab6775700000ee8541221344adcc59bd11dbd3a1', 'followers_count': 22, 'color': 8211250}, {'uri': 'spotify:user:ouur22bh9tj2hxgqx1yau0wax', 'name': 'Oliveira_Diogo', 'image_url': 'https://i.scdn.co/image/ab6775700000ee85f71e9f61bb803b456014b534', 'followers_count': 4, 'color': 5282805}, {'uri': 'spotify:user:oliver.1707', 'name': 'oliver.1707', 'followers_count': 10, 'color': 16085920}, {'uri': 'spotify:user:invictagym', 'name': 'Omar Danae', 'image_url': 'https://scontent.fmaa10-1.fna.fbcdn.net/v/t39.30808-1/323623481_3524156964495299_4761543677079963024_n.jpg?stp=dst-jpg_p320x320&_nc_cat=100&ccb=1-7&_nc_sid=0c64ff&_nc_ohc=vsIeE8QMxZAAX_jq7RF&_nc_ht=scontent.fmaa10-1.fna&edm=AP4hL3IEAAAA&oh=00_AfCTm2qKR5gEn3FxvHD7_k5otW7_lgC2gcUTkju07ZDgTw&oe=6491ED23', 'followers_count': 20, 'color': 5282805}, {'uri': 'spotify:user:22knkgh4dpzp3cgplovibzjla', 'name': 'Otávio Bruno', 'image_url': 'https://platform-lookaside.fbsbx.com/platform/profilepic/?asid=10201327297777642&height=300&width=300&ext=1689504781&hash=AeTCSdyZ2eqLu5cfm6Y', 'followers_count': 38, 'color': 16085920}, {'uri': 'spotify:user:x4242q72gr3eho9j5ucuhfab0', 'name': 'OUCS world', 'followers_count': 9, 'color': 16737335}, {'uri': 'spotify:user:ix3kg2ncztk8rd8w7hd51w927', 'name': 'Over Proxy eSports', 'image_url': 'https://i.scdn.co/image/ab6775700000ee85ce0f950bd39b032bc4af26f1', 'followers_count': 5, 'color': 16737335}, {'uri': 'spotify:user:annoyingsimia', 'name': 'Owen Thompson', 'image_url': 'https://platform-lookaside.fbsbx.com/platform/profilepic/?asid=737995032919323&height=300&width=300&ext=1689514537&hash=AeS2uGhYzhxZ5xlcHy0', 'followers_count': 23, 'color': 11836360}, {'uri': 'spotify:user:p5mhb6n8x00ahml1dgiljsx49', 'name': 'p5mhb6n8x00ahml1dgiljsx49', 'followers_count': 10, 'color': 1697420}, {'uri': 'spotify:user:garganovich', 'name': 'Pablo Guill Montero', 'image_url': 'https://i.scdn.co/image/ab6775700000ee85fd78fc4e0284a07d6145aeb0', 'followers_count': 7, 'color': 1697420}, {'uri': 'spotify:user:1287025362', 'name': 'Pablo Peña', 'image_url': 'https://scontent-iad3-1.xx.fbcdn.net/v/t39.30808-1/225009541_4213074805414498_6493081258999391014_n.jpg?stp=dst-jpg_p320x320&_nc_cat=107&ccb=1-7&_nc_sid=0c64ff&_nc_ohc=NvSLGP4PzP0AX-dn2xl&_nc_ht=scontent-iad3-1.xx&edm=AP4hL3IEAAAA&oh=00_AfAnqv9YGSoea-mZbE1X7DDE_A2LkKuDYHFMH7J67PlhDA&oe=64907609', 'followers_count': 68, 'color': 11836360}, {'uri': 'spotify:user:pablohp36', 'name': 'pablohp36', 'followers_count': 10, 'color': 8211250}, {'uri': 'spotify:user:nguyen_asian22', 'name': 'pandaaa.vic', 'followers_count': 12, 'color': 16085920}, {'uri': 'spotify:user:313jlb7wv2f5lg5rckdwzrym6auu', 'name': 'Parvinmarina', 'followers_count': 7, 'color': 16085920}, {'uri': 'spotify:user:31ma3rhmou5il4tya353l47vnole', 'name': 'Patrickmaurer', 'followers_count': 2, 'color': 16085920}, {'uri': 'spotify:user:paulgligor', 'name': 'paul', 'image_url': 'https://i.scdn.co/image/ab6775700000ee85dcd0716ff52be16d024a130c', 'followers_count': 2, 'color': 5282805}, {'uri': 'spotify:user:pawelko', 'name': 'pawelko', 'image_url': 'https://i.scdn.co/image/ab6775700000ee855922c473141ea7b06d3fe133', 'followers_count': 201, 'color': 1697420}, {'uri': 'spotify:user:2157zkqzk6jfcodo4hln3s4sy', 'name': 'Peacock', 'followers_count': 45, 'color': 5282805}, {'uri': 'spotify:user:pedroenano92', 'name': 'pedroenano92', 'followers_count': 7, 'color': 16085920}, {'uri': 'spotify:user:pedrosantos1234-br', 'name': 'pedrosantos1234-br', 'followers_count': 11, 'color': 11836360}, {'uri': 'spotify:user:penesun', 'name': 'penesun', 'followers_count': 14, 'color': 5282805}, {'uri': 'spotify:user:31yxyw56laeha5qftqto4vcijkra', 'name': 'perceiveentropy', 'image_url': 'https://i.scdn.co/image/ab6775700000ee850f690aeb685532fe4b5ed60a', 'followers_count': 6, 'color': 16737335}, {'uri': 'spotify:user:315wuuvjtqojkkzojzysnmag5tjy', 'name': 'Phatthanaphon Phiphatphon', 'image_url': 'https://platform-lookaside.fbsbx.com/platform/profilepic/?asid=230772058490646&height=300&width=300&ext=1689520643&hash=AeTYxIsaYEcIhyIPGbo', 'followers_count': 13, 'color': 1697420}, {'uri': 'spotify:user:dy7g7a3228t12rsckahyfhff2', 'name': 'Phoenix', 'image_url': 'https://i.scdn.co/image/ab6775700000ee85d666320b24f6d68f916cfa14', 'followers_count': 14, 'color': 11836360}, {'uri': 'spotify:user:317iohzusxgqycbtxfdvbdcejuam', 'name': 'Phúc Thiên (Phúc)', 'followers_count': 8, 'color': 16085920}, {'uri': 'spotify:user:pieter-1960', 'name': 'pieter-1960', 'followers_count': 20, 'color': 16737335}, {'uri': 'spotify:user:22ovekiyomq7ky7nhhe5xxtui', 'name': 'Pietro Silva', 'image_url': 'https://platform-lookaside.fbsbx.com/platform/profilepic/?asid=611359299031839&height=300&width=300&ext=1689517524&hash=AeRXMvolNe1DLwl1Ank', 'followers_count': 20, 'color': 16737335}, {'uri': 'spotify:user:31opwjjvc7qjlkr3rx5lxwz7rurm', 'name': 'PIKACHUPLAYERyt', 'followers_count': 3, 'color': 1697420}, {'uri': 'spotify:user:l91dyck0lcrhjkmobyhg46tz7', 'name': 'Pille', 'followers_count': 11, 'color': 16737335}, {'uri': 'spotify:user:1mfxedwdklbo7ks587guiw4sg', 'name': 'Piotr Rajchel', 'image_url': 'https://i.scdn.co/image/ab6775700000ee85b0904cd369c151158a6c1af7', 'followers_count': 5, 'color': 1697420}, {'uri': 'spotify:user:piukachu', 'name': 'piukachu', 'followers_count': 13, 'color': 5282805}, {'uri': 'spotify:user:wak01wonk9gclvt385vhjo6qb', 'name': 'poker_pooyan', 'image_url': 'https://i.scdn.co/image/ab6775700000ee8582e61c694f39738cf7c05850', 'followers_count': 25, 'color': 16085920}, {'uri': 'spotify:user:polyazvd', 'name': 'polyazvd', 'followers_count': 60, 'color': 1697420}, {'uri': 'spotify:user:potatobr730', 'name': 'potatobr730', 'followers_count': 15, 'color': 11836360}, {'uri': 'spotify:user:wyzr8c3wrnyv5gcu2kc49ufrj', 'name': 'poy', 'image_url': 'https://i.scdn.co/image/ab6775700000ee85059e96ea5cb9c13e3fc5b5d2', 'followers_count': 32, 'color': 5282805}, {'uri': 'spotify:user:31f6thztbqq6s52wsui2ranabjki', 'name': 'Pragya prayash kashyap', 'image_url': 'https://i.scdn.co/image/ab6775700000ee85ed04f08bc04874ed142f7087', 'followers_count': 14, 'color': 1697420}, {'uri': 'spotify:user:b88hm6re8y7jjqazwuvy1o0hz', 'name': 'Prashant Panda', 'followers_count': 18, 'color': 8211250}, {'uri': 'spotify:user:pezlauf7qt247oi6iofqlvtml', 'name': 'Pride', 'followers_count': 12, 'color': 5282805}, {'uri': 'spotify:user:orem9tzj08f6a3xwslkinhj59', 'name': 'Prima Jordie Ridha Edwiyana', 'followers_count': 11, 'color': 16085920}, {'uri': 'spotify:user:psycho1343', 'name': 'psycho1343', 'followers_count': 10, 'color': 8211250}, {'uri': 'spotify:user:31i2rb3hvhhwo4od4udbdwi27cq4', 'name': 'puchu', 'image_url': 'https://i.scdn.co/image/ab6775700000ee858de7dd2824c70c145294bd3d', 'followers_count': 7, 'color': 11836360}, {'uri': 'spotify:user:51jx7mdjyf7x5xdq7nwwrcvd7', 'name': 'Pug_A_Duck', 'image_url': 'https://i.scdn.co/image/ab6775700000ee8563a3c5bab2181534cd05bbaa', 'followers_count': 8, 'color': 5282805}, {'uri': 'spotify:user:purecows', 'name': 'purecows', 'followers_count': 11, 'color': 5282805}, {'uri': 'spotify:user:qmt8fmra8wwkr2bbn39rph7vh', 'name': 'qmt8fmra8wwkr2bbn39rph7vh', 'followers_count': 12, 'color': 16085920}, {'uri': 'spotify:user:31mkakrr7ybbvlofiodjitwipilm', 'name': 'Quantum_DJ', 'followers_count': 2, 'color': 16737335}, {'uri': 'spotify:user:1123758708', 'name': 'Radi Badidi', 'image_url': 'https://scontent-iad3-1.xx.fbcdn.net/v/t1.18169-1/264347_180376442021381_1314152_n.jpg?stp=c53.0.320.320a_dst-jpg_p320x320&_nc_cat=108&ccb=1-7&_nc_sid=0c64ff&_nc_ohc=i8TUSl51BTcAX_gB67h&_nc_ht=scontent-iad3-1.xx&edm=AP4hL3IEAAAA&oh=00_AfAJpxrbqFjoSoMSS3dHp9lxvcN4PrzlY8ru8pKD3_-NeA&oe=64B3D7EC', 'followers_count': 73, 'color': 11836360}, {'uri': 'spotify:user:uqayuappg7qye89r82hwm3ojd', 'name': 'Rafael', 'followers_count': 14, 'color': 8211250}, {'uri': 'spotify:user:31h3oqedwrdhe4iw4xblwqds6anu', 'name': 'Rafael Gonzalez', 'image_url': 'https://platform-lookaside.fbsbx.com/platform/profilepic/?asid=283782245955831&height=300&width=300&ext=1689517524&hash=AeRYEHEkcvFdbw8UOMs', 'followers_count': 11, 'color': 1697420}, {'uri': 'spotify:user:21i27povjyzogdon54omq3fwy', 'name': 'Raimundo Corbalan Cardenas', 'image_url': 'https://platform-lookaside.fbsbx.com/platform/profilepic/?asid=236997933465188&height=300&width=300&ext=1689485872&hash=AeSvRqpYUqsQd5bzm3s', 'followers_count': 20, 'color': 16737335}, {'uri': 'spotify:user:cgjcqkd13ujgfjzlxhzvv1ko5', 'name': 'Rain', 'image_url': 'https://i.scdn.co/image/ab6775700000ee85fc0ab0b2214a6ac9dff669ee', 'followers_count': 17, 'color': 16737335}, {'uri': 'spotify:user:raizzasousa', 'name': 'Raiza Sousa', 'image_url': 'https://i.scdn.co/image/ab6775700000ee85f744232a2290d4749a165b33', 'followers_count': 86, 'color': 5282805}, {'uri': 'spotify:user:ralphpatrick33', 'name': 'ralphpatrick33', 'followers_count': 12, 'color': 1697420}, {'uri': 'spotify:user:fy5ofcrbiaehbpznuw4irkvt6', 'name': 'Ramon Fernandez', 'image_url': 'https://platform-lookaside.fbsbx.com/platform/profilepic/?asid=10206764403860512&height=300&width=300&ext=1689517524&hash=AeQOR29Ens1Cu4Kbhsc', 'followers_count': 13, 'color': 16085920}, {'uri': 'spotify:user:1181886174', 'name': 'Random guy', 'image_url': 'https://i.scdn.co/image/ab6775700000ee8583e1a0f7331c4687f2331829', 'followers_count': 10, 'color': 16085920}, {'uri': 'spotify:user:krgky1ca0cx2oiohu91b3ssi2', 'name': 'Razabrothers', 'followers_count': 5, 'color': 11836360}, {'uri': 'spotify:user:ixyt6o475pwinenq7t0mpuwqi', 'name': 'realMGgod', 'image_url': 'https://i.scdn.co/image/ab6775700000ee85f9d971d48e33c3dadca823d1', 'followers_count': 16, 'color': 5282805}, {'uri': 'spotify:user:9yxpggcg3mhk2n1avyzdzlsif', 'name': 'Red', 'image_url': 'https://i.scdn.co/image/ab6775700000ee857ef2855922058087e5bb4f0a', 'followers_count': 12, 'color': 1697420}, {'uri': 'spotify:user:2hytm2fs1znb6p1zdvasl1x7v', 'name': 'Reiz', 'followers_count': 3, 'color': 5282805}, {'uri': 'spotify:user:12169214759', 'name': 'Renato Santos', 'image_url': 'https://platform-lookaside.fbsbx.com/platform/profilepic/?asid=607137359413131&height=300&width=300&ext=1689517524&hash=AeS5UuOnA9JK3wLC05o', 'followers_count': 32, 'color': 1697420}, {'uri': 'spotify:user:6he7ecl59kpt1emnbl84kx3t4', 'name': 'Reoto', 'image_url': 'https://i.scdn.co/image/ab6775700000ee85474d19b8cf0fcd5e770e98f5', 'followers_count': 10, 'color': 8211250}, {'uri': 'spotify:user:ricalemos', 'name': 'Ricardo Duarte Lemos', 'image_url': 'https://platform-lookaside.fbsbx.com/platform/profilepic/?asid=1153883321298560&height=300&width=300&ext=1689517524&hash=AeSdo-EbdVOIV4D6spg', 'followers_count': 18, 'color': 11836360}, {'uri': 'spotify:user:1164247291', 'name': 'Ricardo Neves', 'image_url': 'https://scontent.fmaa10-1.fna.fbcdn.net/v/t39.30808-1/282183855_5487989481252367_6237593376079578791_n.jpg?stp=dst-jpg_p320x320&_nc_cat=108&ccb=1-7&_nc_sid=0c64ff&_nc_ohc=Lh1D_G1sxo0AX8iJCku&_nc_ht=scontent.fmaa10-1.fna&edm=AP4hL3IEAAAA&oh=00_AfA5p-dOUyv9IpYBC8TkgIAMBiuqPVVIV-wC95Tjk_GDUQ&oe=6491113A', 'followers_count': 62, 'color': 11836360}, {'uri': 'spotify:user:22fdhzfnf2b4ndm734zinh2ey', 'name': 'Richard Bernardo', 'image_url': 'https://platform-lookaside.fbsbx.com/platform/profilepic/?asid=926361584066520&height=300&width=300&ext=1689485293&hash=AeRlczTfS7U2NtGdrJY', 'followers_count': 29, 'color': 16737335}, {'uri': 'spotify:user:9wcxizsuhegtbiqq72kbqba69', 'name': 'Richard🥶', 'image_url': 'https://i.scdn.co/image/ab6775700000ee85e3d42828fd592ed90be371cb', 'followers_count': 4816, 'color': 1697420}, {'uri': 'spotify:user:a1klicq3ficfigbiljn8qgzdb', 'name': 'Richer', 'followers_count': 29, 'color': 8211250}, {'uri': 'spotify:user:31cz3pbrpahrjczcweqi3hlvwgwu', 'name': 'RickAstley🇦🇺', 'followers_count': 7, 'color': 8211250}, {'uri': 'spotify:user:rico_saegner', 'name': 'rico_saegner', 'image_url': 'https://i.scdn.co/image/ab6775700000ee85eaf73edc609e1dd59e4dabae', 'followers_count': 11, 'color': 1697420}, {'uri': 'spotify:user:31olopomoq3se3afc4rzqpevb7gq', 'name': 'Ringelbandraphael', 'image_url': 'https://i.scdn.co/image/ab6775700000ee85939a63f2e68ceba63334ab10', 'followers_count': 4, 'color': 8211250}, {'uri': 'spotify:user:21ee6f4itvr26752ucolsa6lq', 'name': 'Rion Swart', 'image_url': 'https://platform-lookaside.fbsbx.com/platform/profilepic/?asid=594440677398307&height=300&width=300&ext=1689483174&hash=AeS_uYWja7331zK_B_4', 'followers_count': 92, 'color': 1697420}, {'uri': 'spotify:user:31tqzv34igo5g5c7tot7swqjvvdu', 'name': 'rish', 'followers_count': 9, 'color': 16085920}, {'uri': 'spotify:user:b3xg3ab3pw757c7g2tp40u70g', 'name': 'Ritseli', 'image_url': 'https://i.scdn.co/image/ab6775700000ee85c2296437af68c93a990d8d51', 'followers_count': 18, 'color': 16085920}, {'uri': 'spotify:user:rlakshika', 'name': 'rlakshika', 'followers_count': 11, 'color': 5282805}, {'uri': 'spotify:user:robertvaldes18', 'name': 'robertvaldes18', 'followers_count': 15, 'color': 5282805}, {'uri': 'spotify:user:1170934642', 'name': 'Robin Roelofs', 'image_url': 'https://scontent-iad3-1.xx.fbcdn.net/v/t39.30808-1/335445111_168541789320673_5420524448691429563_n.jpg?stp=cp1_dst-jpg_p320x320&_nc_cat=104&ccb=1-7&_nc_sid=0c64ff&_nc_ohc=4ruoayp8DQUAX98Ga-X&_nc_ht=scontent-iad3-1.xx&edm=AP4hL3IEAAAA&oh=00_AfCunCJE_zm3BRhrz2pNFNRtBslAWY1YV0dHIOnft8osEQ&oe=6490EF10', 'followers_count': 86, 'color': 16737335}, {'uri': 'spotify:user:q2ta02ngurg44jl4hubi45ftw', 'name': 'Robledogabriel', 'followers_count': 8, 'color': 11836360}, {'uri': 'spotify:user:5k4m2arvmsmhxoxqlvk1mtglr', 'name': 'Roblox gamer', 'followers_count': 13, 'color': 16085920}, {'uri': 'spotify:user:12159272822', 'name': 'Rod Montoya', 'image_url': 'https://scontent.fmaa10-1.fna.fbcdn.net/v/t39.30808-1/272169888_10226282315672392_3171294294442872287_n.jpg?stp=dst-jpg_s320x320&_nc_cat=105&ccb=1-7&_nc_sid=0c64ff&_nc_ohc=4WZXXkQ7qDoAX8imd2W&_nc_ht=scontent.fmaa10-1.fna&edm=AP4hL3IEAAAA&oh=00_AfBSJek56DliiqPMLje67jwCTc0g-v_e78EQXCZFcvn_6Q&oe=6490FC28', 'followers_count': 44, 'color': 16737335}, {'uri': 'spotify:user:12180115744', 'name': 'Rodrigo Amorim', 'image_url': 'https://platform-lookaside.fbsbx.com/platform/profilepic/?asid=382956971876455&height=300&width=300&ext=1689517524&hash=AeSUKOd2lhjsED36g-I', 'followers_count': 51, 'color': 8211250}, {'uri': 'spotify:user:12145955137', 'name': 'Rodrigo Feitosa', 'image_url': 'https://i.scdn.co/image/ab6775700000ee858aaab2441d3bd2191524aad9', 'followers_count': 131, 'color': 11836360}, {'uri': 'spotify:user:a71szyfsp9pnucm6dnofzirld', 'name': 'rohit', 'followers_count': 11, 'color': 16737335}, {'uri': 'spotify:user:rooghier', 'name': 'rooghier', 'followers_count': 14, 'color': 8211250}, {'uri': 'spotify:user:31hmwxoobg5bmf4tvsez54xc4hsy', 'name': 'Rose is god', 'followers_count': 2, 'color': 1697420}, {'uri': 'spotify:user:rubenjr.macapugay', 'name': 'rubenjr.macapugay', 'image_url': 'https://i.scdn.co/image/ab6775700000ee850e723c66763e547e04e5de78', 'followers_count': 12, 'color': 16085920}, {'uri': 'spotify:user:312g7q7xy7aa5cbbtivfw732raau', 'name': 'RusH12', 'followers_count': 10, 'color': 8211250}, {'uri': 'spotify:user:12176681893', 'name': 'Ryan Holzapfel', 'image_url': 'https://scontent.fmaa10-1.fna.fbcdn.net/v/t39.30808-1/297112614_10228008319462091_5573737111402456180_n.jpg?stp=dst-jpg_p320x320&_nc_cat=103&ccb=1-7&_nc_sid=0c64ff&_nc_ohc=SWQ6yFdClJkAX9lwxQ0&_nc_ht=scontent.fmaa10-1.fna&edm=AP4hL3IEAAAA&oh=00_AfBqlEZdI0VfV17rR6ijw-BnY2-S7wlSO0xA6XDdSAULRQ&oe=64922B9F', 'followers_count': 35, 'color': 1697420}, {'uri': 'spotify:user:1218569000', 'name': 'Ryan Pfankuch', 'image_url': 'https://scontent-iad3-1.xx.fbcdn.net/v/t39.30808-1/275048984_5020377847998554_7254381772501321263_n.jpg?stp=dst-jpg_p320x320&_nc_cat=107&ccb=1-7&_nc_sid=0c64ff&_nc_ohc=e7C4kPbjbGYAX8vcUDb&_nc_ht=scontent-iad3-1.xx&edm=AP4hL3IEAAAA&oh=00_AfD2-5Nlq-k6Am8QEbNDl5XNCGxGV06ShJgha4DGEJQbbA&oe=6491DB43', 'followers_count': 27, 'color': 16737335}, {'uri': 'spotify:user:ryant.jin', 'name': 'ryant.jin', 'image_url': 'https://i.scdn.co/image/ab6775700000ee8539d655fa30e0bb1d0433e39a', 'followers_count': 18, 'color': 11836360}, {'uri': 'spotify:user:ryanvine23', 'name': 'ryanvine23', 'followers_count': 3, 'color': 11836360}, {'uri': 'spotify:user:israel_baltazar', 'name': 'Ryuunosuke🐉', 'image_url': 'https://i.scdn.co/image/ab6775700000ee851189c9a1c214ceb465ccbfb7', 'followers_count': 35, 'color': 16085920}, {'uri': 'spotify:user:saienman', 'name': 'saienman', 'image_url': 'https://i.scdn.co/image/ab6775700000ee858513e557305314164399df0b', 'followers_count': 15, 'color': 16085920}, {'uri': 'spotify:user:saishiro', 'name': 'saishiro', 'image_url': 'https://i.scdn.co/image/ab6775700000ee855b569d5fe0dbc82adcb6c1d8', 'followers_count': 25, 'color': 16737335}, {'uri': 'spotify:user:sajbad', 'name': 'sajbad', 'followers_count': 11, 'color': 11836360}, {'uri': 'spotify:user:sam1919a', 'name': 'sam1919a', 'followers_count': 20, 'color': 5282805}, {'uri': 'spotify:user:22ff7tczvbqlxrj76rqvby4wi', 'name': 'Samir Leso', 'image_url': 'https://platform-lookaside.fbsbx.com/platform/profilepic/?asid=733037140175742&height=300&width=300&ext=1689520643&hash=AeSZSh6uDCFafDYLzR0', 'followers_count': 19, 'color': 8211250}, {'uri': 'spotify:user:22rnvwecifmcau3bgxnrqnqma', 'name': 'Samuel Bitencourt', 'image_url': 'https://platform-lookaside.fbsbx.com/platform/profilepic/?asid=983827725032670&height=300&width=300&ext=1689517524&hash=AeSr7NdnUpr2qlHplAo', 'followers_count': 45, 'color': 16085920}, {'uri': 'spotify:user:samuelbj%C3%B6rkegren', 'name': 'samuelbjörkegren', 'image_url': 'https://i.scdn.co/image/ab6775700000ee85c06101a70bc7d808fe300b7e', 'followers_count': 37, 'color': 11836360}, {'uri': 'spotify:user:31clnp74dzkvpbshrhunhogf5mha', 'name': 'saniya', 'followers_count': 9, 'color': 1697420}, {'uri': 'spotify:user:1253706509', 'name': 'Santch', 'followers_count': 27, 'color': 1697420}, {'uri': 'spotify:user:recuperador117', 'name': 'Santos A', 'image_url': 'https://i.scdn.co/image/ab6775700000ee8539ce4bc27ffecff6562c4128', 'followers_count': 3, 'color': 11836360}, {'uri': 'spotify:user:skarm61', 'name': 'Sapozhnikov Andrii', 'image_url': 'https://scontent-iad3-1.xx.fbcdn.net/v/t39.30808-1/244008681_4393936010660015_4601488076949024283_n.jpg?stp=c163.307.939.938a_dst-jpg_s320x320&_nc_cat=110&ccb=1-7&_nc_sid=0c64ff&_nc_ohc=3pDE2iHe6A0AX-yIdcy&_nc_ht=scontent-iad3-1.xx&edm=AP4hL3IEAAAA&oh=00_AfBzbYPPxIpG4q_otN3dsgPG4n7vC1o1CU519ppPN5bRGQ&oe=6491B273', 'followers_count': 25, 'color': 11836360}, {'uri': 'spotify:user:sar019', 'name': 'sar019', 'followers_count': 12, 'color': 16737335}, {'uri': 'spotify:user:8v84k4c7ap9j0ev3799knpidq', 'name': 'Sarentin', 'image_url': 'https://i.scdn.co/image/ab6775700000ee853ce2d8cb0feedaa9cbc7ddbc', 'followers_count': 5, 'color': 5282805}, {'uri': 'spotify:user:31eaijbcp3qbhhll3pockaseetsq', 'name': 'sarvesh', 'followers_count': 9, 'color': 5282805}, {'uri': 'spotify:user:1125147014', 'name': 'Sascha Mauelshagen', 'image_url': 'https://scontent-iad3-1.xx.fbcdn.net/v/t1.6435-1/89788523_2804475952979832_4149262433153712128_n.jpg?stp=dst-jpg_p320x320&_nc_cat=107&ccb=1-7&_nc_sid=0c64ff&_nc_ohc=UCq0IFv-G5UAX8GUtWQ&_nc_ht=scontent-iad3-1.xx&edm=AP4hL3IEAAAA&oh=00_AfD10u9rBKIMYr5VBogbFdyBvmaK0FFSnLrWQAtRm7Lljg&oe=64B3CE53', 'followers_count': 47, 'color': 8211250}, {'uri': 'spotify:user:31x3y6wyirpabrr6meo5xxyhbuvi', 'name': 'Saulo Kenned', 'image_url': 'https://scontent-iad3-1.xx.fbcdn.net/v/t1.30497-1/84628273_176159830277856_972693363922829312_n.jpg?stp=c94.0.320.320a_dst-jpg_p320x320&_nc_cat=1&ccb=1-7&_nc_sid=12b3be&_nc_ohc=K-3THke9Q8AAX-DJLjP&_nc_ht=scontent-iad3-1.xx&edm=AP4hL3IEAAAA&oh=00_AfAp1joAoaOA932z-hhddMFgPuHwMyjNp7le9a8xwzdBQw&oe=64B3EDD9', 'followers_count': 17, 'color': 8211250}, {'uri': 'spotify:user:savagesniperrr', 'name': 'savagesniperrr', 'followers_count': 10, 'color': 5282805}, {'uri': 'spotify:user:shjm0rfnhrbed85jxny8w3pg8', 'name': 'Scooby', 'image_url': 'https://i.scdn.co/image/ab6775700000ee8555272a6f0b5ebc739372948c', 'followers_count': 10, 'color': 8211250}, {'uri': 'spotify:user:0ys3pa3kxk2qndv43luwxi1q8', 'name': 'Seb3stian7534', 'followers_count': 7, 'color': 11836360}, {'uri': 'spotify:user:22j3l4zyfqvzferhuro2exipq', 'name': 'Sebastián Alonso Valladolid Diaz', 'image_url': 'https://platform-lookaside.fbsbx.com/platform/profilepic/?asid=259890404462926&height=300&width=300&ext=1689517524&hash=AeT8P6axQ3Y0UFdkuHM', 'followers_count': 16, 'color': 16085920}, {'uri': 'spotify:user:senaelifc', 'name': 'senaelifc', 'followers_count': 10, 'color': 16085920}, {'uri': 'spotify:user:sergiodias2984', 'name': 'sergiodias2984', 'followers_count': 13, 'color': 1697420}, {'uri': 'spotify:user:g2s2i0obykg0peyc2rkib4th6', 'name': 'Shadow', 'image_url': 'https://i.scdn.co/image/ab6775700000ee857dfe0f84e0bc978bd46f754f', 'color': 5282805}, {'uri': 'spotify:user:shanecyprian', 'name': 'shanecyprian', 'followers_count': 425, 'color': 8211250}, {'uri': 'spotify:user:sharpem36', 'name': 'sharpem36', 'followers_count': 22, 'color': 8211250}, {'uri': 'spotify:user:31uq7yee35f6zg7i5pztufnbk7em', 'name': 'Shashwat', 'image_url': 'https://i.scdn.co/image/ab6775700000ee85eab01b856ca7621aaaebc5be', 'followers_count': 13, 'color': 1697420}, {'uri': 'spotify:user:31mejvh4aixjiqlz4gdbtktxnyou', 'name': 'Shaz', 'image_url': 'https://i.scdn.co/image/ab6775700000ee8543f8c4512871c3c122034856', 'followers_count': 2, 'color': 16737335}, {'uri': 'spotify:user:sherbie33', 'name': 'sherbie33', 'image_url': 'https://i.scdn.co/image/ab6775700000ee85ea51681df0fa8af5c7a67a94', 'followers_count': 33, 'color': 5282805}, {'uri': 'spotify:user:shevael', 'name': 'shevael', 'followers_count': 15, 'color': 16085920}, {'uri': 'spotify:user:31ba6ew2y3sujifnl6u23s54cwu4', 'name': 'SHI ZHENG', 'followers_count': 21, 'color': 5282805}, {'uri': 'spotify:user:127120150', 'name': 'shirokuma', 'image_url': 'https://i.scdn.co/image/ab6775700000ee8576e2e001c611d46cc5bb3d0d', 'followers_count': 54, 'color': 8211250}, {'uri': 'spotify:user:31sbzzlhd4dwi2gtzbbzij6rdlky', 'name': 'SHIVA', 'followers_count': 5, 'color': 1697420}, {'uri': 'spotify:user:i4fac9uwtftsthipxlsywaws0', 'name': 'Shlok Sethi', 'image_url': 'https://i.scdn.co/image/ab6775700000ee8566da8551fb3fabe015595a73', 'followers_count': 14, 'color': 16085920}, {'uri': 'spotify:user:papighost', 'name': 'Shut Up', 'image_url': 'https://platform-lookaside.fbsbx.com/platform/profilepic/?asid=274601406292996&height=300&width=300&ext=1689514537&hash=AeQeNIXjYwiWbhWT0RQ', 'followers_count': 20, 'color': 8211250}, {'uri': 'spotify:user:31ju54qgdqwy6ln27xiugb7tsxqa', 'name': 'Shyuan', 'followers_count': 5, 'color': 5282805}, {'uri': 'spotify:user:cbzww6n5phcnwg9pq0ajf6j14', 'name': 'Siddhanth', 'followers_count': 11, 'color': 11836360}, {'uri': 'spotify:user:ypm8lcm2jzl38vvs03ilu7r8k', 'name': 'Sidharth', 'followers_count': 3, 'color': 8211250}, {'uri': 'spotify:user:313jt5g4bo3xd2u2sxhhv6fvp2ka', 'name': 'Silkematlage', 'image_url': 'https://i.scdn.co/image/ab6775700000ee858c5a19d566f8bc67d0380ef1', 'followers_count': 1, 'color': 8211250}, {'uri': 'spotify:user:simo.ovaskainen.ovaskainen', 'name': 'simo.ovaskainen.ovaskainen', 'followers_count': 12, 'color': 16737335}, {'uri': 'spotify:user:simjoc', 'name': 'Simon', 'followers_count': 148, 'color': 5282805}, {'uri': 'spotify:user:2163dcb6c2j2miregv54cemgi', 'name': 'Simon Minty Chrétien', 'image_url': 'https://platform-lookaside.fbsbx.com/platform/profilepic/?asid=10214547057729744&height=300&width=300&ext=1689520643&hash=AeSUQx1RFoyvf48TxXE', 'followers_count': 21, 'color': 1697420}, {'uri': 'spotify:user:9dimsl1zez179m4vigv700ltd', 'name': 'Simply Addicted', 'image_url': 'https://i.scdn.co/image/ab6775700000ee85f86be33fe2054f83e1859360', 'followers_count': 19, 'color': 5282805}, {'uri': 'spotify:user:sistijr', 'name': 'sistijr', 'followers_count': 12, 'color': 5282805}, {'uri': 'spotify:user:skarpen2k', 'name': 'Skarpen', 'image_url': 'https://platform-lookaside.fbsbx.com/platform/profilepic/?asid=357804941274464&height=300&width=300&ext=1689517524&hash=AeSCLOaksaf5TB6Cyfk', 'followers_count': 18, 'color': 5282805}, {'uri': 'spotify:user:317oko6z4lwh3e6jziyyppxbrcuy', 'name': 'skylinee', 'image_url': 'https://i.scdn.co/image/ab6775700000ee85721df825843aef7f6fd17af4', 'followers_count': 4, 'color': 16085920}, {'uri': 'spotify:user:1voubtyqk50l75umamfzg04z9', 'name': 'sladkiy', 'image_url': 'https://i.scdn.co/image/ab6775700000ee85adfcfb67898f32b57796be08', 'followers_count': 22, 'color': 1697420}, {'uri': 'spotify:user:sm0rzz', 'name': 'sm0rzz', 'followers_count': 17, 'color': 16737335}, {'uri': 'spotify:user:56inli3egi73yv9ncedna2s1x', 'name': 'SMHproductions', 'followers_count': 15, 'color': 16085920}, {'uri': 'spotify:user:3rp5x1cg761pt55mgw4z4inkw', 'name': 'Snxtr', 'followers_count': 14, 'color': 11836360}, {'uri': 'spotify:user:21nz3ldvkjxy4b7zhbaztepba', 'name': 'SonnyQuinnB3', 'image_url': 'https://i.scdn.co/image/ab6775700000ee85c146391e1ec6190a3c51f4de', 'followers_count': 23, 'color': 11836360}, {'uri': 'spotify:user:yr9c52iskggzm41zkv7na4j5i', 'name': 'Sonundas', 'followers_count': 3, 'color': 11836360}, {'uri': 'spotify:user:whtoy7g9uhe5uet72lsja25fy', 'name': 'soratobu', 'followers_count': 3, 'color': 8211250}, {'uri': 'spotify:user:11139884967', 'name': 'Soufian Smyej', 'image_url': 'https://i.scdn.co/image/ab6775700000ee85ef018d0718995e8176d877dc', 'followers_count': 34, 'color': 11836360}, {'uri': 'spotify:user:soulzice', 'name': 'soulzice', 'followers_count': 12, 'color': 16737335}, {'uri': 'spotify:user:31q3zjuylnaebzs6vpypw6webpmy', 'name': 'Spazzz :)', 'image_url': 'https://i.scdn.co/image/ab6775700000ee85a1aad5a0140923b9ea95979e', 'followers_count': 9, 'color': 11836360}, {'uri': 'spotify:user:ra4co77zz1hug3zyjtjmzjn8j', 'name': 'Spencer', 'followers_count': 11, 'color': 16085920}, {'uri': 'spotify:user:4jihbzh4xyuk0y80q81jh8zhr', 'name': 'SpyrosPizz', 'image_url': 'https://i.scdn.co/image/ab6775700000ee8517f4b7911213cf57893899ba', 'followers_count': 15, 'color': 11836360}, {'uri': 'spotify:user:squallredx', 'name': 'squallredx', 'followers_count': 147, 'color': 8211250}, {'uri': 'spotify:user:116893843', 'name': 'Squanchy', 'image_url': 'https://scontent.fmaa10-1.fna.fbcdn.net/v/t39.30808-1/305961552_10229222575495532_4278387719001528091_n.jpg?stp=dst-jpg_p320x320&_nc_cat=107&ccb=1-7&_nc_sid=0c64ff&_nc_ohc=n-Ki9CGJmVEAX_n58gt&_nc_ht=scontent.fmaa10-1.fna&edm=AP4hL3IEAAAA&oh=00_AfASrrcfcsreWtZjjr9W-Sk9eARktu9h9neM884CE4MAmQ&oe=6490BC4B', 'followers_count': 30, 'color': 16085920}, {'uri': 'spotify:user:31xsgtqv6np5vfcy56zks4q2thbu', 'name': 'Sreyas', 'image_url': 'https://i.scdn.co/image/ab6775700000ee853a8b622198264cf5584adbaa', 'followers_count': 8, 'color': 11836360}, {'uri': 'spotify:user:316exjgbdice5yfpfd7ieeid6koe', 'name': 'starlord@thor', 'followers_count': 3, 'color': 16085920}, {'uri': 'spotify:user:1218435035', 'name': 'Steph Mathews', 'image_url': 'https://scontent-iad3-1.xx.fbcdn.net/v/t39.30808-1/349570432_501637458766621_3740961445883305603_n.jpg?stp=dst-jpg_p320x320&_nc_cat=109&ccb=1-7&_nc_sid=0c64ff&_nc_ohc=9jM8ERWy3tgAX83j-sx&_nc_ht=scontent-iad3-1.xx&edm=AP4hL3IEAAAA&oh=00_AfDeqSVp5l6l4NSPGxZCm23Il16q8WUqwAfshdg8iSPWAQ&oe=6490F12A', 'followers_count': 32, 'color': 11836360}, {'uri': 'spotify:user:fcq9kmmx1kb6cvuyz38pd0bio', 'name': 'Stephan', 'image_url': 'https://i.scdn.co/image/ab6775700000ee853b9263b1149bf57dd7957730', 'followers_count': 16, 'color': 11836360}, {'uri': 'spotify:user:22oi5d4wljxr22vn7nv34tpbq', 'name': 'Stephane Boivin', 'image_url': 'https://platform-lookaside.fbsbx.com/platform/profilepic/?asid=1048810208475176&height=300&width=300&ext=1689485872&hash=AeRbkDJgn90mJtLzmRc', 'followers_count': 57, 'color': 1697420}, {'uri': 'spotify:user:1f2zxqip1fqe6mcd9jslvucqf', 'name': 'Steven carey', 'image_url': 'https://i.scdn.co/image/ab6775700000ee85a7f8ad87f7fb3a4dea5748cf', 'followers_count': 186, 'color': 8211250}, {'uri': 'spotify:user:21dcgnitzt56cnpbdfynwgfpa', 'name': 'Stian Dølerud', 'image_url': 'https://i.scdn.co/image/ab6775700000ee8526594f77c72af70f231e7709', 'followers_count': 43, 'color': 8211250}, {'uri': 'spotify:user:stiangunnerud', 'name': 'stiangunnerud', 'followers_count': 10, 'color': 8211250}, {'uri': 'spotify:user:xzt2t6jrlsu9hwlfx1xu9cq3q', 'name': 'stuby', 'followers_count': 10, 'color': 11836360}, {'uri': 'spotify:user:sij4w8w0kvh1a7pllqzh0b0x5', 'name': 'Subadeki', 'followers_count': 9, 'color': 16737335}, {'uri': 'spotify:user:ebl5cbefnkmr66fh1itqlkr3m', 'name': 'suck a dick', 'image_url': 'https://i.scdn.co/image/ab6775700000ee85d62afd81e3cbddc68b39099d', 'followers_count': 16, 'color': 16737335}, {'uri': 'spotify:user:uhcdz2vuzxm7kjv9r6r8guwi2', 'name': 'sudhanshu', 'image_url': 'https://i.scdn.co/image/ab6775700000ee854dc1d84cd6adb5ba850d91e7', 'followers_count': 17, 'color': 1697420}, {'uri': 'spotify:user:supremegang808', 'name': 'supremegang808', 'followers_count': 10, 'color': 5282805}, {'uri': 'spotify:user:supremekili', 'name': 'supremekili', 'followers_count': 22, 'color': 16085920}, {'uri': 'spotify:user:31av4wwjk4f7umoeu4h4icvgvwca', 'name': 'Sweta Kumari', 'image_url': 'https://platform-lookaside.fbsbx.com/platform/profilepic/?asid=1670349959786445&height=300&width=300&ext=1689517524&hash=AeRiYzf-livMSfqgY0U', 'followers_count': 1, 'color': 1697420}, {'uri': 'spotify:user:d9uyczj1cez11dbx4s3am7ylk', 'name': 'SY', 'followers_count': 7, 'color': 16737335}, {'uri': 'spotify:user:szymon2144', 'name': 'szymon2144', 'followers_count': 13, 'color': 11836360}, {'uri': 'spotify:user:22fw3el7mytacsxno6htgczcq', 'name': 'T R U N G', 'image_url': 'https://i.scdn.co/image/ab6775700000ee858a5fd1dac4931cb3b6fbc074', 'followers_count': 23, 'color': 16737335}, {'uri': 'spotify:user:houndlolxbl', 'name': 'ta1onnn', 'followers_count': 22, 'color': 11836360}, {'uri': 'spotify:user:dvgzzn91itj5vr89jtmoqeubv', 'name': 'Tadhgk007', 'image_url': 'https://i.scdn.co/image/ab6775700000ee85aac44075505facab2c713dda', 'followers_count': 144, 'color': 16737335}, {'uri': 'spotify:user:zblxa7fn2z6ed78k8rec7eugy', 'name': 'Tails759', 'followers_count': 18, 'color': 5282805}, {'uri': 'spotify:user:0q4g7qviino76u21dlttb98sf', 'name': 'takuya2007', 'image_url': 'https://i.scdn.co/image/ab6775700000ee85a5e58846b715e6568d9d384d', 'followers_count': 22, 'color': 5282805}, {'uri': 'spotify:user:kak6nkaqg1rk1v6cgpzkgvmnu', 'name': 'Takyyy', 'image_url': 'https://i.scdn.co/image/ab6775700000ee85b6b6fe982a285d9e90e96e12', 'followers_count': 5, 'color': 1697420}, {'uri': 'spotify:user:21es3mciczxivgevaesc3seia', 'name': 'Tannady Wijaya', 'image_url': 'https://platform-lookaside.fbsbx.com/platform/profilepic/?asid=1866745660306879&height=300&width=300&ext=1689517524&hash=AeQp4a8lWUVicY7JQaw', 'followers_count': 19, 'color': 16085920}, {'uri': 'spotify:user:tanne_%C3%A4r_kung%21', 'name': 'Tanzil Karim', 'image_url': 'https://scontent-atl3-2.xx.fbcdn.net/v/t39.30808-1/240115198_2942772299314745_1839724088257180949_n.jpg?stp=dst-jpg_p320x320&_nc_cat=101&ccb=1-7&_nc_sid=0c64ff&_nc_ohc=RpfI5dNDltcAX9hueGw&_nc_ht=scontent-atl3-2.xx&edm=AP4hL3IEAAAA&oh=00_AfDmCtU6xCIgCQRqou52Co9B38eWjD2nOE5bf3buY0hrjA&oe=6491EAEF', 'followers_count': 60, 'color': 5282805}, {'uri': 'spotify:user:ao261iuh8sw8rcj3at0sx3ocf', 'name': 'Tarik', 'followers_count': 14, 'color': 11836360}, {'uri': 'spotify:user:tbdcosmic', 'name': 'tbdcosmic', 'followers_count': 34, 'color': 5282805}, {'uri': 'spotify:user:juhl1n', 'name': 'teddy', 'image_url': 'https://scontent-iad3-2.xx.fbcdn.net/v/t1.6435-1/62032683_10161737041090305_3479105345790410752_n.jpg?stp=dst-jpg_p320x320&_nc_cat=100&ccb=1-7&_nc_sid=0c64ff&_nc_ohc=B1O06mnrAjUAX_JJXRj&_nc_oc=AQkFvU01uFrcp8P8H5XyOospBtBU6-gn-eiW1vL5G_OMFl_b5h5MiKqBQ3LfCgVioCg&_nc_ht=scontent-iad3-2.xx&edm=AP4hL3IEAAAA&oh=00_AfB66WmJVqTH7rVN11jmypEoy-cSchQDPgfhXmABYWKJtw&oe=64B3DD34', 'followers_count': 114, 'color': 16737335}, {'uri': 'spotify:user:teemu03.hypponen', 'name': 'Temzka', 'image_url': 'https://i.scdn.co/image/ab6775700000ee8547caba46e10770c2e577c775', 'followers_count': 18, 'color': 5282805}, {'uri': 'spotify:user:7jpmi1ga0ypovst4eypbw00iy', 'name': 'Terreur-_-fluo', 'followers_count': 15, 'color': 16737335}, {'uri': 'spotify:user:12178960929', 'name': 'Thales Gonçalves Silva', 'image_url': 'https://i.scdn.co/image/ab6775700000ee854e1e2515ecef5e00ee1a9dfe', 'followers_count': 51, 'color': 16737335}, {'uri': 'spotify:user:31i3atsbcjapod6srewhitr44fmq', 'name': 'TheGoldDiamond', 'followers_count': 9, 'color': 1697420}, {'uri': 'spotify:user:thejapolo', 'name': 'thejapolo', 'followers_count': 27, 'color': 5282805}, {'uri': 'spotify:user:lr97s29e4bxag4przhdc061wr', 'name': 'TheJD13x', 'image_url': 'https://i.scdn.co/image/ab6775700000ee853ae96120456a37f0b7f94745', 'followers_count': 15, 'color': 1697420}, {'uri': 'spotify:user:n9klqkg3ha42g5u1xo035h3zf', 'name': 'thekingend', 'followers_count': 10, 'color': 1697420}, {'uri': 'spotify:user:qmeeq938psc4x3tm2n9rb3nzk', 'name': 'Thel', 'image_url': 'https://i.scdn.co/image/ab6775700000ee856a6265692f4aa13fdf0c13f5', 'followers_count': 24, 'color': 1697420}, {'uri': 'spotify:user:theo.schweizer2', 'name': 'theo.schweizer2', 'followers_count': 14, 'color': 5282805}, {'uri': 'spotify:user:bajabzw9s52pdll5x99qmsfwf', 'name': 'ThePieNaster', 'followers_count': 28, 'color': 16737335}, {'uri': 'spotify:user:31bbzffk7mbq4ws5i2hrh2a2ev2a', 'name': 'This is Bobby', 'followers_count': 3, 'color': 5282805}, {'uri': 'spotify:user:ssv295fki7puoc48iihjxakkz', 'name': 'Thomas', 'followers_count': 10, 'color': 5282805}, {'uri': 'spotify:user:y67aekqn3zxke3n3zt0c8f484', 'name': 'Thomas.wardle', 'followers_count': 13, 'color': 8211250}, {'uri': 'spotify:user:tianemariah', 'name': 'Tiane Maria', 'image_url': 'https://platform-lookaside.fbsbx.com/platform/profilepic/?asid=1383354421748996&height=300&width=300&ext=1689508231&hash=AeSQbtsmlEhdufzUWzI', 'followers_count': 25, 'color': 8211250}, {'uri': 'spotify:user:inta0gqr6ku2ygwq3jsfz3dqm', 'name': 'Tifoxjekkt', 'followers_count': 8, 'color': 1697420}, {'uri': 'spotify:user:hohlbaumloch', 'name': 'Timboron', 'image_url': 'https://i.scdn.co/image/ab6775700000ee85d8b61a5e155e0c3868b8e6ed', 'followers_count': 30, 'color': 16737335}, {'uri': 'spotify:user:wgxvenmc70kh0utie9jf56sqs', 'name': 'Timo', 'followers_count': 17, 'color': 1697420}, {'uri': 'spotify:user:12160844847', 'name': 'Tina Yan', 'image_url': 'https://i.scdn.co/image/ab6775700000ee8531c6c9a154657063121aa1d5', 'followers_count': 49, 'color': 5282805}, {'uri': 'spotify:user:zwkveup25415lg16wykl43c3v', 'name': 'Tiobrock', 'followers_count': 14, 'color': 8211250}, {'uri': 'spotify:user:ttittis2004', 'name': 'titis017', 'followers_count': 13, 'color': 11836360}, {'uri': 'spotify:user:b54a1rxw0jn47gbc8bb7i61pw', 'name': 'TK SKILLS', 'followers_count': 12, 'color': 1697420}, {'uri': 'spotify:user:trx_z', 'name': 'Tobias M.', 'image_url': 'https://i.scdn.co/image/ab6775700000ee8531bc4558a8d11440e556a008', 'followers_count': 31, 'color': 1697420}, {'uri': 'spotify:user:313h7zkdiotrsx67olejwyi5uina', 'name': 'Tokutaro Utsunomiya', 'image_url': 'https://platform-lookaside.fbsbx.com/platform/profilepic/?asid=723565861341509&height=300&width=300&ext=1689517524&hash=AeT9jKCX2WI0QFu3vWk', 'followers_count': 3, 'color': 8211250}, {'uri': 'spotify:user:21q22ej2yl2r5vhvymbypkbpq', 'name': 'Tomato', 'image_url': 'https://platform-lookaside.fbsbx.com/platform/profilepic/?asid=1009759225742263&height=300&width=300&ext=1689517524&hash=AeT5gyb75AWuAdNNz7s', 'followers_count': 20, 'color': 16085920}, {'uri': 'spotify:user:3i56i0g84uca6ye0xptt7fy9m', 'name': 'Tomog', 'followers_count': 12, 'color': 5282805}, {'uri': 'spotify:user:315rxeyxi2zvcytavwedzrzipf2a', 'name': 'Torbjørn Sørhaug', 'image_url': 'https://scontent-iad3-1.xx.fbcdn.net/v/t1.30497-1/84628273_176159830277856_972693363922829312_n.jpg?stp=c94.0.320.320a_dst-jpg_p320x320&_nc_cat=1&ccb=1-7&_nc_sid=12b3be&_nc_ohc=K-3THke9Q8AAX-DJLjP&_nc_ht=scontent-iad3-1.xx&edm=AP4hL3IEAAAA&oh=00_AfAp1joAoaOA932z-hhddMFgPuHwMyjNp7le9a8xwzdBQw&oe=64B3EDD9', 'followers_count': 16, 'color': 11836360}, {'uri': 'spotify:user:z4slyc8eq9bb8r3w83bebndtu', 'name': 'Trekewi', 'image_url': 'https://i.scdn.co/image/ab6775700000ee854d969ce4d5a7aa43a4028e49', 'followers_count': 13, 'color': 8211250}, {'uri': 'spotify:user:eb32h4gcqa7hxwfmuduq89680', 'name': 'triangleTV', 'image_url': 'https://i.scdn.co/image/ab6775700000ee855d33f3ee5ff026003c7c5264', 'followers_count': 22, 'color': 16085920}, {'uri': 'spotify:user:31w7q66fxfysg2rsea3ewm65fyk4', 'name': 'Tristan', 'image_url': 'https://i.scdn.co/image/ab6775700000ee85f0f34ac39f1d82ad519cce63', 'followers_count': 8, 'color': 11836360}, {'uri': 'spotify:user:2vkfq2qmj7z56eceafloglhpi', 'name': 'Tristan', 'followers_count': 14, 'color': 11836360}, {'uri': 'spotify:user:1125079438', 'name': 'Trudy Lindley', 'image_url': 'https://i.scdn.co/image/ab6775700000ee859e0eeea7cd9d2d85448aa1ec', 'followers_count': 60, 'color': 11836360}, {'uri': 'spotify:user:mf1z7h6jc7h795kno4mhtilr8', 'name': 'Trường Ny', 'followers_count': 10, 'color': 1697420}, {'uri': 'spotify:user:tsensationn', 'name': 'tsensationn', 'followers_count': 162, 'color': 16085920}, {'uri': 'spotify:user:tuke-78', 'name': 'tuke-78', 'followers_count': 16, 'color': 1697420}, {'uri': 'spotify:user:uoavwsc376oewdqin262awq82', 'name': 'Twixik1_1', 'image_url': 'https://i.scdn.co/image/ab6775700000ee85685f10143fe029a532ca2ab3', 'followers_count': 12, 'color': 11836360}, {'uri': 'spotify:user:brgfcqknnxk1gi67bwkuj27ny', 'name': 'Uchiha Madara', 'image_url': 'https://i.scdn.co/image/ab6775700000ee85860ef7f928678130d5326748', 'followers_count': 22, 'color': 16085920}, {'uri': 'spotify:user:ukachi23', 'name': 'ukachi23', 'followers_count': 13, 'color': 16085920}, {'uri': 'spotify:user:1s554gzu2ml4wh0yccrgzmygf', 'name': 'unholysaints123', 'followers_count': 7, 'color': 8211250}, {'uri': 'spotify:user:universe_1255', 'name': 'universe_1255', 'followers_count': 13, 'color': 11836360}, {'uri': 'spotify:user:31a3blvac7aaigdp2e2zhv5ikm4m', 'name': 'Urijimenez', 'image_url': 'https://scontent.fmaa10-1.fna.fbcdn.net/v/t1.30497-1/84628273_176159830277856_972693363922829312_n.jpg?stp=c94.0.320.320a_dst-jpg_p320x320&_nc_cat=1&ccb=1-7&_nc_sid=12b3be&_nc_ohc=K-3THke9Q8AAX-yrUCw&_nc_ht=scontent.fmaa10-1.fna&edm=AP4hL3IEAAAA&oh=00_AfAfua1dg15GkHkPx0hPcLnDaDsa1XaS2AkuEKF0um75tA&oe=64B3EDD9', 'followers_count': 3, 'color': 16737335}, {'uri': 'spotify:user:3173du2fihc5d64noqqcqtn5ophe', 'name': 'Utkarsh Tiwari', 'image_url': 'https://platform-lookaside.fbsbx.com/platform/profilepic/?asid=273201289941566&height=300&width=300&ext=1689517524&hash=AeQ4mv_g8lg0PQ9SWRc', 'followers_count': 13, 'color': 5282805}, {'uri': 'spotify:user:utkuurkun', 'name': 'utkuurkun', 'followers_count': 4, 'color': 16737335}, {'uri': 'spotify:user:31usrjgcs2gqfcmlpgbuhtpymxie', 'name': 'Varun', 'followers_count': 7, 'color': 5282805}, {'uri': 'spotify:user:vathiel', 'name': 'vathiel', 'followers_count': 17, 'color': 1697420}, {'uri': 'spotify:user:31l2tsiyv6mrmyy6x2sgcxikdmze', 'name': 'Veite Vese', 'image_url': 'https://platform-lookaside.fbsbx.com/platform/profilepic/?asid=924608597995541&height=300&width=300&ext=1689520643&hash=AeQ8Fvk2I7QyuvNvcDI', 'followers_count': 4, 'color': 16085920}, {'uri': 'spotify:user:venniker', 'name': 'venniker', 'image_url': 'https://i.scdn.co/image/ab6775700000ee85c1e504373518a3ee0f77e3ed', 'followers_count': 24, 'color': 5282805}, {'uri': 'spotify:user:12182444371', 'name': 'Victor F Silva', 'image_url': 'https://platform-lookaside.fbsbx.com/platform/profilepic/?asid=771043269646425&height=300&width=300&ext=1689511359&hash=AeSzeaOsgg6NKgTAo5g', 'followers_count': 55, 'color': 5282805}, {'uri': 'spotify:user:victorbarrientosl2004', 'name': 'victorbarrientosl2004', 'followers_count': 13, 'color': 16737335}, {'uri': 'spotify:user:victorzc27', 'name': 'victorzc', 'image_url': 'https://platform-lookaside.fbsbx.com/platform/profilepic/?asid=1812666569120848&height=300&width=300&ext=1689517524&hash=AeR3hrKz2lxKQ6H1hrs', 'followers_count': 14, 'color': 16737335}, {'uri': 'spotify:user:aqwfv5g3n475wns8bun5gx0oz', 'name': 'vidoco1', 'followers_count': 15, 'color': 8211250}, {'uri': 'spotify:user:31btlawupug5shnbxanjqaapyn7a', 'name': 'Vigas Deep', 'image_url': 'https://scontent-iad3-1.xx.fbcdn.net/v/t31.18172-1/20988835_1829826657035458_6287534700841912959_o.jpg?stp=c312.164.1638.1638a_dst-jpg_s320x320&_nc_cat=107&ccb=1-7&_nc_sid=0c64ff&_nc_ohc=PLFvkLmMgRwAX8fPm8r&_nc_ht=scontent-iad3-1.xx&edm=AP4hL3IEAAAA&oh=00_AfAcrlC-TfSb5sc5-zZx44cJ0TOP3aTfIErFWO7AVXXx0A&oe=64B39C28', 'followers_count': 13, 'color': 16085920}, {'uri': 'spotify:user:22if54ib6vwa2kzcxueh4wi4y', 'name': 'Viictor Manuel', 'image_url': 'https://platform-lookaside.fbsbx.com/platform/profilepic/?asid=641789509233897&height=300&width=300&ext=1689517524&hash=AeSBbehyQLO8snF16X8', 'followers_count': 26, 'color': 5282805}, {'uri': 'spotify:user:pskpgd37vn29u1c3bg95vhny6', 'name': 'Vinicius', 'followers_count': 11, 'color': 5282805}, {'uri': 'spotify:user:scorpionkrl', 'name': 'ViniL', 'image_url': 'https://i.scdn.co/image/ab6775700000ee8576a0b013b51d1f3c27cfd765', 'followers_count': 49, 'color': 5282805}, {'uri': 'spotify:user:h4rnxlsiwe3ef2qb9eqz9kkyz', 'name': 'Viper041227', 'image_url': 'https://i.scdn.co/image/ab6775700000ee8528a390c40d7c34535cef5c21', 'followers_count': 17, 'color': 16085920}, {'uri': 'spotify:user:nvm7kotw5abm4r1uuy9olw7ah', 'name': 'Vishal', 'image_url': 'https://i.scdn.co/image/ab6775700000ee85ab79c91d94210fa5d6e38a47', 'followers_count': 17, 'color': 1697420}, {'uri': 'spotify:user:vitalfyre', 'name': 'vitalfyre', 'followers_count': 14, 'color': 16085920}, {'uri': 'spotify:user:22vcxfyges2aa4y42chi7ijra', 'name': 'Vitor Yukio', 'image_url': 'https://platform-lookaside.fbsbx.com/platform/profilepic/?asid=525003804357168&height=300&width=300&ext=1689514537&hash=AeQWU7P-5KdzgAzpUJQ', 'followers_count': 33, 'color': 1697420}, {'uri': 'spotify:user:vitorgamermk', 'name': 'vitorgamermk', 'followers_count': 13, 'color': 5282805}, {'uri': 'spotify:user:31g5bpmdfu4mafzl6uvmok7zp654', 'name': 'Vladimir Paceskoski', 'image_url': 'https://scontent-iad3-1.xx.fbcdn.net/v/t1.30497-1/84628273_176159830277856_972693363922829312_n.jpg?stp=c94.0.320.320a_dst-jpg_p320x320&_nc_cat=1&ccb=1-7&_nc_sid=12b3be&_nc_ohc=K-3THke9Q8AAX_RZsbt&_nc_ht=scontent-iad3-1.xx&edm=AP4hL3IEAAAA&oh=00_AfB3skQt8OumwJH8sVDt6AkIhzsHAkNdxWqm-pGFpT0E3g&oe=64B3EDD9', 'followers_count': 11, 'color': 1697420}, {'uri': 'spotify:user:vlknayldz', 'name': 'Volkan Ayyıldız', 'image_url': 'https://i.scdn.co/image/ab6775700000ee854cfca4cf601771e386d3c97b', 'followers_count': 63, 'color': 16737335}, {'uri': 'spotify:user:22dcztmaqqu4kdsc7qnlpbdua', 'name': 'VRX_Music', 'image_url': 'https://i.scdn.co/image/ab6775700000ee856899f8ff18fd101deb0ea85b', 'followers_count': 29, 'color': 16085920}, {'uri': 'spotify:user:12186863017', 'name': 'Wade Gustaveson', 'image_url': 'https://platform-lookaside.fbsbx.com/platform/profilepic/?asid=1412206782434567&height=300&width=300&ext=1689513342&hash=AeRbVzrpSp612_rEcCk', 'followers_count': 96, 'color': 5282805}, {'uri': 'spotify:user:31u6pbu3vebt2ap6ejmtoh3rnkp4', 'name': 'wail games', 'followers_count': 1, 'color': 16085920}, {'uri': 'spotify:user:f949nouy95qhxq46y4y9ab7s1', 'name': 'Walid refat', 'followers_count': 14, 'color': 8211250}, {'uri': 'spotify:user:qsew4hotmd18a1sj055vh4py5', 'name': 'Walkerbackup', 'followers_count': 33, 'color': 16085920}, {'uri': 'spotify:user:313jkemg4totupctuyscrx2tx6ci', 'name': 'Warb00ts', 'image_url': 'https://i.scdn.co/image/ab6775700000ee852e093606ce0c620c74d9975d', 'followers_count': 5, 'color': 1697420}, {'uri': 'spotify:user:31z7vgeccabvpdwnq6odzoedelau', 'name': 'Wasan Prajongmoon', 'image_url': 'https://platform-lookaside.fbsbx.com/platform/profilepic/?asid=2134030550222584&height=300&width=300&ext=1689514537&hash=AeQN7-is2F5g-gbxpTA', 'followers_count': 12, 'color': 5282805}, {'uri': 'spotify:user:v4re4fie6w7xy8j7biscqzcol', 'name': 'watacopen', 'image_url': 'https://i.scdn.co/image/ab6775700000ee850566c7e520dcbe823f4828b3', 'followers_count': 27, 'color': 5282805}, {'uri': 'spotify:user:qt0f0meqnwjlqb9bx0gwnxfxj', 'name': 'wayne', 'image_url': 'https://i.scdn.co/image/ab6775700000ee853be3c8a19782625d314a6e09', 'followers_count': 28, 'color': 5282805}, {'uri': 'spotify:user:be05xyqagnn95mwn2j7wscx8l', 'name': 'weptover', 'followers_count': 15, 'color': 16085920}, {'uri': 'spotify:user:m6xayouo3or4i3b5r8crv7jzb', 'name': 'whateva', 'image_url': 'https://i.scdn.co/image/ab6775700000ee8590f1d861c369222c6f0abdf2', 'followers_count': 9, 'color': 16737335}, {'uri': 'spotify:user:whoisatg', 'name': 'whoisatg', 'image_url': 'https://i.scdn.co/image/ab6775700000ee856c442d38a1ff997f0e45cc10', 'followers_count': 16, 'color': 5282805}, {'uri': 'spotify:user:willse3662', 'name': 'William Alteryd', 'image_url': 'https://i.scdn.co/image/ab6775700000ee85d150c6a8e4a6fb45a8ec84e7', 'followers_count': 59, 'color': 5282805}, {'uri': 'spotify:user:lx47a4ou2ld7w5l75bhg6xyrd', 'name': 'William Keller', 'image_url': 'https://i.scdn.co/image/ab6775700000ee859fb347fff91d23ff645a5a3a', 'followers_count': 22, 'color': 16737335}, {'uri': 'spotify:user:helmi-2484', 'name': 'Winda Lst', 'image_url': 'https://platform-lookaside.fbsbx.com/platform/profilepic/?asid=1495272733838346&height=300&width=300&ext=1689517524&hash=AeS4fq7tk8DBRTAx0m0', 'followers_count': 16, 'color': 5282805}, {'uri': 'spotify:user:f7tazwl3ewd2mytkwg5driies', 'name': 'Wino', 'image_url': 'https://i.scdn.co/image/ab6775700000ee8502de48de881ae24b9b3b2b88', 'followers_count': 24, 'color': 8211250}, {'uri': 'spotify:user:0v901ug9mkaordpsxwcu2jjs3', 'name': 'Wolfhound', 'image_url': 'https://i.scdn.co/image/ab6775700000ee85ff2554374de6e21f87665f12', 'followers_count': 9, 'color': 16737335}, {'uri': 'spotify:user:31s2zbml3c444gz7jbeq7f37o6lq', 'name': 'Wooh', 'followers_count': 2, 'color': 8211250}, {'uri': 'spotify:user:worldwonder45', 'name': 'worldwonder45', 'followers_count': 14, 'color': 16085920}, {'uri': 'spotify:user:wuzzzzzl', 'name': 'wuzzzzzl', 'followers_count': 15, 'color': 5282805}, {'uri': 'spotify:user:x8tmvnla6q9qdfl6sw956j191', 'name': 'X3noClaw', 'followers_count': 9, 'color': 8211250}, {'uri': 'spotify:user:xaedillius', 'name': 'xaedillius', 'followers_count': 13, 'color': 16085920}, {'uri': 'spotify:user:xandersmeltink69', 'name': 'Xander Smeltink', 'image_url': 'https://i.scdn.co/image/ab6775700000ee85528bad34af9d8e88b6792a83', 'followers_count': 17, 'color': 1697420}, {'uri': 'spotify:user:1162699967', 'name': 'Xavi Sanchez Lopez', 'image_url': 'https://scontent-sea1-1.xx.fbcdn.net/v/t1.6435-1/115950203_3249487251825788_3968086521869089360_n.jpg?stp=dst-jpg_s320x320&_nc_cat=100&ccb=1-7&_nc_sid=0c64ff&_nc_ohc=4pSXHJKEqzUAX9WgQ3u&_nc_ht=scontent-sea1-1.xx&edm=AP4hL3IEAAAA&oh=00_AfBRa0Oy1eUnHrTF2yIU5IDVo4mZKEWN1gfrtXmlkYRVDQ&oe=64B36AFE', 'followers_count': 42, 'color': 16085920}, {'uri': 'spotify:user:xlauralou', 'name': 'xlauralou', 'followers_count': 21, 'color': 11836360}, {'uri': 'spotify:user:31vp2xi7swy5mttcg6w34m6bh674', 'name': 'xRoby46', 'image_url': 'https://i.scdn.co/image/ab6775700000ee856f1829b52bbc840ddaa220f0', 'followers_count': 7, 'color': 16737335}, {'uri': 'spotify:user:eo5ucyd5q3q55jq8akh5u0j26', 'name': 'Xxsugar._.moonxX', 'image_url': 'https://i.scdn.co/image/ab6775700000ee85f2d519248297bf1c47eb04b9', 'followers_count': 22, 'color': 5282805}, {'uri': 'spotify:user:y4u1wus31uoknj2dcht95i5zk', 'name': 'y4u1wus31uoknj2dcht95i5zk', 'followers_count': 10, 'color': 1697420}, {'uri': 'spotify:user:ep5hnhft9sdqnmqwwmn76ambn', 'name': 'Yappari Kiet numberone', 'image_url': 'https://i.scdn.co/image/ab6775700000ee85547a12e2eb7e66a8d7a303ae', 'followers_count': 11, 'color': 16085920}, {'uri': 'spotify:user:r598poopltg1uzrqyyzwkvhc3', 'name': 'Yasin', 'image_url': 'https://i.scdn.co/image/ab6775700000ee8522683fcb98c3126758167659', 'followers_count': 12, 'color': 16085920}, {'uri': 'spotify:user:tioooolouiseeee', 'name': 'YeaItsReese', 'image_url': 'https://i.scdn.co/image/ab6775700000ee858d810148401f0732b384dc9a', 'followers_count': 41, 'color': 8211250}, {'uri': 'spotify:user:qo5kfpaicxk6npo6ylpoofbec', 'name': 'Ynscelik', 'followers_count': 8, 'color': 16085920}, {'uri': 'spotify:user:hs3s0g225jqc14sq1c8xazirg', 'name': 'Yograt', 'image_url': 'https://i.scdn.co/image/ab6775700000ee854f47a3df5f7c65fc95548c16', 'color': 16737335}, {'uri': 'spotify:user:darkangel5608', 'name': 'Yosh', 'followers_count': 8, 'color': 8211250}, {'uri': 'spotify:user:31jliwuirtithzt4yuet4ikuii5e', 'name': 'Youssif Zaghlol', 'image_url': 'https://platform-lookaside.fbsbx.com/platform/profilepic/?asid=2185343885111359&height=300&width=300&ext=1689517524&hash=AeR4STPpPlMAclUy1Y8', 'followers_count': 6, 'color': 8211250}, {'uri': 'spotify:user:dg55hiim1l5xbmn668gjw4t1m', 'name': 'Youtube_Music', 'followers_count': 16, 'color': 11836360}, {'uri': 'spotify:user:ysamukagod', 'name': 'ysamukagod', 'followers_count': 16, 'color': 1697420}, {'uri': 'spotify:user:gw7d2md8gx7ataxize7i00qyy', 'name': 'YudaAnzay', 'followers_count': 16, 'color': 16085920}, {'uri': 'spotify:user:76bfp65hl51sxjqf3wot1yyiq', 'name': 'Yujayy', 'followers_count': 12, 'color': 1697420}, {'uri': 'spotify:user:21vrtdqq2zor5prhx2es7vaei', 'name': 'Yul Koz', 'image_url': 'https://platform-lookaside.fbsbx.com/platform/profilepic/?asid=10206637138114222&height=300&width=300&ext=1689514537&hash=AeRqSKCnfR_yIP1m46o', 'followers_count': 34, 'color': 5282805}, {'uri': 'spotify:user:31nvichwzngjlm654wqsd7ojzfze', 'name': 'Yuriy', 'followers_count': 2, 'color': 16085920}, {'uri': 'spotify:user:wwhoa7n0hccl0eun4j5eaxs1c', 'name': 'Yusuf_Bey', 'image_url': 'https://i.scdn.co/image/ab6775700000ee854b2050b8af853c52e81b2e1a', 'followers_count': 11, 'color': 8211250}, {'uri': 'spotify:user:0n676cxu1xfcaphftzsrjqspc', 'name': 'Yuu', 'image_url': 'https://i.scdn.co/image/ab6775700000ee859e8cca65fdc1e41fc881127e', 'followers_count': 742, 'color': 8211250}, {'uri': 'spotify:user:31b65xh332jsbzpqzwtud46zrn5q', 'name': 'Yuukami', 'followers_count': 2, 'color': 8211250}, {'uri': 'spotify:user:ri7zx29uiifgppt69uxygz4t0', 'name': 'Yêu quái', 'followers_count': 2, 'color': 5282805}, {'uri': 'spotify:user:musher626', 'name': 'Zachary Crouse', 'image_url': 'https://platform-lookaside.fbsbx.com/platform/profilepic/?asid=1761001417445018&height=300&width=300&ext=1689517524&hash=AeRixGOT1UBl9dDYUKg', 'followers_count': 11, 'color': 8211250}, {'uri': 'spotify:user:31rtducp7gtbns4zc4g65bqubk7q', 'name': 'Zayne', 'image_url': 'https://i.scdn.co/image/ab6775700000ee852f3aa1ac293780445586d1d6', 'followers_count': 3, 'color': 11836360}, {'uri': 'spotify:user:zecu93', 'name': 'zecu93', 'image_url': 'https://i.scdn.co/image/ab6775700000ee859a3ac8d38c6554ad0ec42a43', 'followers_count': 77, 'color': 11836360}, {'uri': 'spotify:user:316jrl5dg75dc3qiah7zcenvvp5i', 'name': 'Zero', 'followers_count': 1, 'color': 5282805}, {'uri': 'spotify:user:sojach', 'name': 'Zero', 'followers_count': 12, 'color': 5282805}, {'uri': 'spotify:user:zessed', 'name': 'zessed', 'followers_count': 18, 'color': 16737335}, {'uri': 'spotify:user:3135hrshxovv4whip6kiiis74bxa', 'name': 'Zicor 👾', 'image_url': 'https://platform-lookaside.fbsbx.com/platform/profilepic/?asid=131471594755548&height=300&width=300&ext=1689517524&hash=AeQ97srgLyjTlbortis', 'followers_count': 13, 'color': 16737335}, {'uri': 'spotify:user:l78v9638anzpu4jyxswgv7qfp', 'name': 'Zinwy', 'image_url': 'https://i.scdn.co/image/ab6775700000ee856c7d178f5e078ba5bdcc9c00', 'followers_count': 15, 'color': 8211250}, {'uri': 'spotify:user:31bjkdpysl6oi26tbqau3g4nj4re', 'name': 'Zurich', 'followers_count': 11, 'color': 8211250}, {'uri': 'spotify:user:222d3hqkiunn5fq5yh5fc4v6q', 'name': '~<CARTIER>~', 'image_url': 'https://i.scdn.co/image/ab6775700000ee8599d9a1af5d83e7bec12dc272', 'followers_count': 152, 'color': 5282805}, {'uri': 'spotify:user:%C2%A5king1123', 'name': '¥king1123', 'followers_count': 24, 'color': 1697420}, {'uri': 'spotify:user:11173135017', 'name': 'Çağlar Erdoğdu', 'image_url': 'https://i.scdn.co/image/ab6775700000ee8529f20ac52b006fa8f0f68048', 'followers_count': 510, 'color': 5282805}, {'uri': 'spotify:user:31ur7tckzzpn67zkuunlggyl3u3e', 'name': 'Đinh Thanh Tùng', 'image_url': 'https://i.scdn.co/image/ab6775700000ee859f55931fd539a628d61205f1', 'followers_count': 1, 'color': 5282805}, {'uri': 'spotify:user:1258032564', 'name': 'Đạt Trần', 'image_url': 'https://scontent-iad3-1.xx.fbcdn.net/v/t39.30808-1/340001190_248223340960572_7148895411577087506_n.jpg?stp=c0.107.320.320a_dst-jpg_p320x320&_nc_cat=108&ccb=1-7&_nc_sid=0c64ff&_nc_ohc=WZeuYQ-ZTl4AX-mvHvs&_nc_ht=scontent-iad3-1.xx&edm=AP4hL3IEAAAA&oh=00_AfAGAiS8BTatZqRz5_klWO0SCp24pvUD_4B3x7kzfHLBew&oe=6490C116', 'followers_count': 17, 'color': 16085920}, {'uri': 'spotify:user:31drlmls3qxsy6uc3emnnzvhe2yu', 'name': 'Вячеслав Клименко', 'image_url': 'https://platform-lookaside.fbsbx.com/platform/profilepic/?asid=152629316501518&height=300&width=300&ext=1689517524&hash=AeSEKj1n2j2vxuWn_5U', 'followers_count': 12, 'color': 16737335}, {'uri': 'spotify:user:31vc2t3n3oi7vop5jhpssi7fh5qy', 'name': 'Никита Сомов', 'image_url': 'https://platform-lookaside.fbsbx.com/platform/profilepic/?asid=1220350398152763&height=300&width=300&ext=1689514537&hash=AeQQCpT-LykfYi47JPo', 'followers_count': 13, 'color': 16737335}, {'uri': 'spotify:user:os2axo3m9r5yx0c8cvtuw03i1', 'name': 'Самат Вахитов', 'image_url': 'https://i.scdn.co/image/ab6775700000ee85a25dc7c622c70511b7980efa', 'followers_count': 4, 'color': 16085920}, {'uri': 'spotify:user:4jwa5438tpygbysudrpc86y23', 'name': '•mari•', 'image_url': 'https://i.scdn.co/image/ab6775700000ee8524e437dc643bd70705d8e2f5', 'followers_count': 10, 'color': 8211250}, {'uri': 'spotify:user:21lmqpzervxeliu7se4kbouay', 'name': '∆  Diogo', 'image_url': 'https://platform-lookaside.fbsbx.com/platform/profilepic/?asid=393836867711455&height=300&width=300&ext=1689514537&hash=AeTsAVNnVqW-Uevrrzs', 'followers_count': 14, 'color': 16737335}, {'uri': 'spotify:user:6wmcjve2tzdrjgoi2kryw0uv9', 'name': 'しろくま', 'followers_count': 12, 'color': 1697420}, {'uri': 'spotify:user:h3uame4pnfin6ubwkj4s7romr', 'name': 'だ', 'image_url': 'https://i.scdn.co/image/ab6775700000ee85f09a1f5f60e01e9a21e8287f', 'followers_count': 12, 'color': 16085920}, {'uri': 'spotify:user:31ya677emcro6gy4sgfh43ncl2ny', 'name': 'ともひろ', 'image_url': 'https://i.scdn.co/image/ab6775700000ee851febfb4355d1970cd881722d', 'followers_count': 3, 'color': 11836360}, {'uri': 'spotify:user:abo0yki45xjam9kyefnf62on9', 'name': 'ぴょんぴょん', 'image_url': 'https://i.scdn.co/image/ab6775700000ee85996096374b7d8065e8c84339', 'followers_count': 11, 'color': 16085920}, {'uri': 'spotify:user:g5e1g0ijzm25re7q79wus52zs', 'name': 'イネムリドラゴン', 'image_url': 'https://i.scdn.co/image/ab6775700000ee85f98efcde9fd54ccafcbc738f', 'followers_count': 26, 'color': 16085920}, {'uri': 'spotify:user:9tqa1qim84ryqg5jk3vaendpj', 'name': 'ハチコウ', 'followers_count': 15, 'color': 1697420}, {'uri': 'spotify:user:bnf66p1c4su09get4jp0rjb73', 'name': 'ハヤマル', 'image_url': 'https://i.scdn.co/image/ab6775700000ee85a026cf3327cc12517d06c63f', 'followers_count': 7, 'color': 16737335}, {'uri': 'spotify:user:31oi52b5tcbzwzgrcpk32jqogrxy', 'name': '劉鎮宇', 'image_url': 'https://platform-lookaside.fbsbx.com/platform/profilepic/?asid=1949336768430099&height=300&width=300&ext=1689517524&hash=AeS5TcfwJKG7HZXKE-U', 'followers_count': 10, 'color': 16737335}, {'uri': 'spotify:user:31i2sinxoh7gemtpd4dy7hixlp54', 'name': '廣齊', 'image_url': 'https://platform-lookaside.fbsbx.com/platform/profilepic/?asid=684838749084799&height=300&width=300&ext=1689514537&hash=AeRy8NhWUsUhHq8QwAk', 'followers_count': 11, 'color': 8211250}, {'uri': 'spotify:user:31b6mt5gqe3fqmlh6ihva2dxxv4a', 'name': '暇人鑑真オレ凡人', 'image_url': 'https://i.scdn.co/image/ab6775700000ee856257d38136fc296717510752', 'followers_count': 2, 'color': 16737335}, {'uri': 'spotify:user:kikibunny', 'name': '消太', 'image_url': 'https://i.scdn.co/image/ab6775700000ee85054993a5a0d9b3a8afa5feb3', 'followers_count': 13, 'color': 16737335}, {'uri': 'spotify:user:21glqhsp2kqdue3cha44ylsjy', 'name': '甲瞑子', 'image_url': 'https://platform-lookaside.fbsbx.com/platform/profilepic/?asid=1411968105588660&height=300&width=300&ext=1689520643&hash=AeR15R-fTu8AFAr8BRA', 'followers_count': 32, 'color': 8211250}, {'uri': 'spotify:user:21xsgosfn5ks7zyy6o7am4gvy', 'name': '邱于哲', 'image_url': 'https://platform-lookaside.fbsbx.com/platform/profilepic/?asid=1014376121914555&height=300&width=300&ext=1689517524&hash=AeQmd6DfdMfVIF5hERk', 'followers_count': 26, 'color': 11836360}, {'uri': 'spotify:user:11158507098', 'name': '黃暉盛', 'image_url': 'https://scontent-iad3-2.xx.fbcdn.net/v/t1.18169-1/554150_502517213106515_1466022669_n.jpg?stp=c45.45.567.567a_dst-jpg_s320x320&_nc_cat=106&ccb=1-7&_nc_sid=0c64ff&_nc_ohc=5dZhENls1iYAX_xjyLL&_nc_ht=scontent-iad3-2.xx&edm=AP4hL3IEAAAA&oh=00_AfALsxJPAuBkjzbA07h8uo32QdHTuAQEohwKh-M0Lxd9tg&oe=64B3DB0D', 'followers_count': 62, 'color': 8211250}, {'uri': 'spotify:user:316367zz5k5ttx7duyqmtohentgi', 'name': '김동연', 'followers_count': 2, 'color': 11836360}, {'uri': 'spotify:user:2epscgbnitp7099a4rsttyl0v', 'name': '𝓝𝓞𝓤𝓡', 'image_url': 'https://i.scdn.co/image/ab6775700000ee85e07760bbb4b5f258d5054217', 'followers_count': 5, 'color': 5282805}, {'uri': 'spotify:user:2234mud6qoawunsjz4xmbjc3i', 'name': '𝙁𝘼𝙆𝙐', 'image_url': 'https://i.scdn.co/image/ab6775700000ee85e4ddd894e2362cd4a615fed8', 'followers_count': 27, 'color': 8211250}, {'uri': 'spotify:user:31exhzk3xq2auiisjev75zunx3cu', 'name': '🅴🅻🅸🆃🅴', 'image_url': 'https://i.scdn.co/image/ab6775700000ee85788d89300f7b484fef9231c5', 'followers_count': 10, 'color': 16737335}]}",Get user followers,https://spotify23.p.rapidapi.com/user_followers/,caa81bce8388bd9af90d61fe8256da777656ffbd9088e7b910bc7fd2d9902c06
Music,api_b7cf9aca-e647-4ec1-b11e-ff4fbfc33d67,Spotify,"Spotify Data API for Millions of songs & podcasts, artists, albums, playlists and more.",User profile,https://spotify23.p.rapidapi.com/user_profile/,"[{'name': 'id', 'type': 'STRING', 'description': 'User ID', 'default': 'nocopyrightsounds'}]","{'uri': 'spotify:user:nocopyrightsounds', 'name': 'NCS', 'image_url': 'https://i.scdn.co/image/ab6775700000ee85c6e4ec3bf05af4e1ceee098e', 'followers_count': 539715, 'following_count': 21, 'public_playlists': [{'uri': 'spotify:playlist:7sZbq8QGyMnhKPcLJvCUFD', 'name': 'NCS Releases', 'image_url': 'spotify:image:ab67706c0000da84fb7f425b5c2091e67e0d1923', 'followers_count': 755286}, {'uri': 'spotify:playlist:2NdDBIGHUCu977yW5iKWQY', 'name': 'NCS Top 100', 'image_url': 'spotify:image:ab67706c0000da84049b9816c74774da9d39ac06', 'followers_count': 268346}, {'uri': 'spotify:playlist:2BvXXHZ3Hx4pS5OacZMVKc', 'name': 'Gaming Music 2023', 'image_url': 'spotify:image:ab67706c0000da840f7f9e5bbffa36225a78f65a', 'followers_count': 137005}, {'uri': 'spotify:playlist:6FNtnOdtv1SpDleLuNOsdZ', 'name': 'NCS Arcade Releases', 'image_url': 'spotify:image:ab67706c0000da84baf4ca4455bffea1a7d05554', 'followers_count': 13012}, {'uri': 'spotify:playlist:5FuSBoolvor9fgR28WUNWq', 'name': 'NoCopyrightSounds', 'image_url': 'spotify:image:ab67706c0000da84fe6a73f6c99e109f6108a01b', 'followers_count': 116124}, {'uri': 'spotify:playlist:3O7TvwLeCvuFHU36PsTJRZ', 'name': 'NCS - New Music', 'image_url': 'spotify:image:ab67706c0000da84981935efee0daa6ef0e4f7ff', 'followers_count': 3479}, {'uri': 'spotify:playlist:7fIGJFhLqGXXK435PN0BEA', 'name': 'NCS - Pop Music', 'image_url': 'spotify:image:ab67706c0000da846dd33aa0bc8e0404eeec2c9c', 'followers_count': 22028}, {'uri': 'spotify:playlist:1gUTji7tKnDBTflQHoBJZJ', 'name': 'Gaming Playlist - Arcade ⚡️', 'image_url': 'spotify:image:ab67706c0000da84f34faac7339f34cc02add825', 'followers_count': 9165}, {'uri': 'spotify:playlist:0NOjdgp96kOLpNRJdiouB1', 'name': 'NCS - Drum and Bass', 'image_url': 'spotify:image:ab67706c0000da843e406dbd3a04381730f55e61', 'followers_count': 19319}, {'uri': 'spotify:playlist:4Hcwu4C3gPI67i2wz9UgwS', 'name': 'NCS - Trap Music ', 'image_url': 'spotify:image:ab67706c0000da84b296387c8a85e05c7e8b42cd', 'followers_count': 26667}], 'total_public_playlists_count': 47, 'is_verified': True, 'report_abuse_disabled': True, 'has_spotify_name': True, 'has_spotify_image': True, 'color': 16085920, 'allow_follows': True, 'show_follows': True}",Get user profile,https://spotify23.p.rapidapi.com/user_profile/,2b73585e25fbab44e3bc56e67b32ae5b3436ad0d36c796d59b58dcbbf7160c34
Music,api_b7cf9aca-e647-4ec1-b11e-ff4fbfc33d67,Spotify,"Spotify Data API for Millions of songs & podcasts, artists, albums, playlists and more.",Artist related,https://spotify23.p.rapidapi.com/artist_related/,"[{'name': 'id', 'type': 'STRING', 'description': 'Artist ID', 'default': '2w9zwq3AktTeYYMuhMjju8'}]","{'artists': [{'external_urls': {'spotify': 'https://open.spotify.com/artist/6RQDTlies3nrNDJwXvbBZT'}, 'followers': {'href': None, 'total': 218218}, 'genres': ['romanian pop'], 'id': '6RQDTlies3nrNDJwXvbBZT', 'images': [{'height': 640, 'url': 'https://i.scdn.co/image/ab6761610000e5eb1c81fe3a4d4ad7ce968d1349', 'width': 640}, {'height': 320, 'url': 'https://i.scdn.co/image/ab676161000051741c81fe3a4d4ad7ce968d1349', 'width': 320}, {'height': 160, 'url': 'https://i.scdn.co/image/ab6761610000f1781c81fe3a4d4ad7ce968d1349', 'width': 160}], 'name': 'Otilia', 'popularity': 52, 'type': 'artist', 'uri': 'spotify:artist:6RQDTlies3nrNDJwXvbBZT'}, {'external_urls': {'spotify': 'https://open.spotify.com/artist/57Pw3FSi1qi2fOY4wKOKjK'}, 'followers': {'href': None, 'total': 175485}, 'genres': ['classic disco polo', 'romanian house', 'romanian pop'], 'id': '57Pw3FSi1qi2fOY4wKOKjK', 'images': [{'height': 640, 'url': 'https://i.scdn.co/image/ab6761610000e5ebe9b9fbdd998a20f9d3d28068', 'width': 640}, {'height': 320, 'url': 'https://i.scdn.co/image/ab67616100005174e9b9fbdd998a20f9d3d28068', 'width': 320}, {'height': 160, 'url': 'https://i.scdn.co/image/ab6761610000f178e9b9fbdd998a20f9d3d28068', 'width': 160}], 'name': 'Akcent', 'popularity': 50, 'type': 'artist', 'uri': 'spotify:artist:57Pw3FSi1qi2fOY4wKOKjK'}, {'external_urls': {'spotify': 'https://open.spotify.com/artist/0BmLNz4nSLfoWYW1cYsElL'}, 'followers': {'href': None, 'total': 376747}, 'genres': ['romanian pop'], 'id': '0BmLNz4nSLfoWYW1cYsElL', 'images': [{'height': 640, 'url': 'https://i.scdn.co/image/ab6761610000e5eb750e2b92595d4e5b75f94873', 'width': 640}, {'height': 320, 'url': 'https://i.scdn.co/image/ab67616100005174750e2b92595d4e5b75f94873', 'width': 320}, {'height': 160, 'url': 'https://i.scdn.co/image/ab6761610000f178750e2b92595d4e5b75f94873', 'width': 160}], 'name': 'Alexandra Stan', 'popularity': 61, 'type': 'artist', 'uri': 'spotify:artist:0BmLNz4nSLfoWYW1cYsElL'}, {'external_urls': {'spotify': 'https://open.spotify.com/artist/2b01rwtcqW5LyfVBMzIFQ4'}, 'followers': {'href': None, 'total': 76516}, 'genres': ['romanian pop'], 'id': '2b01rwtcqW5LyfVBMzIFQ4', 'images': [{'height': 640, 'url': 'https://i.scdn.co/image/ab6761610000e5ebd7fc46d6b21a51bcb57e55eb', 'width': 640}, {'height': 320, 'url': 'https://i.scdn.co/image/ab67616100005174d7fc46d6b21a51bcb57e55eb', 'width': 320}, {'height': 160, 'url': 'https://i.scdn.co/image/ab6761610000f178d7fc46d6b21a51bcb57e55eb', 'width': 160}], 'name': 'Kate Linn', 'popularity': 46, 'type': 'artist', 'uri': 'spotify:artist:2b01rwtcqW5LyfVBMzIFQ4'}, {'external_urls': {'spotify': 'https://open.spotify.com/artist/4TLzMoEaUDkcAfIlY3Xhxn'}, 'followers': {'href': None, 'total': 132007}, 'genres': ['romanian pop'], 'id': '4TLzMoEaUDkcAfIlY3Xhxn', 'images': [{'height': 640, 'url': 'https://i.scdn.co/image/ab6761610000e5ebd42df33b004a1fbb03bd9620', 'width': 640}, {'height': 320, 'url': 'https://i.scdn.co/image/ab67616100005174d42df33b004a1fbb03bd9620', 'width': 320}, {'height': 160, 'url': 'https://i.scdn.co/image/ab6761610000f178d42df33b004a1fbb03bd9620', 'width': 160}], 'name': 'Antonia', 'popularity': 51, 'type': 'artist', 'uri': 'spotify:artist:4TLzMoEaUDkcAfIlY3Xhxn'}, {'external_urls': {'spotify': 'https://open.spotify.com/artist/1oqThNqOfhev071PvmOwWQ'}, 'followers': {'href': None, 'total': 167113}, 'genres': ['romanian house', 'romanian pop'], 'id': '1oqThNqOfhev071PvmOwWQ', 'images': [{'height': 640, 'url': 'https://i.scdn.co/image/ab6761610000e5eba8f9dce9103e30a3f9a3d781', 'width': 640}, {'height': 320, 'url': 'https://i.scdn.co/image/ab67616100005174a8f9dce9103e30a3f9a3d781', 'width': 320}, {'height': 160, 'url': 'https://i.scdn.co/image/ab6761610000f178a8f9dce9103e30a3f9a3d781', 'width': 160}], 'name': 'DJ Project', 'popularity': 48, 'type': 'artist', 'uri': 'spotify:artist:1oqThNqOfhev071PvmOwWQ'}, {'external_urls': {'spotify': 'https://open.spotify.com/artist/1oiZoULxUJDYGOKMgVefP4'}, 'followers': {'href': None, 'total': 48392}, 'genres': ['europop', 'romanian pop'], 'id': '1oiZoULxUJDYGOKMgVefP4', 'images': [{'height': 640, 'url': 'https://i.scdn.co/image/ab6761610000e5eb2a7ed9042a0122efcc29cccc', 'width': 640}, {'height': 320, 'url': 'https://i.scdn.co/image/ab676161000051742a7ed9042a0122efcc29cccc', 'width': 320}, {'height': 160, 'url': 'https://i.scdn.co/image/ab6761610000f1782a7ed9042a0122efcc29cccc', 'width': 160}], 'name': 'Morandi', 'popularity': 44, 'type': 'artist', 'uri': 'spotify:artist:1oiZoULxUJDYGOKMgVefP4'}, {'external_urls': {'spotify': 'https://open.spotify.com/artist/2Rum2rwDio2My0Md24m3Oa'}, 'followers': {'href': None, 'total': 104331}, 'genres': ['romanian pop'], 'id': '2Rum2rwDio2My0Md24m3Oa', 'images': [{'height': 640, 'url': 'https://i.scdn.co/image/ab6761610000e5eb5528742b7e1ca953de6ac2e9', 'width': 640}, {'height': 320, 'url': 'https://i.scdn.co/image/ab676161000051745528742b7e1ca953de6ac2e9', 'width': 320}, {'height': 160, 'url': 'https://i.scdn.co/image/ab6761610000f1785528742b7e1ca953de6ac2e9', 'width': 160}], 'name': 'Fly Project', 'popularity': 57, 'type': 'artist', 'uri': 'spotify:artist:2Rum2rwDio2My0Md24m3Oa'}, {'external_urls': {'spotify': 'https://open.spotify.com/artist/0TmLIfQje5MdX2ovu4yQKz'}, 'followers': {'href': None, 'total': 39305}, 'genres': [], 'id': '0TmLIfQje5MdX2ovu4yQKz', 'images': [{'height': 640, 'url': 'https://i.scdn.co/image/ab6761610000e5ebfa7715c354d9412ae378e45b', 'width': 640}, {'height': 320, 'url': 'https://i.scdn.co/image/ab67616100005174fa7715c354d9412ae378e45b', 'width': 320}, {'height': 160, 'url': 'https://i.scdn.co/image/ab6761610000f178fa7715c354d9412ae378e45b', 'width': 160}], 'name': 'Monoir', 'popularity': 46, 'type': 'artist', 'uri': 'spotify:artist:0TmLIfQje5MdX2ovu4yQKz'}, {'external_urls': {'spotify': 'https://open.spotify.com/artist/0rDSGIC4lIxx1zc0eGJY42'}, 'followers': {'href': None, 'total': 59847}, 'genres': ['romanian pop'], 'id': '0rDSGIC4lIxx1zc0eGJY42', 'images': [{'height': 640, 'url': 'https://i.scdn.co/image/ab6761610000e5eb8262b709f687d9f1b9a3454b', 'width': 640}, {'height': 320, 'url': 'https://i.scdn.co/image/ab676161000051748262b709f687d9f1b9a3454b', 'width': 320}, {'height': 160, 'url': 'https://i.scdn.co/image/ab6761610000f1788262b709f687d9f1b9a3454b', 'width': 160}], 'name': 'Dj Sava', 'popularity': 42, 'type': 'artist', 'uri': 'spotify:artist:0rDSGIC4lIxx1zc0eGJY42'}, {'external_urls': {'spotify': 'https://open.spotify.com/artist/6XwwFnewNgWp81MYMK8zLq'}, 'followers': {'href': None, 'total': 219391}, 'genres': ['romanian house', 'romanian pop'], 'id': '6XwwFnewNgWp81MYMK8zLq', 'images': [{'height': 640, 'url': 'https://i.scdn.co/image/ab6761610000e5eb877f1dbdef641d7e31c90d4c', 'width': 640}, {'height': 320, 'url': 'https://i.scdn.co/image/ab67616100005174877f1dbdef641d7e31c90d4c', 'width': 320}, {'height': 160, 'url': 'https://i.scdn.co/image/ab6761610000f178877f1dbdef641d7e31c90d4c', 'width': 160}], 'name': 'Edward Maya', 'popularity': 63, 'type': 'artist', 'uri': 'spotify:artist:6XwwFnewNgWp81MYMK8zLq'}, {'external_urls': {'spotify': 'https://open.spotify.com/artist/3gvNMbcnvmnjGaG6hvJfSH'}, 'followers': {'href': None, 'total': 498518}, 'genres': ['romanian pop'], 'id': '3gvNMbcnvmnjGaG6hvJfSH', 'images': [{'height': 640, 'url': 'https://i.scdn.co/image/ab6761610000e5eb0336838eb9cae3375b6cf43a', 'width': 640}, {'height': 320, 'url': 'https://i.scdn.co/image/ab676161000051740336838eb9cae3375b6cf43a', 'width': 320}, {'height': 160, 'url': 'https://i.scdn.co/image/ab6761610000f1780336838eb9cae3375b6cf43a', 'width': 160}], 'name': 'Smiley', 'popularity': 49, 'type': 'artist', 'uri': 'spotify:artist:3gvNMbcnvmnjGaG6hvJfSH'}, {'external_urls': {'spotify': 'https://open.spotify.com/artist/3ZASW3RrHBbSRkNLjOrAFF'}, 'followers': {'href': None, 'total': 41187}, 'genres': ['romanian house', 'romanian pop'], 'id': '3ZASW3RrHBbSRkNLjOrAFF', 'images': [{'height': 640, 'url': 'https://i.scdn.co/image/ab6761610000e5eb5985f3c672438221b2d6d663', 'width': 640}, {'height': 320, 'url': 'https://i.scdn.co/image/ab676161000051745985f3c672438221b2d6d663', 'width': 320}, {'height': 160, 'url': 'https://i.scdn.co/image/ab6761610000f1785985f3c672438221b2d6d663', 'width': 160}], 'name': 'Sasha Lopez', 'popularity': 49, 'type': 'artist', 'uri': 'spotify:artist:3ZASW3RrHBbSRkNLjOrAFF'}, {'external_urls': {'spotify': 'https://open.spotify.com/artist/05qpk4JDcLSFNJSsPIZ8Ye'}, 'followers': {'href': None, 'total': 369604}, 'genres': ['romanian pop'], 'id': '05qpk4JDcLSFNJSsPIZ8Ye', 'images': [{'height': 640, 'url': 'https://i.scdn.co/image/ab6761610000e5ebdbe3b95bf72c04d0669e0eb1', 'width': 640}, {'height': 320, 'url': 'https://i.scdn.co/image/ab67616100005174dbe3b95bf72c04d0669e0eb1', 'width': 320}, {'height': 160, 'url': 'https://i.scdn.co/image/ab6761610000f178dbe3b95bf72c04d0669e0eb1', 'width': 160}], 'name': 'The Motans', 'popularity': 51, 'type': 'artist', 'uri': 'spotify:artist:05qpk4JDcLSFNJSsPIZ8Ye'}, {'external_urls': {'spotify': 'https://open.spotify.com/artist/1MRQV5l5n4ax84U6CQljVq'}, 'followers': {'href': None, 'total': 66691}, 'genres': ['classic romanian pop', 'romanian house', 'romanian pop'], 'id': '1MRQV5l5n4ax84U6CQljVq', 'images': [{'height': 640, 'url': 'https://i.scdn.co/image/ab67616d0000b27334866e61dc5c8c9b9d1fba92', 'width': 640}, {'height': 300, 'url': 'https://i.scdn.co/image/ab67616d00001e0234866e61dc5c8c9b9d1fba92', 'width': 300}, {'height': 64, 'url': 'https://i.scdn.co/image/ab67616d0000485134866e61dc5c8c9b9d1fba92', 'width': 64}], 'name': 'Andreea Banica', 'popularity': 35, 'type': 'artist', 'uri': 'spotify:artist:1MRQV5l5n4ax84U6CQljVq'}, {'external_urls': {'spotify': 'https://open.spotify.com/artist/7hQmAXAzWI6D350VTgkKTG'}, 'followers': {'href': None, 'total': 191276}, 'genres': ['persian pop'], 'id': '7hQmAXAzWI6D350VTgkKTG', 'images': [{'height': 640, 'url': 'https://i.scdn.co/image/ab6761610000e5eba70ab4d7f3d5795603d2a4f8', 'width': 640}, {'height': 320, 'url': 'https://i.scdn.co/image/ab67616100005174a70ab4d7f3d5795603d2a4f8', 'width': 320}, {'height': 160, 'url': 'https://i.scdn.co/image/ab6761610000f178a70ab4d7f3d5795603d2a4f8', 'width': 160}], 'name': 'Arash', 'popularity': 56, 'type': 'artist', 'uri': 'spotify:artist:7hQmAXAzWI6D350VTgkKTG'}, {'external_urls': {'spotify': 'https://open.spotify.com/artist/4oE7f7lNFkh0EbEZWEawBF'}, 'followers': {'href': None, 'total': 17681}, 'genres': [], 'id': '4oE7f7lNFkh0EbEZWEawBF', 'images': [{'height': 640, 'url': 'https://i.scdn.co/image/ab6761610000e5eb69be3df5d247c29d7e90283a', 'width': 640}, {'height': 320, 'url': 'https://i.scdn.co/image/ab6761610000517469be3df5d247c29d7e90283a', 'width': 320}, {'height': 160, 'url': 'https://i.scdn.co/image/ab6761610000f17869be3df5d247c29d7e90283a', 'width': 160}], 'name': 'SICKOTOY', 'popularity': 50, 'type': 'artist', 'uri': 'spotify:artist:4oE7f7lNFkh0EbEZWEawBF'}, {'external_urls': {'spotify': 'https://open.spotify.com/artist/5T0j6On1EthT2QVNXh8vqc'}, 'followers': {'href': None, 'total': 139607}, 'genres': ['romanian pop'], 'id': '5T0j6On1EthT2QVNXh8vqc', 'images': [{'height': 640, 'url': 'https://i.scdn.co/image/ab6761610000e5ebfba9f44397d3e18bc08e6849', 'width': 640}, {'height': 320, 'url': 'https://i.scdn.co/image/ab67616100005174fba9f44397d3e18bc08e6849', 'width': 320}, {'height': 160, 'url': 'https://i.scdn.co/image/ab6761610000f178fba9f44397d3e18bc08e6849', 'width': 160}], 'name': 'Minelli', 'popularity': 59, 'type': 'artist', 'uri': 'spotify:artist:5T0j6On1EthT2QVNXh8vqc'}, {'external_urls': {'spotify': 'https://open.spotify.com/artist/4ljZpmnnnA1ezEdylZuNLK'}, 'followers': {'href': None, 'total': 19938}, 'genres': [], 'id': '4ljZpmnnnA1ezEdylZuNLK', 'images': [{'height': 640, 'url': 'https://i.scdn.co/image/ab6761610000e5eb478d3a0a25718ebda1b43848', 'width': 640}, {'height': 320, 'url': 'https://i.scdn.co/image/ab67616100005174478d3a0a25718ebda1b43848', 'width': 320}, {'height': 160, 'url': 'https://i.scdn.co/image/ab6761610000f178478d3a0a25718ebda1b43848', 'width': 160}], 'name': 'Holy Molly', 'popularity': 55, 'type': 'artist', 'uri': 'spotify:artist:4ljZpmnnnA1ezEdylZuNLK'}, {'external_urls': {'spotify': 'https://open.spotify.com/artist/4T8dF8zYAxgtlPPICuFQ5w'}, 'followers': {'href': None, 'total': 65180}, 'genres': ['chill house'], 'id': '4T8dF8zYAxgtlPPICuFQ5w', 'images': [{'height': 640, 'url': 'https://i.scdn.co/image/ab6761610000e5ebf7432c29a61bd1c67aee2748', 'width': 640}, {'height': 320, 'url': 'https://i.scdn.co/image/ab67616100005174f7432c29a61bd1c67aee2748', 'width': 320}, {'height': 160, 'url': 'https://i.scdn.co/image/ab6761610000f178f7432c29a61bd1c67aee2748', 'width': 160}], 'name': 'Pascal Junior', 'popularity': 49, 'type': 'artist', 'uri': 'spotify:artist:4T8dF8zYAxgtlPPICuFQ5w'}]}",Artist related,https://spotify23.p.rapidapi.com/artist_related/,529dcb31d41271816bcf1c72ca686b3b9359cbca252aeaa95ce46366273d214c
Music,api_b7cf9aca-e647-4ec1-b11e-ff4fbfc33d67,Spotify,"Spotify Data API for Millions of songs & podcasts, artists, albums, playlists and more.",Artist albums,https://spotify23.p.rapidapi.com/artist_albums/,"[{'name': 'id', 'type': 'STRING', 'description': 'Artist ID', 'default': '2w9zwq3AktTeYYMuhMjju8'}]","{'data': {'artist': {'discography': {'albums': {'totalCount': 11, 'items': [{'releases': {'items': [{'id': '5aWF6mKr3bSRlMnyxA8Tip', 'uri': 'spotify:album:5aWF6mKr3bSRlMnyxA8Tip', 'name': 'Champagne Problems #DQH2', 'type': 'ALBUM', 'date': {'year': 2022, 'isoString': '2022-03-11T00:00:00Z'}, 'coverArt': {'sources': [{'url': 'https://i.scdn.co/image/ab67616d00001e02fec9341c25339773dfe59cb5', 'width': 300, 'height': 300}, {'url': 'https://i.scdn.co/image/ab67616d00004851fec9341c25339773dfe59cb5', 'width': 64, 'height': 64}, {'url': 'https://i.scdn.co/image/ab67616d0000b273fec9341c25339773dfe59cb5', 'width': 640, 'height': 640}]}, 'playability': {'playable': True, 'reason': 'PLAYABLE'}, 'sharingInfo': {'shareId': 'wI9xHjHwTXeouhmGmfhwiw', 'shareUrl': 'https://open.spotify.com/album/5aWF6mKr3bSRlMnyxA8Tip?si=wI9xHjHwTXeouhmGmfhwiw'}, 'tracks': {'totalCount': 8}}]}}, {'releases': {'items': [{'id': '62XwEYC2iJIX37oZlJbsvi', 'uri': 'spotify:album:62XwEYC2iJIX37oZlJbsvi', 'name': 'Champagne Problems #DQH1', 'type': 'ALBUM', 'date': {'year': 2022, 'isoString': '2022-01-07T00:00:00Z'}, 'coverArt': {'sources': [{'url': 'https://i.scdn.co/image/ab67616d00001e02482832441ba0b9f1ede62ae6', 'width': 300, 'height': 300}, {'url': 'https://i.scdn.co/image/ab67616d00004851482832441ba0b9f1ede62ae6', 'width': 64, 'height': 64}, {'url': 'https://i.scdn.co/image/ab67616d0000b273482832441ba0b9f1ede62ae6', 'width': 640, 'height': 640}]}, 'playability': {'playable': True, 'reason': 'PLAYABLE'}, 'sharingInfo': {'shareId': 'U3BC5m08SnSKjdBDs5tXpg', 'shareUrl': 'https://open.spotify.com/album/62XwEYC2iJIX37oZlJbsvi?si=U3BC5m08SnSKjdBDs5tXpg'}, 'tracks': {'totalCount': 8}}]}}, {'releases': {'items': [{'id': '3QFR3OduDKvQpTPsnmiYl9', 'uri': 'spotify:album:3QFR3OduDKvQpTPsnmiYl9', 'name': 'Heartbreaker', 'type': 'ALBUM', 'date': {'year': 2020, 'isoString': '2020-12-04T00:00:00Z'}, 'coverArt': {'sources': [{'url': 'https://i.scdn.co/image/ab67616d00001e02c1725be0a413be97208ccdca', 'width': 300, 'height': 300}, {'url': 'https://i.scdn.co/image/ab67616d00004851c1725be0a413be97208ccdca', 'width': 64, 'height': 64}, {'url': 'https://i.scdn.co/image/ab67616d0000b273c1725be0a413be97208ccdca', 'width': 640, 'height': 640}]}, 'playability': {'playable': True, 'reason': 'PLAYABLE'}, 'sharingInfo': {'shareId': '0pGYpYUTThSM5KXK3jOM3w', 'shareUrl': 'https://open.spotify.com/album/3QFR3OduDKvQpTPsnmiYl9?si=0pGYpYUTThSM5KXK3jOM3w'}, 'tracks': {'totalCount': 10}}]}}, {'releases': {'items': [{'id': '4BaDuakq8ON5eOQFRoNYM5', 'uri': 'spotify:album:4BaDuakq8ON5eOQFRoNYM5', 'name': 'YO', 'type': 'ALBUM', 'date': {'year': 2019, 'isoString': '2019-05-31T00:00:00Z'}, 'coverArt': {'sources': [{'url': 'https://i.scdn.co/image/ab67616d00001e02eaa5b18552a3e2e9f95eb9ca', 'width': 300, 'height': 300}, {'url': 'https://i.scdn.co/image/ab67616d00004851eaa5b18552a3e2e9f95eb9ca', 'width': 64, 'height': 64}, {'url': 'https://i.scdn.co/image/ab67616d0000b273eaa5b18552a3e2e9f95eb9ca', 'width': 640, 'height': 640}]}, 'playability': {'playable': True, 'reason': 'PLAYABLE'}, 'sharingInfo': {'shareId': '2eySg68HRvKjInTVIYx_wQ', 'shareUrl': 'https://open.spotify.com/album/4BaDuakq8ON5eOQFRoNYM5?si=2eySg68HRvKjInTVIYx_wQ'}, 'tracks': {'totalCount': 11}}]}}, {'releases': {'items': [{'id': '1LybLcJ9KuOeLHsn1NEe3j', 'uri': 'spotify:album:1LybLcJ9KuOeLHsn1NEe3j', 'name': 'Inna', 'type': 'ALBUM', 'date': {'year': 2015, 'isoString': '2015-10-30T00:00:00Z'}, 'coverArt': {'sources': [{'url': 'https://i.scdn.co/image/ab67616d00001e023257e2b781094bcdc048b2f2', 'width': 300, 'height': 300}, {'url': 'https://i.scdn.co/image/ab67616d000048513257e2b781094bcdc048b2f2', 'width': 64, 'height': 64}, {'url': 'https://i.scdn.co/image/ab67616d0000b2733257e2b781094bcdc048b2f2', 'width': 640, 'height': 640}]}, 'playability': {'playable': True, 'reason': 'PLAYABLE'}, 'sharingInfo': {'shareId': 'wzfW_TD9QeK9aXppb8eBUA', 'shareUrl': 'https://open.spotify.com/album/1LybLcJ9KuOeLHsn1NEe3j?si=wzfW_TD9QeK9aXppb8eBUA'}, 'tracks': {'totalCount': 18}}, {'id': '1b66d3S1h7hMEhCPBXlnbn', 'uri': 'spotify:album:1b66d3S1h7hMEhCPBXlnbn', 'name': 'INNA', 'type': 'ALBUM', 'date': {'year': 2015, 'isoString': '2015-10-30T00:00:00Z'}, 'coverArt': {'sources': [{'url': 'https://i.scdn.co/image/ab67616d00001e022824fd35dd1dffcfe1b77c20', 'width': 300, 'height': 300}, {'url': 'https://i.scdn.co/image/ab67616d000048512824fd35dd1dffcfe1b77c20', 'width': 64, 'height': 64}, {'url': 'https://i.scdn.co/image/ab67616d0000b2732824fd35dd1dffcfe1b77c20', 'width': 640, 'height': 640}]}, 'playability': {'playable': True, 'reason': 'PLAYABLE'}, 'sharingInfo': {'shareId': '8vEY43OeSPqboOVYy-lAsw', 'shareUrl': 'https://open.spotify.com/album/1b66d3S1h7hMEhCPBXlnbn?si=8vEY43OeSPqboOVYy-lAsw'}, 'tracks': {'totalCount': 17}}]}}, {'releases': {'items': [{'id': '07hKp30OfkSekfN5IsmShA', 'uri': 'spotify:album:07hKp30OfkSekfN5IsmShA', 'name': 'Party Never Ends', 'type': 'ALBUM', 'date': {'year': 2014, 'isoString': '2014-10-14T00:00:00Z'}, 'coverArt': {'sources': [{'url': 'https://i.scdn.co/image/ab67616d00001e02b897678be24ef27cb5ee4ab6', 'width': 300, 'height': 300}, {'url': 'https://i.scdn.co/image/ab67616d00004851b897678be24ef27cb5ee4ab6', 'width': 64, 'height': 64}, {'url': 'https://i.scdn.co/image/ab67616d0000b273b897678be24ef27cb5ee4ab6', 'width': 640, 'height': 640}]}, 'playability': {'playable': True, 'reason': 'PLAYABLE'}, 'sharingInfo': {'shareId': 'KRcJWn2KTWeffswafPK-BA', 'shareUrl': 'https://open.spotify.com/album/07hKp30OfkSekfN5IsmShA?si=KRcJWn2KTWeffswafPK-BA'}, 'tracks': {'totalCount': 15}}, {'id': '2qL4k9MmaPNgj2PMayGuHH', 'uri': 'spotify:album:2qL4k9MmaPNgj2PMayGuHH', 'name': 'Party Never Ends, Pt. 1 (Deluxe Edition)', 'type': 'ALBUM', 'date': {'year': 2013, 'isoString': '2013-03-04T00:00:00Z'}, 'coverArt': {'sources': [{'url': 'https://i.scdn.co/image/ab67616d00001e0221e639a53f2707d4b32f7faf', 'width': 300, 'height': 300}, {'url': 'https://i.scdn.co/image/ab67616d0000485121e639a53f2707d4b32f7faf', 'width': 64, 'height': 64}, {'url': 'https://i.scdn.co/image/ab67616d0000b27321e639a53f2707d4b32f7faf', 'width': 640, 'height': 640}]}, 'playability': {'playable': True, 'reason': 'PLAYABLE'}, 'sharingInfo': {'shareId': 'EyUK5teBROqbFaCxMrhuxQ', 'shareUrl': 'https://open.spotify.com/album/2qL4k9MmaPNgj2PMayGuHH?si=EyUK5teBROqbFaCxMrhuxQ'}, 'tracks': {'totalCount': 16}}]}}, {'releases': {'items': [{'id': '2iIiwsEKIHPZXIHr1qO4fD', 'uri': 'spotify:album:2iIiwsEKIHPZXIHr1qO4fD', 'name': 'Party Never Ends, Pt. 2 (Deluxe Editon)', 'type': 'ALBUM', 'date': {'year': 2013, 'isoString': '2013-03-04T00:00:00Z'}, 'coverArt': {'sources': [{'url': 'https://i.scdn.co/image/ab67616d00001e02813ec28d324f446a38bd7379', 'width': 300, 'height': 300}, {'url': 'https://i.scdn.co/image/ab67616d00004851813ec28d324f446a38bd7379', 'width': 64, 'height': 64}, {'url': 'https://i.scdn.co/image/ab67616d0000b273813ec28d324f446a38bd7379', 'width': 640, 'height': 640}]}, 'playability': {'playable': True, 'reason': 'PLAYABLE'}, 'sharingInfo': {'shareId': 'CUyjU0uWQB-9NjQZkBkTqw', 'shareUrl': 'https://open.spotify.com/album/2iIiwsEKIHPZXIHr1qO4fD?si=CUyjU0uWQB-9NjQZkBkTqw'}, 'tracks': {'totalCount': 9}}]}}, {'releases': {'items': [{'id': '4lVMYJoQGTWtlggefBGef4', 'uri': 'spotify:album:4lVMYJoQGTWtlggefBGef4', 'name': 'Party Never Ends, Part 2 (Deluxe Edition)', 'type': 'ALBUM', 'date': {'year': 2013, 'isoString': '2013-01-01T00:00:00Z'}, 'coverArt': {'sources': [{'url': 'https://i.scdn.co/image/ab67616d00001e027daff2c7c8a71f644af6b265', 'width': 300, 'height': 300}, {'url': 'https://i.scdn.co/image/ab67616d000048517daff2c7c8a71f644af6b265', 'width': 64, 'height': 64}, {'url': 'https://i.scdn.co/image/ab67616d0000b2737daff2c7c8a71f644af6b265', 'width': 640, 'height': 640}]}, 'playability': {'playable': True, 'reason': 'PLAYABLE'}, 'sharingInfo': {'shareId': 'Y1vSwD_GRqyfd2S3tzfX7A', 'shareUrl': 'https://open.spotify.com/album/4lVMYJoQGTWtlggefBGef4?si=Y1vSwD_GRqyfd2S3tzfX7A'}, 'tracks': {'totalCount': 9}}]}}, {'releases': {'items': [{'id': '45WWiybURSpC7tslSxGnrf', 'uri': 'spotify:album:45WWiybURSpC7tslSxGnrf', 'name': 'Party Never Ends, Part 1 (Deluxe Edition)', 'type': 'ALBUM', 'date': {'year': 2013, 'isoString': '2013-01-01T00:00:00Z'}, 'coverArt': {'sources': [{'url': 'https://i.scdn.co/image/ab67616d00001e02789b5fef31115d1437e2d5a5', 'width': 300, 'height': 300}, {'url': 'https://i.scdn.co/image/ab67616d00004851789b5fef31115d1437e2d5a5', 'width': 64, 'height': 64}, {'url': 'https://i.scdn.co/image/ab67616d0000b273789b5fef31115d1437e2d5a5', 'width': 640, 'height': 640}]}, 'playability': {'playable': True, 'reason': 'PLAYABLE'}, 'sharingInfo': {'shareId': 'soJxtgqITrmmw-MuqAS5nw', 'shareUrl': 'https://open.spotify.com/album/45WWiybURSpC7tslSxGnrf?si=soJxtgqITrmmw-MuqAS5nw'}, 'tracks': {'totalCount': 16}}]}}, {'releases': {'items': [{'id': '7LUW42pRwoFJV3bIFeliVJ', 'uri': 'spotify:album:7LUW42pRwoFJV3bIFeliVJ', 'name': 'I Am the Club Rocker', 'type': 'ALBUM', 'date': {'year': 2011, 'isoString': '2011-01-01T00:00:00Z'}, 'coverArt': {'sources': [{'url': 'https://i.scdn.co/image/ab67616d00001e02464f14f7c511222dc6c95b97', 'width': 300, 'height': 300}, {'url': 'https://i.scdn.co/image/ab67616d00004851464f14f7c511222dc6c95b97', 'width': 64, 'height': 64}, {'url': 'https://i.scdn.co/image/ab67616d0000b273464f14f7c511222dc6c95b97', 'width': 640, 'height': 640}]}, 'playability': {'playable': True, 'reason': 'PLAYABLE'}, 'sharingInfo': {'shareId': '-jig-KGHReeOaEhW76GX8A', 'shareUrl': 'https://open.spotify.com/album/7LUW42pRwoFJV3bIFeliVJ?si=-jig-KGHReeOaEhW76GX8A'}, 'tracks': {'totalCount': 13}}, {'id': '2DSZn3i8s1nI8fE01Io4LC', 'uri': 'spotify:album:2DSZn3i8s1nI8fE01Io4LC', 'name': 'I Am the Club Rocker', 'type': 'ALBUM', 'date': {'year': 2011, 'isoString': '2011-09-19T00:00:00Z'}, 'coverArt': {'sources': [{'url': 'https://i.scdn.co/image/ab67616d00001e02e30fab560fe8059246acfd23', 'width': 300, 'height': 300}, {'url': 'https://i.scdn.co/image/ab67616d00004851e30fab560fe8059246acfd23', 'width': 64, 'height': 64}, {'url': 'https://i.scdn.co/image/ab67616d0000b273e30fab560fe8059246acfd23', 'width': 640, 'height': 640}]}, 'playability': {'playable': True, 'reason': 'PLAYABLE'}, 'sharingInfo': {'shareId': 'AY0IVZI0S3euvRHY4kFU0g', 'shareUrl': 'https://open.spotify.com/album/2DSZn3i8s1nI8fE01Io4LC?si=AY0IVZI0S3euvRHY4kFU0g'}, 'tracks': {'totalCount': 13}}]}}, {'releases': {'items': [{'id': '1BykQV2nA2F8zXzsUJ6DQ2', 'uri': 'spotify:album:1BykQV2nA2F8zXzsUJ6DQ2', 'name': 'Hot', 'type': 'ALBUM', 'date': {'year': 2010, 'isoString': '2010-01-01T00:00:00Z'}, 'coverArt': {'sources': [{'url': 'https://i.scdn.co/image/ab67616d00001e02429b0446d222e4ff7bbaa68b', 'width': 300, 'height': 300}, {'url': 'https://i.scdn.co/image/ab67616d00004851429b0446d222e4ff7bbaa68b', 'width': 64, 'height': 64}, {'url': 'https://i.scdn.co/image/ab67616d0000b273429b0446d222e4ff7bbaa68b', 'width': 640, 'height': 640}]}, 'playability': {'playable': True, 'reason': 'PLAYABLE'}, 'sharingInfo': {'shareId': '_p5xr86ASIiFqtUWqVKokg', 'shareUrl': 'https://open.spotify.com/album/1BykQV2nA2F8zXzsUJ6DQ2?si=_p5xr86ASIiFqtUWqVKokg'}, 'tracks': {'totalCount': 12}}, {'id': '7mRhzwh8TINisagYjnmIMT', 'uri': 'spotify:album:7mRhzwh8TINisagYjnmIMT', 'name': 'Hot', 'type': 'ALBUM', 'date': {'year': 2010, 'isoString': '2010-01-01T00:00:00Z'}, 'coverArt': {'sources': [{'url': 'https://i.scdn.co/image/ab67616d00001e02497e791a71b496fa4ddbc363', 'width': 300, 'height': 300}, {'url': 'https://i.scdn.co/image/ab67616d00004851497e791a71b496fa4ddbc363', 'width': 64, 'height': 64}, {'url': 'https://i.scdn.co/image/ab67616d0000b273497e791a71b496fa4ddbc363', 'width': 640, 'height': 640}]}, 'playability': {'playable': True, 'reason': 'PLAYABLE'}, 'sharingInfo': {'shareId': 'rEeyU5K1SS-N9C2Q4GH9LA', 'shareUrl': 'https://open.spotify.com/album/7mRhzwh8TINisagYjnmIMT?si=rEeyU5K1SS-N9C2Q4GH9LA'}, 'tracks': {'totalCount': 12}}]}}]}}}}, 'extensions': []}",Get artist albums,https://spotify23.p.rapidapi.com/artist_albums/,65d53e7bc8e99caefd77db73dcaefdde1c8ef41c66376ca44d61e275ddb48cd3
Music,api_b7cf9aca-e647-4ec1-b11e-ff4fbfc33d67,Spotify,"Spotify Data API for Millions of songs & podcasts, artists, albums, playlists and more.",Search,https://spotify23.p.rapidapi.com/search/,"[{'name': 'q', 'type': 'STRING', 'description': 'Search query', 'default': ''}, {'name': 'type', 'type': 'STRING', 'description': '`multi` or one of these:\n\n- albums\n- artists\n- episodes\n- genres\n- playlists\n- podcasts\n- tracks\n- users', 'default': 'multi'}]","{'albums': {'totalCount': 0, 'items': []}, 'artists': {'totalCount': 0, 'items': []}, 'episodes': {'totalCount': 0, 'items': []}, 'genres': {'totalCount': 0, 'items': []}, 'playlists': {'totalCount': 0, 'items': []}, 'podcasts': {'totalCount': 0, 'items': []}, 'topResults': {'items': [], 'featured': []}, 'tracks': {'totalCount': 0, 'items': []}, 'users': {'totalCount': 0, 'items': []}}",Search,https://spotify23.p.rapidapi.com/search/,3363fc82305d6113cf5f55d0a5e78d2235d1a24fb1061eccf194be757cb810e4